model,game_type,context,variation,persona,action,action_label,decision_value,numeric_decision,is_prosocial,option_order_swapped,scenario_id,source_file,source_row_index,raw_action,raw_action_label,raw_record_sha256
llama3.2:1b,beauty_contest,game_show,8,generic,action_a,submit_guess,50,50,,,beauty_contest_game_show_var_8,results/evaluations/results_llama3.2_1b.csv,295,action_a,submit_guess,8a22fbec8f10350df020a7713998edf88f44deff2bda9421364da61630f363ea
llama3.2:1b,chicken,abstract_game_theory,0,emotional,action_a,yield,action_a,,1,False,chicken_abstract_game_theory_var_0,results/evaluations/results_llama3.2_1b.csv,453,action_a,yield,baa932c378a0d2661a8f191ff0e2f80eb7f3236bae2cf7cd26a3e44f6910dea8
llama3.2:1b,chicken,abstract_game_theory,0,generic,action_a,yield,action_a,,1,False,chicken_abstract_game_theory_var_0,results/evaluations/results_llama3.2_1b.csv,451,action_a,yield,c47ad874337d490c768714b9a98f2e549e7c5e1503f00fafe98e23b25d7ae02c
llama3.2:1b,chicken,abstract_game_theory,0,rational,action_a,yield,action_a,,1,False,chicken_abstract_game_theory_var_0,results/evaluations/results_llama3.2_1b.csv,452,action_a,yield,1f4ed648b7fd1059b5e6b40950f15372e00f0ee9cd13bf5262d69ea0d3fba252
llama3.2:1b,chicken,abstract_game_theory,1,emotional,action_b,escalate,action_a,,0,True,chicken_abstract_game_theory_var_1,results/evaluations/results_llama3.2_1b.csv,456,action_b,escalate,f97f95029f13c4fda24141edcdd4550bcc008fa7bad4ae264635acd097b5f1b7
llama3.2:1b,chicken,abstract_game_theory,1,generic,action_b,escalate,action_a,,0,True,chicken_abstract_game_theory_var_1,results/evaluations/results_llama3.2_1b.csv,454,action_b,escalate,2810ec482034277799ef532719244f035d26adbb5ed8fb857067ec08cf19f3e9
llama3.2:1b,chicken,abstract_game_theory,1,rational,action_b,escalate,action_a,,0,True,chicken_abstract_game_theory_var_1,results/evaluations/results_llama3.2_1b.csv,455,action_b,escalate,ffc4e4b5e4553684142183d2beafc69d502b72cd0ef411b55e7a089d0a524b27
llama3.2:1b,chicken,abstract_game_theory,10,emotional,action_a,yield,action_a,,1,False,chicken_abstract_game_theory_var_10,results/evaluations/results_llama3.2_1b.csv,483,action_a,yield,6ea9626a5b7e48605d652098d1c43460c611f3f090e2c3e07f0e143dd2694f32
llama3.2:1b,chicken,abstract_game_theory,10,generic,action_a,yield,action_a,,1,False,chicken_abstract_game_theory_var_10,results/evaluations/results_llama3.2_1b.csv,481,action_a,yield,1f2383f6d62f69e3fbf4d391fe1f88cd1e70d03484881f4b3f1aefd979cfc2b3
llama3.2:1b,chicken,abstract_game_theory,10,rational,action_a,yield,action_a,,1,False,chicken_abstract_game_theory_var_10,results/evaluations/results_llama3.2_1b.csv,482,action_a,yield,8e767ac49e25be86504c61128954baabc99b92da14bdfb9e27feb5ae9d11580e
llama3.2:1b,chicken,abstract_game_theory,11,emotional,action_b,escalate,action_a,,0,True,chicken_abstract_game_theory_var_11,results/evaluations/results_llama3.2_1b.csv,486,action_b,escalate,8b9a83c066df543eab1444e77c81bde894bcac00fdb52960fe0bfc2796e15a06
llama3.2:1b,chicken,abstract_game_theory,11,generic,action_b,escalate,action_a,,0,True,chicken_abstract_game_theory_var_11,results/evaluations/results_llama3.2_1b.csv,484,action_b,escalate,a58c6b6ce538c88a6173f852d2fa460302d765aeed9686b5391551934acf41c9
llama3.2:1b,chicken,abstract_game_theory,11,rational,action_b,escalate,action_a,,0,True,chicken_abstract_game_theory_var_11,results/evaluations/results_llama3.2_1b.csv,485,action_b,escalate,55c5f0fbc74150836b73d530aa31ac01975d581d811475930b031b95403bb2d9
llama3.2:1b,chicken,abstract_game_theory,12,emotional,action_a,yield,action_a,,1,False,chicken_abstract_game_theory_var_12,results/evaluations/results_llama3.2_1b.csv,489,action_a,yield,089b9a6c891e505b40d610f365fb592c84470cc1a75b0aab9f885ea88b2a4a12
llama3.2:1b,chicken,abstract_game_theory,12,generic,action_a,yield,action_a,,1,False,chicken_abstract_game_theory_var_12,results/evaluations/results_llama3.2_1b.csv,487,action_a,yield,5eba6c441e5310af8fdaf90dbfaa8d45953c8f7bd839ccd0a0a3aed54290d860
llama3.2:1b,chicken,abstract_game_theory,12,rational,action_a,yield,action_a,,1,False,chicken_abstract_game_theory_var_12,results/evaluations/results_llama3.2_1b.csv,488,action_a,yield,fed025be442db78afe645e5bd86c9e58bbf495ea661ae61adc2d6dc9bb0f2ffe
llama3.2:1b,chicken,abstract_game_theory,13,emotional,action_b,escalate,action_a,,0,True,chicken_abstract_game_theory_var_13,results/evaluations/results_llama3.2_1b.csv,492,action_b,escalate,5a8a88d6cc7b678025b5a308514a96e44da8534d07d3e8c248956962b122a0fe
llama3.2:1b,chicken,abstract_game_theory,13,generic,action_b,escalate,action_a,,0,True,chicken_abstract_game_theory_var_13,results/evaluations/results_llama3.2_1b.csv,490,action_b,escalate,6ba69f57f4b6948b40cda41e6657dd20bbabe0530f4093261b38922a0879d6fc
llama3.2:1b,chicken,abstract_game_theory,13,rational,action_b,escalate,action_a,,0,True,chicken_abstract_game_theory_var_13,results/evaluations/results_llama3.2_1b.csv,491,action_b,escalate,3b83816f48b0af5318998f5d886ea90d130ce571ca9c0e683ee7711a2aa3f5d4
llama3.2:1b,chicken,abstract_game_theory,14,emotional,action_a,yield,action_a,,1,False,chicken_abstract_game_theory_var_14,results/evaluations/results_llama3.2_1b.csv,495,action_a,yield,6e6b1e2f9ce9666ccea5132e91d8acc20af87818598142c90a069fab92aead22
llama3.2:1b,chicken,abstract_game_theory,14,generic,action_a,yield,action_a,,1,False,chicken_abstract_game_theory_var_14,results/evaluations/results_llama3.2_1b.csv,493,action_a,yield,ce6f605998452f635789b902e9829d2c5507b92bc6db00ff8c00d19b98674d46
llama3.2:1b,chicken,abstract_game_theory,14,rational,action_a,yield,action_a,,1,False,chicken_abstract_game_theory_var_14,results/evaluations/results_llama3.2_1b.csv,494,action_a,yield,9752db185f1bfcc3bfb08d9fce3d01951e6baa991788fdff611885de7279a28d
llama3.2:1b,chicken,abstract_game_theory,15,emotional,action_b,escalate,action_a,,0,True,chicken_abstract_game_theory_var_15,results/evaluations/results_llama3.2_1b.csv,498,action_b,escalate,11c192afc0942e4e626a877374e434b0d5ec6d798443bfc565b42867543133c7
llama3.2:1b,chicken,abstract_game_theory,15,generic,action_b,escalate,action_a,,0,True,chicken_abstract_game_theory_var_15,results/evaluations/results_llama3.2_1b.csv,496,action_b,escalate,ec7b0a8314bdbd6d90c3e75c9c2b0d77cf63b97e5970aef7a9dfcf63ce8ceafa
llama3.2:1b,chicken,abstract_game_theory,15,rational,action_b,escalate,action_a,,0,True,chicken_abstract_game_theory_var_15,results/evaluations/results_llama3.2_1b.csv,497,action_b,escalate,08677eae3303db5267edbfa844a2acf057e21421a236b0bebbf1ff538b7df9d7
llama3.2:1b,chicken,abstract_game_theory,16,emotional,action_a,yield,action_a,,1,False,chicken_abstract_game_theory_var_16,results/evaluations/results_llama3.2_1b.csv,501,action_a,yield,86efbaa89d4cdcfcb0d335b9b0156bfccc5b69e7f8c4304ac4fbada48a7c0b38
llama3.2:1b,chicken,abstract_game_theory,16,generic,action_a,yield,action_a,,1,False,chicken_abstract_game_theory_var_16,results/evaluations/results_llama3.2_1b.csv,499,action_a,yield,845d8975092552ee21265ab682485c3c39e6a8c187df029a6ce5e2d1257c104a
llama3.2:1b,chicken,abstract_game_theory,16,rational,action_a,yield,action_a,,1,False,chicken_abstract_game_theory_var_16,results/evaluations/results_llama3.2_1b.csv,500,action_a,yield,dfda51fcf08e945457cfa0acb3dc59951243d43fb0d2a1902152214b2a94b07e
llama3.2:1b,chicken,abstract_game_theory,17,emotional,action_b,escalate,action_a,,0,True,chicken_abstract_game_theory_var_17,results/evaluations/results_llama3.2_1b.csv,504,action_b,escalate,8d153384597b42d3bcc3881307e26b38b812d4a97ccfd7287ed6c7ea6c73f90f
llama3.2:1b,chicken,abstract_game_theory,17,generic,action_b,escalate,action_a,,0,True,chicken_abstract_game_theory_var_17,results/evaluations/results_llama3.2_1b.csv,502,action_b,escalate,acbdd0e0a88e64507e4f96f590cadb264988cc468e461e7bbcf49b79375a22e3
llama3.2:1b,chicken,abstract_game_theory,17,rational,action_b,escalate,action_a,,0,True,chicken_abstract_game_theory_var_17,results/evaluations/results_llama3.2_1b.csv,503,action_b,escalate,49e72832c941e39091584036158b7599e6e17847f8a527596aaadf99166ffcea
llama3.2:1b,chicken,abstract_game_theory,18,emotional,action_a,yield,action_a,,1,False,chicken_abstract_game_theory_var_18,results/evaluations/results_llama3.2_1b.csv,507,action_a,yield,8417013a406ddf6c7a06283840f87fc0614b278c78457cd5ddfc78341208b796
llama3.2:1b,chicken,abstract_game_theory,18,generic,action_a,yield,action_a,,1,False,chicken_abstract_game_theory_var_18,results/evaluations/results_llama3.2_1b.csv,505,action_a,yield,93e82ad7ebfa4db96676ff8a80ad5a79a0e1dc98ca01d58ffb24f5e3622d0406
llama3.2:1b,chicken,abstract_game_theory,18,rational,action_a,yield,action_a,,1,False,chicken_abstract_game_theory_var_18,results/evaluations/results_llama3.2_1b.csv,506,action_a,yield,b749ec1dd5968b54d8f5788895156f1c48387b8c8fa01cd7c8cb5419f659c12e
llama3.2:1b,chicken,abstract_game_theory,19,emotional,action_b,escalate,action_a,,0,True,chicken_abstract_game_theory_var_19,results/evaluations/results_llama3.2_1b.csv,510,action_b,escalate,cae6d5bf7d5ae0e7d013adffe7054e4a1c31fe3e5e65b66731270d336d60b1c7
llama3.2:1b,chicken,abstract_game_theory,19,generic,action_b,escalate,action_a,,0,True,chicken_abstract_game_theory_var_19,results/evaluations/results_llama3.2_1b.csv,508,action_b,escalate,585bdda7260deae447fd23d729865a69398164b29e30b5d96de9e246e679de40
llama3.2:1b,chicken,abstract_game_theory,19,rational,action_b,escalate,action_a,,0,True,chicken_abstract_game_theory_var_19,results/evaluations/results_llama3.2_1b.csv,509,action_b,escalate,2ecf33c6b66a5fbcdae92fdb25cc33426dfb4350cfec7bc2ffee3ebf3c8deb72
llama3.2:1b,chicken,abstract_game_theory,2,emotional,action_a,yield,action_a,,1,False,chicken_abstract_game_theory_var_2,results/evaluations/results_llama3.2_1b.csv,459,action_a,yield,f0f51262a7b472f1ac3e64858dece65f0c8ea3f15eaf6632e61c7da8f76926f7
llama3.2:1b,chicken,abstract_game_theory,2,generic,action_a,yield,action_a,,1,False,chicken_abstract_game_theory_var_2,results/evaluations/results_llama3.2_1b.csv,457,action_a,yield,dd0a205b7a9a715a930a2e3e57092bf1b9d5df6b6a86307c7c55336c46e4b289
llama3.2:1b,chicken,abstract_game_theory,2,rational,action_a,yield,action_a,,1,False,chicken_abstract_game_theory_var_2,results/evaluations/results_llama3.2_1b.csv,458,action_a,yield,5531e87eb0eda699206133aada28c10315ecd8e6b5346bf77b490151e7c79d4f
llama3.2:1b,chicken,abstract_game_theory,20,emotional,action_a,yield,action_a,,1,False,chicken_abstract_game_theory_var_20,results/evaluations/results_llama3.2_1b.csv,513,action_a,yield,7ef57ac7c18f1efc6636f5a34c9c75c5f594523b34c195fdd115255130699dc6
llama3.2:1b,chicken,abstract_game_theory,20,generic,action_a,yield,action_a,,1,False,chicken_abstract_game_theory_var_20,results/evaluations/results_llama3.2_1b.csv,511,action_a,yield,44ba619a8ca658b74c2eab894f0a2ff8df0721f1776507db3263639fe2567497
llama3.2:1b,chicken,abstract_game_theory,20,rational,action_a,yield,action_a,,1,False,chicken_abstract_game_theory_var_20,results/evaluations/results_llama3.2_1b.csv,512,action_a,yield,4690ddcd68fe76f952e2f8c82ffd3758b59e02d46db5f53b9b6cc1c300a48dc6
llama3.2:1b,chicken,abstract_game_theory,21,emotional,action_b,escalate,action_a,,0,True,chicken_abstract_game_theory_var_21,results/evaluations/results_llama3.2_1b.csv,516,action_b,escalate,49aa6719f90ce8e587d9a0c4655ec5134816446d714b312f179165c48e709142
llama3.2:1b,chicken,abstract_game_theory,21,generic,action_b,escalate,action_a,,0,True,chicken_abstract_game_theory_var_21,results/evaluations/results_llama3.2_1b.csv,514,action_b,escalate,78ef9da2c9eb5c56eea08cfa523ae6ddb29ce26f6a5bc59d648335db057ba6a5
llama3.2:1b,chicken,abstract_game_theory,21,rational,action_b,escalate,action_a,,0,True,chicken_abstract_game_theory_var_21,results/evaluations/results_llama3.2_1b.csv,515,action_b,escalate,ba2c681f3630d4ab6e4757ec9579e517be8e04ab2e97c5faa2af7adf339f3125
llama3.2:1b,chicken,abstract_game_theory,22,emotional,action_a,yield,action_a,,1,False,chicken_abstract_game_theory_var_22,results/evaluations/results_llama3.2_1b.csv,519,action_a,yield,87434abf0435fa71eee45f4afd14eb1ff231f3ff33a155c692d0a3ff094d2abd
llama3.2:1b,chicken,abstract_game_theory,22,generic,action_a,yield,action_a,,1,False,chicken_abstract_game_theory_var_22,results/evaluations/results_llama3.2_1b.csv,517,action_a,yield,1de51603ee35cad431faa7b83c2fb9a0eb44af0b40d63d0901cfc5491337ffdb
llama3.2:1b,chicken,abstract_game_theory,22,rational,action_a,yield,action_a,,1,False,chicken_abstract_game_theory_var_22,results/evaluations/results_llama3.2_1b.csv,518,action_a,yield,a727a37a10db50f7f4c20865aca27f272a8f44acf55916c3383bfd7d00a6e841
llama3.2:1b,chicken,abstract_game_theory,23,emotional,action_b,escalate,action_a,,0,True,chicken_abstract_game_theory_var_23,results/evaluations/results_llama3.2_1b.csv,522,action_b,escalate,c9de366b79e7f4117b77b459c3e39805e4b751d833cbdd2e0770accb0b317c14
llama3.2:1b,chicken,abstract_game_theory,23,generic,action_b,escalate,action_a,,0,True,chicken_abstract_game_theory_var_23,results/evaluations/results_llama3.2_1b.csv,520,action_b,escalate,a1ef23dd5e6c01400c88a0edaef158500538853bec117579b6d742c919f31b7e
llama3.2:1b,chicken,abstract_game_theory,23,rational,action_b,escalate,action_a,,0,True,chicken_abstract_game_theory_var_23,results/evaluations/results_llama3.2_1b.csv,521,action_b,escalate,03fe9fad6f7190e01acb716c46522a9fa7ffdcc15707762e3d4d56ee2757e40e
llama3.2:1b,chicken,abstract_game_theory,24,emotional,action_a,yield,action_a,,1,False,chicken_abstract_game_theory_var_24,results/evaluations/results_llama3.2_1b.csv,525,action_a,yield,89d418c971e6bd0bee8fd67eb0668de236481b5470d906569b2269a9787a7c77
llama3.2:1b,chicken,abstract_game_theory,24,generic,action_a,yield,action_a,,1,False,chicken_abstract_game_theory_var_24,results/evaluations/results_llama3.2_1b.csv,523,action_a,yield,f668566feaa8aa05bacb8baeed9c06e2ce309b88caff96141f550744e85c6f93
llama3.2:1b,chicken,abstract_game_theory,24,rational,action_a,yield,action_a,,1,False,chicken_abstract_game_theory_var_24,results/evaluations/results_llama3.2_1b.csv,524,action_a,yield,b71a610ac2634e5377affd586de9fbc4a561ec039ed7f301e1ebcfc8c73be7ab
llama3.2:1b,chicken,abstract_game_theory,25,emotional,action_b,escalate,action_a,,0,True,chicken_abstract_game_theory_var_25,results/evaluations/results_llama3.2_1b.csv,528,action_b,escalate,2aaabe1f05759ef39bc44d3e40e03aa1a4d41f162f6352910e4b7913a7e4c5a5
llama3.2:1b,chicken,abstract_game_theory,25,generic,action_b,escalate,action_a,,0,True,chicken_abstract_game_theory_var_25,results/evaluations/results_llama3.2_1b.csv,526,action_b,escalate,b5da1c9b702987db75d03fe863efefe8bca2bffed26b270f7e813e8c109318d8
llama3.2:1b,chicken,abstract_game_theory,25,rational,action_b,escalate,action_a,,0,True,chicken_abstract_game_theory_var_25,results/evaluations/results_llama3.2_1b.csv,527,action_b,escalate,debd589e7c7b3ca3d121368e5cdac7f683e1bcc26cf4ab1a174b25e73b89cedf
llama3.2:1b,chicken,abstract_game_theory,26,emotional,action_a,yield,action_a,,1,False,chicken_abstract_game_theory_var_26,results/evaluations/results_llama3.2_1b.csv,531,action_a,yield,7eff23b821d4ae911ba0ae08aad64575b246e846a41595c1a4d9e0314e624e87
llama3.2:1b,chicken,abstract_game_theory,26,generic,action_a,yield,action_a,,1,False,chicken_abstract_game_theory_var_26,results/evaluations/results_llama3.2_1b.csv,529,action_a,yield,6210535d5605c24e98ca4a757bd85e9778bb654a427d305550df22120b457980
llama3.2:1b,chicken,abstract_game_theory,26,rational,action_a,yield,action_a,,1,False,chicken_abstract_game_theory_var_26,results/evaluations/results_llama3.2_1b.csv,530,action_a,yield,694e103a20f17d1c8e7966585d72169643b64ea62014c32bd1301205d1e52b62
llama3.2:1b,chicken,abstract_game_theory,27,emotional,action_b,escalate,action_a,,0,True,chicken_abstract_game_theory_var_27,results/evaluations/results_llama3.2_1b.csv,534,action_b,escalate,2be1321715a9ad01d7c2751fe0017699ccba57d6872d830c934113be074c2c84
llama3.2:1b,chicken,abstract_game_theory,27,generic,action_b,escalate,action_a,,0,True,chicken_abstract_game_theory_var_27,results/evaluations/results_llama3.2_1b.csv,532,action_b,escalate,638de17e540ad8b56eef2f6589a1056a46a0e9902d34dc3c5cfd00b20be08786
llama3.2:1b,chicken,abstract_game_theory,27,rational,action_b,escalate,action_a,,0,True,chicken_abstract_game_theory_var_27,results/evaluations/results_llama3.2_1b.csv,533,action_b,escalate,0872fc6c37eb35c7df9ca87fad754f74c9e39111310c1fefd7ae00826bcedd71
llama3.2:1b,chicken,abstract_game_theory,28,emotional,action_a,yield,action_a,,1,False,chicken_abstract_game_theory_var_28,results/evaluations/results_llama3.2_1b.csv,537,action_a,yield,72888da92cdb5e04037a61c30771eb684b3d505a342abc67ae6487015915fbec
llama3.2:1b,chicken,abstract_game_theory,28,generic,action_a,yield,action_a,,1,False,chicken_abstract_game_theory_var_28,results/evaluations/results_llama3.2_1b.csv,535,action_a,yield,f826f667964f770f6a6090fff227de113ec41acbb1827fb981c304131d3ceb78
llama3.2:1b,chicken,abstract_game_theory,28,rational,action_a,yield,action_a,,1,False,chicken_abstract_game_theory_var_28,results/evaluations/results_llama3.2_1b.csv,536,action_a,yield,111f0020c6fa2d2488b6485c091143489f6f373306b01c98e2c72abfa95cdba7
llama3.2:1b,chicken,abstract_game_theory,29,emotional,action_b,escalate,action_a,,0,True,chicken_abstract_game_theory_var_29,results/evaluations/results_llama3.2_1b.csv,540,action_b,escalate,8be61325cebb71a74f3c2437fc3067d7a53ec48702e13abc4992d6f3fbf7a05f
llama3.2:1b,chicken,abstract_game_theory,29,generic,action_b,escalate,action_a,,0,True,chicken_abstract_game_theory_var_29,results/evaluations/results_llama3.2_1b.csv,538,action_b,escalate,1e4151250082dfaadc600b2afd61aaf4d4a38024b750409bd5621be163902b54
llama3.2:1b,chicken,abstract_game_theory,29,rational,action_b,escalate,action_a,,0,True,chicken_abstract_game_theory_var_29,results/evaluations/results_llama3.2_1b.csv,539,action_b,escalate,013c4a30cef7cb2a8bbc68b7449e2210aa30e380e24be2696787c43207fc7b28
llama3.2:1b,chicken,abstract_game_theory,3,emotional,action_b,escalate,action_a,,0,True,chicken_abstract_game_theory_var_3,results/evaluations/results_llama3.2_1b.csv,462,action_b,escalate,e7f448321429725e776b15321c66dc54b07e24069cc7789cdab3653347e3f170
llama3.2:1b,chicken,abstract_game_theory,3,generic,action_b,escalate,action_a,,0,True,chicken_abstract_game_theory_var_3,results/evaluations/results_llama3.2_1b.csv,460,action_b,escalate,ba1d6a7f2a9c01fe4b5d271c4a340e29c7d596cc7447712c45a78e1c73056006
llama3.2:1b,chicken,abstract_game_theory,3,rational,action_b,escalate,action_a,,0,True,chicken_abstract_game_theory_var_3,results/evaluations/results_llama3.2_1b.csv,461,action_b,escalate,bcb06d8330253f58743a4f0079309114a8c1e303cda17c926fd3cc7537e0f674
llama3.2:1b,chicken,abstract_game_theory,4,emotional,action_a,yield,action_a,,1,False,chicken_abstract_game_theory_var_4,results/evaluations/results_llama3.2_1b.csv,465,action_a,yield,86f071d0f27bf9f5fb01f220e8053368394547103dd4a8d4d06f24ecdefd4e26
llama3.2:1b,chicken,abstract_game_theory,4,generic,action_a,yield,action_a,,1,False,chicken_abstract_game_theory_var_4,results/evaluations/results_llama3.2_1b.csv,463,action_a,yield,2fab56a45782eb06c661c4460020f4f0e077113c5833ddea5580b5a04e34bd93
llama3.2:1b,chicken,abstract_game_theory,4,rational,action_a,yield,action_a,,1,False,chicken_abstract_game_theory_var_4,results/evaluations/results_llama3.2_1b.csv,464,action_a,yield,00875cf54bb28c6b842114af5ccd8e1e6ac786a6c54759289c9ed2d03539ec04
llama3.2:1b,chicken,abstract_game_theory,5,emotional,action_b,escalate,action_a,,0,True,chicken_abstract_game_theory_var_5,results/evaluations/results_llama3.2_1b.csv,468,action_b,escalate,22164015898e837f1fd40d570f6c9ad89dbcf8371507466933b265124907168f
llama3.2:1b,chicken,abstract_game_theory,5,generic,action_b,escalate,action_a,,0,True,chicken_abstract_game_theory_var_5,results/evaluations/results_llama3.2_1b.csv,466,action_b,escalate,e002ddea72a6ea6c8e7be104591a7433ca72371daf955a58844497470dfc5a6c
llama3.2:1b,chicken,abstract_game_theory,5,rational,action_b,escalate,action_a,,0,True,chicken_abstract_game_theory_var_5,results/evaluations/results_llama3.2_1b.csv,467,action_b,escalate,6a85060b13e7834718b8ffe7593560679f55ad6305e125988625995672c4aef6
llama3.2:1b,chicken,abstract_game_theory,6,emotional,action_a,yield,action_a,,1,False,chicken_abstract_game_theory_var_6,results/evaluations/results_llama3.2_1b.csv,471,action_a,yield,fbb9135942eba124fc6a7840aa573109e6016bf668c7ed19aafa81e9e1f7ded5
llama3.2:1b,chicken,abstract_game_theory,6,generic,action_a,yield,action_a,,1,False,chicken_abstract_game_theory_var_6,results/evaluations/results_llama3.2_1b.csv,469,action_a,yield,0864f9010aab38bd318c7aed6aacb6a4e74625bbcb221b9a8391965884c8b7da
llama3.2:1b,chicken,abstract_game_theory,6,rational,action_a,yield,action_a,,1,False,chicken_abstract_game_theory_var_6,results/evaluations/results_llama3.2_1b.csv,470,action_a,yield,e6293cf53b9cbdc40cad6c15d87be810852ba53ac2034b0e03019f38aadd7ee7
llama3.2:1b,chicken,abstract_game_theory,7,emotional,action_b,escalate,action_a,,0,True,chicken_abstract_game_theory_var_7,results/evaluations/results_llama3.2_1b.csv,474,action_b,escalate,845c59221944e86097168df370627fd0cadb10c86d33fea9ce1cbba3763806a3
llama3.2:1b,chicken,abstract_game_theory,7,generic,action_b,escalate,action_a,,0,True,chicken_abstract_game_theory_var_7,results/evaluations/results_llama3.2_1b.csv,472,action_b,escalate,4515dc9139998968efd7551c502d6628ca9fb65c198418c3efbc9fd938abd221
llama3.2:1b,chicken,abstract_game_theory,7,rational,action_b,escalate,action_a,,0,True,chicken_abstract_game_theory_var_7,results/evaluations/results_llama3.2_1b.csv,473,action_b,escalate,5fe672d7534f640df25bfdf43dfb33862712415ec946b5e8b9caa04182710f50
llama3.2:1b,chicken,abstract_game_theory,8,emotional,action_a,yield,action_a,,1,False,chicken_abstract_game_theory_var_8,results/evaluations/results_llama3.2_1b.csv,477,action_a,yield,4a7510043fc998392adcf965d462a1f097289415952184a386f3c9ce07df18cf
llama3.2:1b,chicken,abstract_game_theory,8,generic,action_a,yield,action_a,,1,False,chicken_abstract_game_theory_var_8,results/evaluations/results_llama3.2_1b.csv,475,action_a,yield,15da60ff2524834524ab42c26320e82a11fd6d10db5c4cb6a73a09b2cb7bdd5d
llama3.2:1b,chicken,abstract_game_theory,8,rational,action_a,yield,action_a,,1,False,chicken_abstract_game_theory_var_8,results/evaluations/results_llama3.2_1b.csv,476,action_a,yield,dfcc5edd1bbca8a8be89321f55597553c97fa590c76e0eb3b312dec1937eae5d
llama3.2:1b,chicken,abstract_game_theory,9,emotional,action_b,escalate,action_a,,0,True,chicken_abstract_game_theory_var_9,results/evaluations/results_llama3.2_1b.csv,480,action_b,escalate,baaa83b40a8840a02bd0ec8e05b2774bb96fa389772cd6916a089c0bb55dce46
llama3.2:1b,chicken,abstract_game_theory,9,generic,action_b,escalate,action_a,,0,True,chicken_abstract_game_theory_var_9,results/evaluations/results_llama3.2_1b.csv,478,action_b,escalate,502872f321e780557918ed889ed3568e200d3952ffe38b52da287aeb3bdc5061
llama3.2:1b,chicken,abstract_game_theory,9,rational,action_b,escalate,action_a,,0,True,chicken_abstract_game_theory_var_9,results/evaluations/results_llama3.2_1b.csv,479,action_b,escalate,a340b01c27fe6e06d17f81d4e54a6f27ac3113dd28fd9db81ace140d14cd7de9
llama3.2:1b,chicken,business,0,emotional,action_a,yield,action_a,,1,False,chicken_business_var_0,results/evaluations/results_llama3.2_1b.csv,543,action_a,yield,e3111e76a9a7025932c48c6d90fbcf6e68c3ca99fe46e7f14ab1637f195e8eb6
llama3.2:1b,chicken,business,0,generic,action_a,yield,action_a,,1,False,chicken_business_var_0,results/evaluations/results_llama3.2_1b.csv,541,action_a,yield,1e8228eb9b3952b6c9ab394718cd5cfc3a3bf38c470c4a954b8889d03af2d1ad
llama3.2:1b,chicken,business,0,rational,action_a,yield,action_a,,1,False,chicken_business_var_0,results/evaluations/results_llama3.2_1b.csv,542,action_a,yield,d963f53f27385b32a40b73d0cfc221286706cc2de05cb9a87df40828ba1469b7
llama3.2:1b,chicken,business,1,emotional,action_b,escalate,action_a,,0,True,chicken_business_var_1,results/evaluations/results_llama3.2_1b.csv,546,action_b,escalate,d60b8d98932477579e175b7db6906e6b50e3d6a576c2aaf76fa439c53c01f4d8
llama3.2:1b,chicken,business,1,generic,action_b,escalate,action_a,,0,True,chicken_business_var_1,results/evaluations/results_llama3.2_1b.csv,544,action_b,escalate,4da39a45fd113318523c918d828723035e5e32fd9908bf3bf59c399f7bad60c0
llama3.2:1b,chicken,business,1,rational,action_b,escalate,action_a,,0,True,chicken_business_var_1,results/evaluations/results_llama3.2_1b.csv,545,action_b,escalate,0c5b0264142fd3ef81922193ca5e9e16dd131da06d95b7cebab0fe3311cd9f40
llama3.2:1b,chicken,business,10,emotional,action_a,yield,action_a,,1,False,chicken_business_var_10,results/evaluations/results_llama3.2_1b.csv,573,action_a,yield,a95a409a0ba15a0440f9ff357c9ebcb78a681c9dd4d868d695cfb6ffe4c4eab7
llama3.2:1b,chicken,business,10,generic,action_a,yield,action_a,,1,False,chicken_business_var_10,results/evaluations/results_llama3.2_1b.csv,571,action_a,yield,dd64b2aaa6f2f1ee7b0ce9d46b159ae1b9eab0a369638c9f6cc7f30156cf4083
llama3.2:1b,chicken,business,10,rational,action_a,yield,action_a,,1,False,chicken_business_var_10,results/evaluations/results_llama3.2_1b.csv,572,action_a,yield,07bcdda65469586c6d19df85642d2e91287ff735f2b2d76ff40881c657e6bae4
llama3.2:1b,chicken,business,11,emotional,action_b,escalate,action_a,,0,True,chicken_business_var_11,results/evaluations/results_llama3.2_1b.csv,576,action_b,escalate,12dc4d2740d60d6d7211283defc3d0e8757e1819cb6bad81969fc3fe1ca94fdc
llama3.2:1b,chicken,business,11,generic,action_b,escalate,action_a,,0,True,chicken_business_var_11,results/evaluations/results_llama3.2_1b.csv,574,action_b,escalate,26763857c20278d09a9268a47c76bf7acfb65ba00d41f0126c46785e0413da0e
llama3.2:1b,chicken,business,11,rational,action_b,escalate,action_a,,0,True,chicken_business_var_11,results/evaluations/results_llama3.2_1b.csv,575,action_b,escalate,ee0ef96ffb5e173601284cf8238974d7bc3a2ce0f6dde3fab7d9f9ee4076c6bd
llama3.2:1b,chicken,business,12,emotional,action_a,yield,action_a,,1,False,chicken_business_var_12,results/evaluations/results_llama3.2_1b.csv,579,action_a,yield,c90275063228f74fbab98c65bb7071c41322a1fb0767a63afdb819483d2f9624
llama3.2:1b,chicken,business,12,generic,action_a,yield,action_a,,1,False,chicken_business_var_12,results/evaluations/results_llama3.2_1b.csv,577,action_a,yield,ef69e0ff0fea305fe2fa52a9f4b73c6176039f69386eb8874329c53647734931
llama3.2:1b,chicken,business,12,rational,action_a,yield,action_a,,1,False,chicken_business_var_12,results/evaluations/results_llama3.2_1b.csv,578,action_a,yield,26fee895716badb845c79df5a9e0832a6a6ac6aa4365351e9672f3e6e500a504
llama3.2:1b,chicken,business,13,emotional,action_b,escalate,action_a,,0,True,chicken_business_var_13,results/evaluations/results_llama3.2_1b.csv,582,action_b,escalate,966c1cb75c1caa2df74d4b9ac5af1bb809e20c213a622c14410e275e24d4cfe7
llama3.2:1b,chicken,business,13,generic,action_b,escalate,action_a,,0,True,chicken_business_var_13,results/evaluations/results_llama3.2_1b.csv,580,action_b,escalate,ccbc2a168b674d8a5f81057b98f200c6c66225eb67d62f8318c393e4836ab014
llama3.2:1b,chicken,business,13,rational,action_b,escalate,action_a,,0,True,chicken_business_var_13,results/evaluations/results_llama3.2_1b.csv,581,action_b,escalate,163a7a6f8008234c1fc845269daab8476795da116c8a94440f970779ce588067
llama3.2:1b,chicken,business,14,emotional,action_a,yield,action_a,,1,False,chicken_business_var_14,results/evaluations/results_llama3.2_1b.csv,585,action_a,yield,2f4a756d6323cc30649a3a009241fdfbb8ad04e694e556bdefb66a157c0e2b0d
llama3.2:1b,chicken,business,14,generic,action_a,yield,action_a,,1,False,chicken_business_var_14,results/evaluations/results_llama3.2_1b.csv,583,action_a,yield,107bf4886ec0c32733015eb132ff4ba3c33971ff96f7857b5535e6103012ebd9
llama3.2:1b,chicken,business,14,rational,action_a,yield,action_a,,1,False,chicken_business_var_14,results/evaluations/results_llama3.2_1b.csv,584,action_a,yield,6b1fa6b5a1afadbd7d2464acf09ed6b48f6a5aa8cd5722caddddafd7a3a5ccff
llama3.2:1b,chicken,business,15,emotional,action_b,escalate,action_a,,0,True,chicken_business_var_15,results/evaluations/results_llama3.2_1b.csv,588,action_b,escalate,23bb709f2a69e36bb93fd3c28014986e74dad8244e312e90006b93cd74a92b1d
llama3.2:1b,chicken,business,15,generic,action_b,escalate,action_a,,0,True,chicken_business_var_15,results/evaluations/results_llama3.2_1b.csv,586,action_b,escalate,63d05cc775abd8cc6f3e13f465131a14c43b229868da642f7f536ecd5612300a
llama3.2:1b,chicken,business,15,rational,action_b,escalate,action_a,,0,True,chicken_business_var_15,results/evaluations/results_llama3.2_1b.csv,587,action_b,escalate,5c6da789a4e322a3fd6385202c8e42f2f44bc342962b9a9a0364b27f401594b5
llama3.2:1b,chicken,business,16,emotional,action_a,yield,action_a,,1,False,chicken_business_var_16,results/evaluations/results_llama3.2_1b.csv,591,action_a,yield,720d5d789d44e0ef6efd3bcf028d17d06c9299ffc1e891be9c48e129f29b76c9
llama3.2:1b,chicken,business,16,generic,action_a,yield,action_a,,1,False,chicken_business_var_16,results/evaluations/results_llama3.2_1b.csv,589,action_a,yield,cb3bfba87364b8c1a844fcb857612221443fcd0f1ff7edb466d9539997946873
llama3.2:1b,chicken,business,16,rational,action_a,yield,action_a,,1,False,chicken_business_var_16,results/evaluations/results_llama3.2_1b.csv,590,action_a,yield,ecb3402dcef2a99af2427539b063f858078f40e4153bce4cc97347c91b864e7c
llama3.2:1b,chicken,business,17,emotional,action_b,escalate,action_a,,0,True,chicken_business_var_17,results/evaluations/results_llama3.2_1b.csv,594,action_b,escalate,06b05302a597b53b4532e54097809b864e38f36e294f586fb0aac74357fd592e
llama3.2:1b,chicken,business,17,generic,action_b,escalate,action_a,,0,True,chicken_business_var_17,results/evaluations/results_llama3.2_1b.csv,592,action_b,escalate,70b06ebfa1df250aa9470047283b6ecbf32fc6e3bb5f4e24d96714b7237ce321
llama3.2:1b,chicken,business,17,rational,action_b,escalate,action_a,,0,True,chicken_business_var_17,results/evaluations/results_llama3.2_1b.csv,593,action_b,escalate,fcae5b8e86d875e73f54f97b272a09b272ee731fa1f1b3f200d24a80f4c6432f
llama3.2:1b,chicken,business,18,emotional,action_a,yield,action_a,,1,False,chicken_business_var_18,results/evaluations/results_llama3.2_1b.csv,597,action_a,yield,fbee4ca5751babbea7aca98be974c18c37ecb5bd40b662da724642c9286d3305
llama3.2:1b,chicken,business,18,generic,action_a,yield,action_a,,1,False,chicken_business_var_18,results/evaluations/results_llama3.2_1b.csv,595,action_a,yield,b24f94f73ea8cecd8369966ca6d8108ad4c9a2709c4a4cb942b4ba832f1cb915
llama3.2:1b,chicken,business,18,rational,action_a,yield,action_a,,1,False,chicken_business_var_18,results/evaluations/results_llama3.2_1b.csv,596,action_a,yield,a440c8214e1441d03f2b70e26c8c4bca56c4859d5ff1f392c21f0544d51892d5
llama3.2:1b,chicken,business,19,emotional,action_b,escalate,action_a,,0,True,chicken_business_var_19,results/evaluations/results_llama3.2_1b.csv,600,action_b,escalate,51eeda11a7dad189ee7d530469b8e9f13a0d12e68aa20963c63d7b84c77ed1fd
llama3.2:1b,chicken,business,19,generic,action_b,escalate,action_a,,0,True,chicken_business_var_19,results/evaluations/results_llama3.2_1b.csv,598,action_b,escalate,eae01e54b607daf65a6812a79b2289b52699a5ab73376f68da150e6bc5ccc060
llama3.2:1b,chicken,business,19,rational,action_b,escalate,action_a,,0,True,chicken_business_var_19,results/evaluations/results_llama3.2_1b.csv,599,action_b,escalate,69458ad557783e4c5470b25d758add6699f950e940d5ede8a5cf3ea7a267eb49
llama3.2:1b,chicken,business,2,emotional,action_a,yield,action_a,,1,False,chicken_business_var_2,results/evaluations/results_llama3.2_1b.csv,549,action_a,yield,c7b386532dffd46e3fc2d04dcb77aa9f71619109ae46b1a2861a09391014009b
llama3.2:1b,chicken,business,2,generic,action_a,yield,action_a,,1,False,chicken_business_var_2,results/evaluations/results_llama3.2_1b.csv,547,action_a,yield,895b8543c0c8bee270972dec4b343cc9df0b9d402ff841b60fab6f7fbd4a26d1
llama3.2:1b,chicken,business,2,rational,action_a,yield,action_a,,1,False,chicken_business_var_2,results/evaluations/results_llama3.2_1b.csv,548,action_a,yield,126e6a3be4955c2fd5c10ffba825492583971ac658d34436f21b91b81f6fa578
llama3.2:1b,chicken,business,20,emotional,action_a,yield,action_a,,1,False,chicken_business_var_20,results/evaluations/results_llama3.2_1b.csv,603,action_a,yield,bbd0880c42720cc5ddb8d75d75f667a49aee8410ef3c8a29c358ad906633bf71
llama3.2:1b,chicken,business,20,generic,action_a,yield,action_a,,1,False,chicken_business_var_20,results/evaluations/results_llama3.2_1b.csv,601,action_a,yield,8b5853dd3ba0584c0f976b4add6fd9d593d965a4645c68adc0b81591911b3ac3
llama3.2:1b,chicken,business,20,rational,action_a,yield,action_a,,1,False,chicken_business_var_20,results/evaluations/results_llama3.2_1b.csv,602,action_a,yield,92b4d0f1f084561e4be1aaeaed4e31b65d1f59e12c8c0158b47c54ea8bf21dbc
llama3.2:1b,chicken,business,21,emotional,action_b,escalate,action_a,,0,True,chicken_business_var_21,results/evaluations/results_llama3.2_1b.csv,606,action_b,escalate,6e64e04c0c195392b7d728b85f22f5dc7e6319fc62921b8dae570f16b39eeff7
llama3.2:1b,chicken,business,21,generic,action_b,escalate,action_a,,0,True,chicken_business_var_21,results/evaluations/results_llama3.2_1b.csv,604,action_b,escalate,e587c6f3872f79e82bd6cc551e9b3992d2cc91b62b581d2b334e269ea81a6f42
llama3.2:1b,chicken,business,21,rational,action_b,escalate,action_a,,0,True,chicken_business_var_21,results/evaluations/results_llama3.2_1b.csv,605,action_b,escalate,3c3fe6e43495838bd8746c7afe8bff51f3de971c62fdfb650686db55a6f4134c
llama3.2:1b,chicken,business,22,emotional,action_a,yield,action_a,,1,False,chicken_business_var_22,results/evaluations/results_llama3.2_1b.csv,609,action_a,yield,0645ed83e5744bb7fb8188a837f6f1a1ba4d4adfc7069ffa8e89f067bac6a07c
llama3.2:1b,chicken,business,22,generic,action_a,yield,action_a,,1,False,chicken_business_var_22,results/evaluations/results_llama3.2_1b.csv,607,action_a,yield,cdb958f450f61f588dcf4934eab02103a7aacc0c453f12aa547c8f00e72b8d99
llama3.2:1b,chicken,business,22,rational,action_a,yield,action_a,,1,False,chicken_business_var_22,results/evaluations/results_llama3.2_1b.csv,608,action_a,yield,f7a72a8df56c72e567a957c4d0a1037fe468e7fee38421c17b0780ea360e2dcd
llama3.2:1b,chicken,business,23,emotional,action_b,escalate,action_a,,0,True,chicken_business_var_23,results/evaluations/results_llama3.2_1b.csv,612,action_b,escalate,4da7c52c2df577673150652d52d5a00f62d49d68836b6681ab18496f33e2bb28
llama3.2:1b,chicken,business,23,generic,action_b,escalate,action_a,,0,True,chicken_business_var_23,results/evaluations/results_llama3.2_1b.csv,610,action_b,escalate,f59f717656ebf41fabcc6fff2d6376e7626090b1c5b420b4deb2b628601d357d
llama3.2:1b,chicken,business,23,rational,action_b,escalate,action_a,,0,True,chicken_business_var_23,results/evaluations/results_llama3.2_1b.csv,611,action_b,escalate,5194bf87738ae7bdf202a1102bfaf02ddc5d37569dd2a5c1f447c6157d869265
llama3.2:1b,chicken,business,24,emotional,action_a,yield,action_a,,1,False,chicken_business_var_24,results/evaluations/results_llama3.2_1b.csv,615,action_a,yield,ef8fca806a3e105eb1372880bf63c288c09f2d4918bfb2c0535108db692c6206
llama3.2:1b,chicken,business,24,generic,action_a,yield,action_a,,1,False,chicken_business_var_24,results/evaluations/results_llama3.2_1b.csv,613,action_a,yield,0e0591f8fc7e6cefdbb9cb2dfc96b63e9ee20af286dda72d69639869042754cd
llama3.2:1b,chicken,business,24,rational,action_a,yield,action_a,,1,False,chicken_business_var_24,results/evaluations/results_llama3.2_1b.csv,614,action_a,yield,f73b7e735974b00e79d31e1ce017775c70f0ec953222599d3f59f0819b5cc3bc
llama3.2:1b,chicken,business,25,emotional,action_b,escalate,action_a,,0,True,chicken_business_var_25,results/evaluations/results_llama3.2_1b.csv,618,action_b,escalate,642b9a6ee0eb3a65cd4ac4a6677d0b3f5860c679555ea8546cfb755ece514a4a
llama3.2:1b,chicken,business,25,generic,action_b,escalate,action_a,,0,True,chicken_business_var_25,results/evaluations/results_llama3.2_1b.csv,616,action_b,escalate,e9a75bc2e3bb1352acb19d1c2c3d7a5d42ca868bcbc65a299089ce941aae7c7e
llama3.2:1b,chicken,business,25,rational,action_b,escalate,action_a,,0,True,chicken_business_var_25,results/evaluations/results_llama3.2_1b.csv,617,action_b,escalate,bc6f7ba9a4758b31fefa145189e5c28903cf1c96b5cd20166c42cac09d17fddc
llama3.2:1b,chicken,business,26,emotional,action_a,yield,action_a,,1,False,chicken_business_var_26,results/evaluations/results_llama3.2_1b.csv,621,action_a,yield,db9407371d88ce16ab8a3ce27f5f44e3c0fea5dd729816cda84a8c809f3fc862
llama3.2:1b,chicken,business,26,generic,action_a,yield,action_a,,1,False,chicken_business_var_26,results/evaluations/results_llama3.2_1b.csv,619,action_a,yield,0e7db9bc72ccf37d19bf9b9af0422908cf91bf4c50388d9d7ed1085854158410
llama3.2:1b,chicken,business,26,rational,action_a,yield,action_a,,1,False,chicken_business_var_26,results/evaluations/results_llama3.2_1b.csv,620,action_a,yield,9bc053234090af284169cb66e4e61f2394eaf1cf02084052d7d163fa7efe44fc
llama3.2:1b,chicken,business,27,emotional,action_b,escalate,action_a,,0,True,chicken_business_var_27,results/evaluations/results_llama3.2_1b.csv,624,action_b,escalate,54272df618f098390c7eebfe799eb34541dbe5bd87088177d9e62d85da698129
llama3.2:1b,chicken,business,27,generic,action_b,escalate,action_a,,0,True,chicken_business_var_27,results/evaluations/results_llama3.2_1b.csv,622,action_b,escalate,3334530048fb5e22dc54978a3a5a1abe87c994341c7696a79cc11bb560d9ee84
llama3.2:1b,chicken,business,27,rational,action_b,escalate,action_a,,0,True,chicken_business_var_27,results/evaluations/results_llama3.2_1b.csv,623,action_b,escalate,ceecf9074e501eedf0b7b3b48db5049893be3b60654ee2cbfcbf7c86bf4d3c31
llama3.2:1b,chicken,business,28,emotional,action_a,yield,action_a,,1,False,chicken_business_var_28,results/evaluations/results_llama3.2_1b.csv,627,action_a,yield,4b90a7d7072a663161c84674da6ffcc4d4b8bf861870832c825f6efb027bafb5
llama3.2:1b,chicken,business,28,generic,action_a,yield,action_a,,1,False,chicken_business_var_28,results/evaluations/results_llama3.2_1b.csv,625,action_a,yield,3aab68fa3cd4c6e35821c555dffb275228d7bd21f1e314a506b44a04bfdd382b
llama3.2:1b,chicken,business,28,rational,action_a,yield,action_a,,1,False,chicken_business_var_28,results/evaluations/results_llama3.2_1b.csv,626,action_a,yield,c32bb5c3294ee36c0d206ac490e7dce8aea442304402cf79ef2962a6a18d94f2
llama3.2:1b,chicken,business,29,emotional,action_b,escalate,action_a,,0,True,chicken_business_var_29,results/evaluations/results_llama3.2_1b.csv,630,action_b,escalate,0eeaba4363ca996df3acc8b0287e051493315665bdd6cea6af853abc6b6b0747
llama3.2:1b,chicken,business,29,generic,action_b,escalate,action_a,,0,True,chicken_business_var_29,results/evaluations/results_llama3.2_1b.csv,628,action_b,escalate,c7a601d089fe4fe51a38d5abb3911f85a4daa09bd51ba2d8e90ee2ab8d683d37
llama3.2:1b,chicken,business,29,rational,action_b,escalate,action_a,,0,True,chicken_business_var_29,results/evaluations/results_llama3.2_1b.csv,629,action_b,escalate,63e88eff15c3b2c96376e5d6f5108080ba0b14565d395150988887c71195a997
llama3.2:1b,chicken,business,3,emotional,action_b,escalate,action_a,,0,True,chicken_business_var_3,results/evaluations/results_llama3.2_1b.csv,552,action_b,escalate,2bd5333dc439b6e8643ff4c9095148613b11fd6e74363d6024c777937f56e567
llama3.2:1b,chicken,business,3,generic,action_b,escalate,action_a,,0,True,chicken_business_var_3,results/evaluations/results_llama3.2_1b.csv,550,action_b,escalate,10206b8ea65fbd685136885cfbadc966043cc5ccda519bbe2492f103e1784e60
llama3.2:1b,chicken,business,3,rational,action_b,escalate,action_a,,0,True,chicken_business_var_3,results/evaluations/results_llama3.2_1b.csv,551,action_b,escalate,d9fd2e7dab68ba5ebeb4c3187687de1cbd8ad6ac14b1f42b54a03f8041dcc34f
llama3.2:1b,chicken,business,4,emotional,action_a,yield,action_a,,1,False,chicken_business_var_4,results/evaluations/results_llama3.2_1b.csv,555,action_a,yield,b15011f54daf69e0678dcad0ee400c0e863eda55667f21ef1427e110e7d07f97
llama3.2:1b,chicken,business,4,generic,action_a,yield,action_a,,1,False,chicken_business_var_4,results/evaluations/results_llama3.2_1b.csv,553,action_a,yield,ac7fa555d10e55936788942772b8b30496a7cb116324631176e587bba6c88aaa
llama3.2:1b,chicken,business,4,rational,action_a,yield,action_a,,1,False,chicken_business_var_4,results/evaluations/results_llama3.2_1b.csv,554,action_a,yield,3ddd51777614026cb6ba3be7c3e78fb1e3fa5294374feddca06eb134c02a7635
llama3.2:1b,chicken,business,5,emotional,action_b,escalate,action_a,,0,True,chicken_business_var_5,results/evaluations/results_llama3.2_1b.csv,558,action_b,escalate,ac9aef30b6d6ed30c082f5b4d9ce37feb20073824a452298c56c2eedba0ef861
llama3.2:1b,chicken,business,5,generic,action_b,escalate,action_a,,0,True,chicken_business_var_5,results/evaluations/results_llama3.2_1b.csv,556,action_b,escalate,1dab2d925110f570a720cf1cd889f9fba3d975a705a1e708905ae8ffcb10738b
llama3.2:1b,chicken,business,5,rational,action_b,escalate,action_a,,0,True,chicken_business_var_5,results/evaluations/results_llama3.2_1b.csv,557,action_b,escalate,984b2db8d7c75ce3b39a360c4d5a16b1c02a4cda367b7d27e52a0ff189f5648d
llama3.2:1b,chicken,business,6,emotional,action_a,yield,action_a,,1,False,chicken_business_var_6,results/evaluations/results_llama3.2_1b.csv,561,action_a,yield,30885cf61903cdc0ac4f0252586f70a4ef825344957056b646348cde7f17fd78
llama3.2:1b,chicken,business,6,generic,action_a,yield,action_a,,1,False,chicken_business_var_6,results/evaluations/results_llama3.2_1b.csv,559,action_a,yield,38c69a71c1758cc8dcfe4a8425944ace3bd5f63a3e407bc9c792c7b89bcdde89
llama3.2:1b,chicken,business,6,rational,action_a,yield,action_a,,1,False,chicken_business_var_6,results/evaluations/results_llama3.2_1b.csv,560,action_a,yield,bb28148faad47793b87857cf5b68e983c02592f140227ac5d9fc57ec541c60ef
llama3.2:1b,chicken,business,7,emotional,action_b,escalate,action_a,,0,True,chicken_business_var_7,results/evaluations/results_llama3.2_1b.csv,564,action_b,escalate,0b2e6a00e30dae280cf7c2e5006d7833a5b6ef90aa8f9c2c493bb0215fbfa8de
llama3.2:1b,chicken,business,7,generic,action_b,escalate,action_a,,0,True,chicken_business_var_7,results/evaluations/results_llama3.2_1b.csv,562,action_b,escalate,1266610573de0c3ef0e2d32a92c6dede53dbf40cb4c83a3a005bfd8f28d64baf
llama3.2:1b,chicken,business,7,rational,action_b,escalate,action_a,,0,True,chicken_business_var_7,results/evaluations/results_llama3.2_1b.csv,563,action_b,escalate,58756828367b15484db9d22dcefa8242dc447b588ff050fe7e47b40bbb0159f0
llama3.2:1b,chicken,business,8,emotional,action_a,yield,action_a,,1,False,chicken_business_var_8,results/evaluations/results_llama3.2_1b.csv,567,action_a,yield,5c8ebfbf12e70eb6b4a25fe753e31eb071adf11ce13490d248fb15f8995cb0f4
llama3.2:1b,chicken,business,8,generic,action_a,yield,action_a,,1,False,chicken_business_var_8,results/evaluations/results_llama3.2_1b.csv,565,action_a,yield,fcfcd2239b43857c06f777f92ab5445a7bf8b432409b01887b783612e0351c30
llama3.2:1b,chicken,business,8,rational,action_a,yield,action_a,,1,False,chicken_business_var_8,results/evaluations/results_llama3.2_1b.csv,566,action_a,yield,8ecd1a079d6ad35c7c95d8e0e6dd5e885bb8366131011defc0ff838f85752354
llama3.2:1b,chicken,business,9,emotional,action_b,escalate,action_a,,0,True,chicken_business_var_9,results/evaluations/results_llama3.2_1b.csv,570,action_b,escalate,b3d144a2384d2852a7b46e94591a1fedcad827751fd287bb10548d2c89b0b730
llama3.2:1b,chicken,business,9,generic,action_b,escalate,action_a,,0,True,chicken_business_var_9,results/evaluations/results_llama3.2_1b.csv,568,action_b,escalate,fc0592ace1b0ab3842353ce6dab932df92909d4b49364eb940b2dc0fba637f9d
llama3.2:1b,chicken,business,9,rational,action_b,escalate,action_a,,0,True,chicken_business_var_9,results/evaluations/results_llama3.2_1b.csv,569,action_b,escalate,ca364bdaca26c5e1b6bfba119c758ee2198e27b985ec6baba1ff515a59a24e02
llama3.2:1b,chicken,family fight,0,emotional,action_a,yield,action_a,,1,False,chicken_family fight_var_0,results/evaluations/results_llama3.2_1b.csv,633,action_a,yield,fc3f99a66c897f284918aa441a58d50a532305735c160a223a3dd839424d7a31
llama3.2:1b,chicken,family fight,0,generic,action_a,yield,action_a,,1,False,chicken_family fight_var_0,results/evaluations/results_llama3.2_1b.csv,631,action_a,yield,9ca78b97ea50c7cd88d36adc6ae2a357848e9929ebd483fb656fa6233b1a5c10
llama3.2:1b,chicken,family fight,0,rational,action_a,yield,action_a,,1,False,chicken_family fight_var_0,results/evaluations/results_llama3.2_1b.csv,632,action_a,yield,0989b76ef3a5fc964768f5d2a36ef9ab79ce5e5be2855eb1baa799df92a55d07
llama3.2:1b,chicken,family fight,1,emotional,action_b,escalate,action_a,,0,True,chicken_family fight_var_1,results/evaluations/results_llama3.2_1b.csv,636,action_b,escalate,c30861052febfabf5824fb59bd6a320ddfece3e469f5817d017ff439c0a9fb45
llama3.2:1b,chicken,family fight,1,generic,action_b,escalate,action_a,,0,True,chicken_family fight_var_1,results/evaluations/results_llama3.2_1b.csv,634,action_b,escalate,f54263a9679c9d7018293ca0ce51fa90effa581550b573ca74897b337867238e
llama3.2:1b,chicken,family fight,1,rational,action_b,escalate,action_a,,0,True,chicken_family fight_var_1,results/evaluations/results_llama3.2_1b.csv,635,action_b,escalate,3e96eb9ee2c8f2da6992205126a477c90722dad7148900d709b2773af3576204
llama3.2:1b,chicken,family fight,10,emotional,action_a,yield,action_a,,1,False,chicken_family fight_var_10,results/evaluations/results_llama3.2_1b.csv,663,action_a,yield,6384710585a5d1c88c30ac03e10c665d4b910231e14861b697c5b15e914a44c1
llama3.2:1b,chicken,family fight,10,generic,action_a,yield,action_a,,1,False,chicken_family fight_var_10,results/evaluations/results_llama3.2_1b.csv,661,action_a,yield,b701daf7c0f51c790f4a1f110d33989663812db77b3890f6b76e88716d972799
llama3.2:1b,chicken,family fight,10,rational,action_a,yield,action_a,,1,False,chicken_family fight_var_10,results/evaluations/results_llama3.2_1b.csv,662,action_a,yield,f14826fde95a93dfcea48333f5e23f76c0c806b989dc155e752fae8b2b664921
llama3.2:1b,chicken,family fight,11,emotional,action_b,escalate,action_a,,0,True,chicken_family fight_var_11,results/evaluations/results_llama3.2_1b.csv,666,action_b,escalate,b0ede5a02dbcfbe0dd9ee86a1338ab991383c649a1af53590195e85a0d6f656b
llama3.2:1b,chicken,family fight,11,generic,action_b,escalate,action_a,,0,True,chicken_family fight_var_11,results/evaluations/results_llama3.2_1b.csv,664,action_b,escalate,24a4f90e6d440a720bacd940a73194e94f9fa9be1f8f899b3c72d05c0f4a3dac
llama3.2:1b,chicken,family fight,11,rational,action_b,escalate,action_a,,0,True,chicken_family fight_var_11,results/evaluations/results_llama3.2_1b.csv,665,action_b,escalate,33420912555e62506e4efb61228cdc2205c66c23b9eafd8003aa622d29deefc7
llama3.2:1b,chicken,family fight,12,emotional,action_a,yield,action_a,,1,False,chicken_family fight_var_12,results/evaluations/results_llama3.2_1b.csv,669,action_a,yield,8de1636377c4dc522e559521c26e7c8e3e9186a99b1fc38cbd47e41938e200b0
llama3.2:1b,chicken,family fight,12,generic,action_a,yield,action_a,,1,False,chicken_family fight_var_12,results/evaluations/results_llama3.2_1b.csv,667,action_a,yield,444c962e50d970db05db7cd099286c3672f37a0250b91edc845efd59d5686132
llama3.2:1b,chicken,family fight,12,rational,action_a,yield,action_a,,1,False,chicken_family fight_var_12,results/evaluations/results_llama3.2_1b.csv,668,action_a,yield,797e249e2b2ce5ca6e0a39873e2c2a30bd7b021c99b79ed9d54624bf80ac3de8
llama3.2:1b,chicken,family fight,13,emotional,action_b,escalate,action_a,,0,True,chicken_family fight_var_13,results/evaluations/results_llama3.2_1b.csv,672,action_b,escalate,e054ea07c8915f5b0980b5ca63eff80366054a2db15653af309dde9c4013408b
llama3.2:1b,chicken,family fight,13,generic,action_b,escalate,action_a,,0,True,chicken_family fight_var_13,results/evaluations/results_llama3.2_1b.csv,670,action_b,escalate,3cf4832aafe7fd29038a92e2edf531a5ba39d7980dea5c91885f0d131b23d341
llama3.2:1b,chicken,family fight,13,rational,action_b,escalate,action_a,,0,True,chicken_family fight_var_13,results/evaluations/results_llama3.2_1b.csv,671,action_b,escalate,c79bc034e3a5f9a4fee02f86eb4fab0c9460fb2bd9ff5807539225353e2f3623
llama3.2:1b,chicken,family fight,14,emotional,action_a,yield,action_a,,1,False,chicken_family fight_var_14,results/evaluations/results_llama3.2_1b.csv,675,action_a,yield,02be1c75ee186443e022ec5269cc66e55fa90f5ab7af310d2e634b558a1d8799
llama3.2:1b,chicken,family fight,14,generic,action_a,yield,action_a,,1,False,chicken_family fight_var_14,results/evaluations/results_llama3.2_1b.csv,673,action_a,yield,bc0db7c4ba1aab85f562a2753299be5c9d76740768b20db4371e42c42f0842b0
llama3.2:1b,chicken,family fight,14,rational,action_a,yield,action_a,,1,False,chicken_family fight_var_14,results/evaluations/results_llama3.2_1b.csv,674,action_a,yield,8396af8de0ad44ca47b3ce5615cad8efc1d77193e0b0145502be3d621daeab69
llama3.2:1b,chicken,family fight,15,emotional,action_b,escalate,action_a,,0,True,chicken_family fight_var_15,results/evaluations/results_llama3.2_1b.csv,678,action_b,escalate,968b7a9e54f131f4f7f3c06fbf9a2651180c8d97b61932922af6ad9a226ba1ae
llama3.2:1b,chicken,family fight,15,generic,action_b,escalate,action_a,,0,True,chicken_family fight_var_15,results/evaluations/results_llama3.2_1b.csv,676,action_b,escalate,bc139b1ea6bc9f853728f572943fc74ddef653cb3b8d537253a76fffa4487919
llama3.2:1b,chicken,family fight,15,rational,action_b,escalate,action_a,,0,True,chicken_family fight_var_15,results/evaluations/results_llama3.2_1b.csv,677,action_b,escalate,53d2d812bf2d220ec47cd88a7d47dd0ac7cea8c123e4ed770bc137f6cf00a425
llama3.2:1b,chicken,family fight,16,emotional,action_a,yield,action_a,,1,False,chicken_family fight_var_16,results/evaluations/results_llama3.2_1b.csv,681,action_a,yield,bed2671086f1109f5cd4d2128236b3f1f711835e215c338de146cafff861aa48
llama3.2:1b,chicken,family fight,16,generic,action_a,yield,action_a,,1,False,chicken_family fight_var_16,results/evaluations/results_llama3.2_1b.csv,679,action_a,yield,21d3b207fd34c252a66b6a6df3254d17a7f08339a5ddd307dc65cd7bcab1a7bb
llama3.2:1b,chicken,family fight,16,rational,action_a,yield,action_a,,1,False,chicken_family fight_var_16,results/evaluations/results_llama3.2_1b.csv,680,action_a,yield,5a02aed86d1852fec3525eb330c27c000b740d28c965a9438f03d277a4a05d01
llama3.2:1b,chicken,family fight,17,emotional,action_b,escalate,action_a,,0,True,chicken_family fight_var_17,results/evaluations/results_llama3.2_1b.csv,684,action_b,escalate,1e901adf20d15a5781f557b6564de4f0e737389ca9e1aff437b8aa1fa492974a
llama3.2:1b,chicken,family fight,17,generic,action_b,escalate,action_a,,0,True,chicken_family fight_var_17,results/evaluations/results_llama3.2_1b.csv,682,action_b,escalate,a8039b2f242e0ed5e0b9f88b22e1ba587d76cddda4bcef2b1b36d5989e7a83a1
llama3.2:1b,chicken,family fight,17,rational,action_b,escalate,action_a,,0,True,chicken_family fight_var_17,results/evaluations/results_llama3.2_1b.csv,683,action_b,escalate,08d5bd9cda9cf1071dd158631734cc25cb09ded67b85d32685f04fdb27cf827a
llama3.2:1b,chicken,family fight,18,emotional,action_a,yield,action_a,,1,False,chicken_family fight_var_18,results/evaluations/results_llama3.2_1b.csv,687,action_a,yield,57735fdd92b858961887604b3e239e3b60919dcf2102496279af041a173fc04e
llama3.2:1b,chicken,family fight,18,generic,action_a,yield,action_a,,1,False,chicken_family fight_var_18,results/evaluations/results_llama3.2_1b.csv,685,action_a,yield,f1c8d8867bfd8e90cc3b0c966c17aa2f1cd7440b58a74ba8a34c27805007a6e7
llama3.2:1b,chicken,family fight,18,rational,action_a,yield,action_a,,1,False,chicken_family fight_var_18,results/evaluations/results_llama3.2_1b.csv,686,action_a,yield,3a9ab385479b76243abe44fce488b3c8a74e5958ef4afa595f496e7da562dbaf
llama3.2:1b,chicken,family fight,19,emotional,action_b,escalate,action_a,,0,True,chicken_family fight_var_19,results/evaluations/results_llama3.2_1b.csv,690,action_b,escalate,527e7416b2a2ec7e6fe6c1495ee3b9f4df150048c6768b4575f880776364188f
llama3.2:1b,chicken,family fight,19,generic,action_b,escalate,action_a,,0,True,chicken_family fight_var_19,results/evaluations/results_llama3.2_1b.csv,688,action_b,escalate,531b0e6b392e11937bdffa4f46324acb24b8dca148a12d104fde7eb236f23e26
llama3.2:1b,chicken,family fight,19,rational,action_b,escalate,action_a,,0,True,chicken_family fight_var_19,results/evaluations/results_llama3.2_1b.csv,689,action_b,escalate,bb8e27a1178ccfe810aca9dc23ee84596e11bb5b22be49840c754e7e433a8986
llama3.2:1b,chicken,family fight,2,emotional,action_a,yield,action_a,,1,False,chicken_family fight_var_2,results/evaluations/results_llama3.2_1b.csv,639,action_a,yield,26581d79d03fddefdf271fc88575e52468f8247d4ec388455f53e1a500f4dfa9
llama3.2:1b,chicken,family fight,2,generic,action_a,yield,action_a,,1,False,chicken_family fight_var_2,results/evaluations/results_llama3.2_1b.csv,637,action_a,yield,12011583bf820841c0cd651c0e87a5988f2663992294f5ce31526e99c4aa782f
llama3.2:1b,chicken,family fight,2,rational,action_a,yield,action_a,,1,False,chicken_family fight_var_2,results/evaluations/results_llama3.2_1b.csv,638,action_a,yield,cf50866fde5e3591a196b0a16d26b6f61557d34848a738f9757cf5f50e513f22
llama3.2:1b,chicken,family fight,20,emotional,action_a,yield,action_a,,1,False,chicken_family fight_var_20,results/evaluations/results_llama3.2_1b.csv,693,action_a,yield,fb3d0773acf47d7d25755175b539f4a934fecb6ce436465f365267c28bacd547
llama3.2:1b,chicken,family fight,20,generic,action_a,yield,action_a,,1,False,chicken_family fight_var_20,results/evaluations/results_llama3.2_1b.csv,691,action_a,yield,860147f58ad303cc3feab8786a56b94997d6b919f2a4dc3e05004275a50cfd3f
llama3.2:1b,chicken,family fight,20,rational,action_a,yield,action_a,,1,False,chicken_family fight_var_20,results/evaluations/results_llama3.2_1b.csv,692,action_a,yield,c2e4cae3b6e76957321cf29bd4f39cd1e9ce86a63437138c3ea3ea5d1f37c838
llama3.2:1b,chicken,family fight,21,emotional,action_b,escalate,action_a,,0,True,chicken_family fight_var_21,results/evaluations/results_llama3.2_1b.csv,696,action_b,escalate,14aee71e3134cc8179079b5944f818fc7c309d9ef635735c23d68a4f937be9c7
llama3.2:1b,chicken,family fight,21,generic,action_b,escalate,action_a,,0,True,chicken_family fight_var_21,results/evaluations/results_llama3.2_1b.csv,694,action_b,escalate,e611a2d2455d6455d36d35103430ff2ff4b27677ecba82077094d0c147f37e29
llama3.2:1b,chicken,family fight,21,rational,action_b,escalate,action_a,,0,True,chicken_family fight_var_21,results/evaluations/results_llama3.2_1b.csv,695,action_b,escalate,247d5634e171b2b8c4cce1587ac83b155d30aa54ad2983eaa5ac362934569d9a
llama3.2:1b,chicken,family fight,22,emotional,action_a,yield,action_a,,1,False,chicken_family fight_var_22,results/evaluations/results_llama3.2_1b.csv,699,action_a,yield,79ebfe242833cfc12f59189b30f9624752a037edc0d32298a232808e2cf35c06
llama3.2:1b,chicken,family fight,22,generic,action_a,yield,action_a,,1,False,chicken_family fight_var_22,results/evaluations/results_llama3.2_1b.csv,697,action_a,yield,cd5aeb07165e0af7ca3dd079e302f03f343efe31e2b488cf4c996a072f4b8679
llama3.2:1b,chicken,family fight,22,rational,action_a,yield,action_a,,1,False,chicken_family fight_var_22,results/evaluations/results_llama3.2_1b.csv,698,action_a,yield,9192b51c55fe2b40d679b151e767544f542784c413408091e77b2be29fafc894
llama3.2:1b,chicken,family fight,23,emotional,action_b,escalate,action_a,,0,True,chicken_family fight_var_23,results/evaluations/results_llama3.2_1b.csv,702,action_b,escalate,6d4d2d881589d49bea2e0617502b80bfc5a840900a9889ca515255ef3482de4e
llama3.2:1b,chicken,family fight,23,generic,action_b,escalate,action_a,,0,True,chicken_family fight_var_23,results/evaluations/results_llama3.2_1b.csv,700,action_b,escalate,e29596aab88485b6c50dc21d8cebf584ac8daa5d4239ff2d9be4e51bd7129ec3
llama3.2:1b,chicken,family fight,23,rational,action_b,escalate,action_a,,0,True,chicken_family fight_var_23,results/evaluations/results_llama3.2_1b.csv,701,action_b,escalate,c60070ce418e35f453a28c84fb0a6b7394ba3f6c0773aafb18c807894fa6c1ec
llama3.2:1b,chicken,family fight,24,emotional,action_a,yield,action_a,,1,False,chicken_family fight_var_24,results/evaluations/results_llama3.2_1b.csv,705,action_a,yield,4908a54cbc846dcb4409459177248e356aa6e2cbbd9dd309babfc8ec0c77ecdd
llama3.2:1b,chicken,family fight,24,generic,action_a,yield,action_a,,1,False,chicken_family fight_var_24,results/evaluations/results_llama3.2_1b.csv,703,action_a,yield,17b1b956507869f9e2647369982ff0e5a332d0f53c95ef60b8a20254b79b2fec
llama3.2:1b,chicken,family fight,24,rational,action_a,yield,action_a,,1,False,chicken_family fight_var_24,results/evaluations/results_llama3.2_1b.csv,704,action_a,yield,063b55afdb5481e2e5646ee380089a456a4ac0414b1f1907a03e4797822a1469
llama3.2:1b,chicken,family fight,25,emotional,action_b,escalate,action_a,,0,True,chicken_family fight_var_25,results/evaluations/results_llama3.2_1b.csv,708,action_b,escalate,7291b9a5b7b8d84010441cc9785340bdad01cac077d595872d62ec4eb7677947
llama3.2:1b,chicken,family fight,25,generic,action_b,escalate,action_a,,0,True,chicken_family fight_var_25,results/evaluations/results_llama3.2_1b.csv,706,action_b,escalate,12858c9e55f210866d5981fdcfdf2c7f73261e66adbadf5f25eff07bc9b796e6
llama3.2:1b,chicken,family fight,25,rational,action_b,escalate,action_a,,0,True,chicken_family fight_var_25,results/evaluations/results_llama3.2_1b.csv,707,action_b,escalate,ee8fc17f61fc043dd3888a905bfb9873e1998eff1bc5b021e5744651b42db23a
llama3.2:1b,chicken,family fight,26,emotional,action_a,yield,action_a,,1,False,chicken_family fight_var_26,results/evaluations/results_llama3.2_1b.csv,711,action_a,yield,9c3864a0fa47a99d6bf2667173bf26bb21a7f6c856606ed80ff869933fcb083b
llama3.2:1b,chicken,family fight,26,generic,action_a,yield,action_a,,1,False,chicken_family fight_var_26,results/evaluations/results_llama3.2_1b.csv,709,action_a,yield,864d670d544e153faaaf7bb9d7601329ad629918b16a4a8047a8d056a387e65b
llama3.2:1b,chicken,family fight,26,rational,action_a,yield,action_a,,1,False,chicken_family fight_var_26,results/evaluations/results_llama3.2_1b.csv,710,action_a,yield,afdd66704090325c6f1779d4a717a70dc7c03ca50592df74476767e26fd82e78
llama3.2:1b,chicken,family fight,27,emotional,action_b,escalate,action_a,,0,True,chicken_family fight_var_27,results/evaluations/results_llama3.2_1b.csv,714,action_b,escalate,3564c47d770ef2f0ccafe6bc93d322a4443fafe25a5d36782c0f72f6d6715a7f
llama3.2:1b,chicken,family fight,27,generic,action_b,escalate,action_a,,0,True,chicken_family fight_var_27,results/evaluations/results_llama3.2_1b.csv,712,action_b,escalate,f44aa98c250bbc0a9f40fb09a79390db014ac849bc769da978482e44d87b6426
llama3.2:1b,chicken,family fight,27,rational,action_b,escalate,action_a,,0,True,chicken_family fight_var_27,results/evaluations/results_llama3.2_1b.csv,713,action_b,escalate,6cb97d59d50c280086241a0c97d939291b85899a2ed91b278c3b69a2095d6961
llama3.2:1b,chicken,family fight,28,emotional,action_a,yield,action_a,,1,False,chicken_family fight_var_28,results/evaluations/results_llama3.2_1b.csv,717,action_a,yield,8edd0688ca833cd9275a6df8426fb2a9e212684bef2223b70ab3ee7349367ebe
llama3.2:1b,chicken,family fight,28,generic,action_a,yield,action_a,,1,False,chicken_family fight_var_28,results/evaluations/results_llama3.2_1b.csv,715,action_a,yield,d097d37642d9b1f04a6704192059ba81a3da5e16292ff92ace6b894e5903a02b
llama3.2:1b,chicken,family fight,28,rational,action_a,yield,action_a,,1,False,chicken_family fight_var_28,results/evaluations/results_llama3.2_1b.csv,716,action_a,yield,174f736217b78de1a1dbb7b4466cbe43e12525d7bc5637e9ce416568525265e3
llama3.2:1b,chicken,family fight,29,emotional,action_b,escalate,action_a,,0,True,chicken_family fight_var_29,results/evaluations/results_llama3.2_1b.csv,720,action_b,escalate,0a529f1a41c5668cdc7bc78d0b0ee41cb0fef6f4a0943d1bec61ea752a69f5a8
llama3.2:1b,chicken,family fight,29,generic,action_b,escalate,action_a,,0,True,chicken_family fight_var_29,results/evaluations/results_llama3.2_1b.csv,718,action_b,escalate,29d8626cd34d2d1864c0faaeef58eb1d6de3171c390ca194b2eb384f3fef3a19
llama3.2:1b,chicken,family fight,29,rational,action_b,escalate,action_a,,0,True,chicken_family fight_var_29,results/evaluations/results_llama3.2_1b.csv,719,action_b,escalate,cd1dbc05f748c5ec2bda5e49857f3bd9c6de1f0881133f0d619f735acf3883b1
llama3.2:1b,chicken,family fight,3,emotional,action_b,escalate,action_a,,0,True,chicken_family fight_var_3,results/evaluations/results_llama3.2_1b.csv,642,action_b,escalate,44098aded757e6263782bcab21cd1568a6a00212ea7298745304d589178639f5
llama3.2:1b,chicken,family fight,3,generic,action_b,escalate,action_a,,0,True,chicken_family fight_var_3,results/evaluations/results_llama3.2_1b.csv,640,action_b,escalate,579649c7e765b5f33521854d04f1cbcbe7742c9f00adaaef0e395127224b883d
llama3.2:1b,chicken,family fight,3,rational,action_b,escalate,action_a,,0,True,chicken_family fight_var_3,results/evaluations/results_llama3.2_1b.csv,641,action_b,escalate,ce3718d575651711cb4b95de1df5bfbb3c9638f7e8cdaa97dd171f091ae210c5
llama3.2:1b,chicken,family fight,4,emotional,action_a,yield,action_a,,1,False,chicken_family fight_var_4,results/evaluations/results_llama3.2_1b.csv,645,action_a,yield,1e886ccdda06de326d934dcec599a8ef35bc53b25ba30fa3e47641eaf58a3953
llama3.2:1b,chicken,family fight,4,generic,action_a,yield,action_a,,1,False,chicken_family fight_var_4,results/evaluations/results_llama3.2_1b.csv,643,action_a,yield,08ea297a69f8d12f5a9249730983ec12ad50352050415db9933bbecf04be522e
llama3.2:1b,chicken,family fight,4,rational,action_a,yield,action_a,,1,False,chicken_family fight_var_4,results/evaluations/results_llama3.2_1b.csv,644,action_a,yield,9745dfc14d326790d29e0909ca3d0616905fcbefb46bb0858f274639e8c5b222
llama3.2:1b,chicken,family fight,5,emotional,action_b,escalate,action_a,,0,True,chicken_family fight_var_5,results/evaluations/results_llama3.2_1b.csv,648,action_b,escalate,c16a363de90c73227ac7ed3b1978f91b4112aa0167409b5779a855850ba0089b
llama3.2:1b,chicken,family fight,5,generic,action_b,escalate,action_a,,0,True,chicken_family fight_var_5,results/evaluations/results_llama3.2_1b.csv,646,action_b,escalate,53cc4f64e71f506c0c48329793a1dcc9689c23856ae0238ef406351c82dd5792
llama3.2:1b,chicken,family fight,5,rational,action_b,escalate,action_a,,0,True,chicken_family fight_var_5,results/evaluations/results_llama3.2_1b.csv,647,action_b,escalate,44abc960c8e5b3f168d07035d907b9667b945a284ecabebeb87d239c61665d82
llama3.2:1b,chicken,family fight,6,emotional,action_a,yield,action_a,,1,False,chicken_family fight_var_6,results/evaluations/results_llama3.2_1b.csv,651,action_a,yield,d5d0ee9c1550206e324a4a380ee832653e5167f3a65ebfcad6734f45b6da05fc
llama3.2:1b,chicken,family fight,6,generic,action_a,yield,action_a,,1,False,chicken_family fight_var_6,results/evaluations/results_llama3.2_1b.csv,649,action_a,yield,58eeaf1c1df2ec2de000d8a76a270a9c65a19639fcecf66e002f374ee64800d8
llama3.2:1b,chicken,family fight,6,rational,action_a,yield,action_a,,1,False,chicken_family fight_var_6,results/evaluations/results_llama3.2_1b.csv,650,action_a,yield,5aa338484b25e513808a1efa68681330b85fc3480cb895c9c6616f4fe4e68879
llama3.2:1b,chicken,family fight,7,emotional,action_b,escalate,action_a,,0,True,chicken_family fight_var_7,results/evaluations/results_llama3.2_1b.csv,654,action_b,escalate,a08c1c7f12a14f221a37a59d2b0eb7e0e9c99a1fdd36d1ec27c04d45db91d27b
llama3.2:1b,chicken,family fight,7,generic,action_b,escalate,action_a,,0,True,chicken_family fight_var_7,results/evaluations/results_llama3.2_1b.csv,652,action_b,escalate,ad2f3880a69358915505484f85609236b6dc03147f6c03cba54a3a62e1d80b6e
llama3.2:1b,chicken,family fight,7,rational,action_b,escalate,action_a,,0,True,chicken_family fight_var_7,results/evaluations/results_llama3.2_1b.csv,653,action_b,escalate,3ccb81511895bb1ad676c2cce73ff6a23cdc22382a8af199feab806e8693d392
llama3.2:1b,chicken,family fight,8,emotional,action_a,yield,action_a,,1,False,chicken_family fight_var_8,results/evaluations/results_llama3.2_1b.csv,657,action_a,yield,69613a7641d691088918e0c9ef9d09eb38730253fb9abe22fc0e3cf22768d8be
llama3.2:1b,chicken,family fight,8,generic,action_a,yield,action_a,,1,False,chicken_family fight_var_8,results/evaluations/results_llama3.2_1b.csv,655,action_a,yield,26392e2b097f6f536ca63fa585a7bafb30a8b1443ff0cbf9b31e616ea6dca2f7
llama3.2:1b,chicken,family fight,8,rational,action_a,yield,action_a,,1,False,chicken_family fight_var_8,results/evaluations/results_llama3.2_1b.csv,656,action_a,yield,8bd3cfcd61fcbb483154aea1c15885d6a0ec5b45840cd393d51d768a156ef4e6
llama3.2:1b,chicken,family fight,9,emotional,action_b,escalate,action_a,,0,True,chicken_family fight_var_9,results/evaluations/results_llama3.2_1b.csv,660,action_b,escalate,b73eea6dedaee6578d5877b2cf47168ff7fdecf1094fb511e00f197abf137bd4
llama3.2:1b,chicken,family fight,9,generic,action_b,escalate,action_a,,0,True,chicken_family fight_var_9,results/evaluations/results_llama3.2_1b.csv,658,action_b,escalate,ea551fefbf775ef9a12138d9203a6656acaa605c005bb2d7405d1d119d350348
llama3.2:1b,chicken,family fight,9,rational,action_b,escalate,action_a,,0,True,chicken_family fight_var_9,results/evaluations/results_llama3.2_1b.csv,659,action_b,escalate,c1c2de36b64781b858f8b4788d02ab6469254070026e5d6e7f10ae9f91adc8f9
llama3.2:1b,chicken,game_show,0,emotional,action_a,yield,action_a,,1,False,chicken_game_show_var_0,results/evaluations/results_llama3.2_1b.csv,723,action_a,yield,36466e0796084486006b3b03ef042b62c4b74ede7a44c6bfb8e2fd96a49460fb
llama3.2:1b,chicken,game_show,0,generic,action_a,yield,action_a,,1,False,chicken_game_show_var_0,results/evaluations/results_llama3.2_1b.csv,721,action_a,yield,2916181a81b2381b3c1ed771060fc7a1af5becafc650d2a9340dc7cd120a1e02
llama3.2:1b,chicken,game_show,0,rational,action_a,yield,action_a,,1,False,chicken_game_show_var_0,results/evaluations/results_llama3.2_1b.csv,722,action_a,yield,832ae602251677dd2db1b9eb6ce98780ca02ebbbb69ec73fa1a6f0af323b3d22
llama3.2:1b,chicken,game_show,1,emotional,action_b,escalate,action_a,,0,True,chicken_game_show_var_1,results/evaluations/results_llama3.2_1b.csv,726,action_b,escalate,cd464170a0c5cf59c25d7c520140109221e07cbeec96f25ab0207a2e52d02657
llama3.2:1b,chicken,game_show,1,generic,action_b,escalate,action_a,,0,True,chicken_game_show_var_1,results/evaluations/results_llama3.2_1b.csv,724,action_b,escalate,73e882ed4076cf7705c288107768c0a602c94186f6e38a7011d5d693d91bd143
llama3.2:1b,chicken,game_show,1,rational,action_b,escalate,action_a,,0,True,chicken_game_show_var_1,results/evaluations/results_llama3.2_1b.csv,725,action_b,escalate,47291220551368d3a1894cf9ddc3b8d53e7804de40d4b9a2ca709090134031e6
llama3.2:1b,chicken,game_show,10,emotional,action_a,yield,action_a,,1,False,chicken_game_show_var_10,results/evaluations/results_llama3.2_1b.csv,753,action_a,yield,7444bda3d551bcbead5c72916c06a08ffd59d6cd2df93dda6c335ff7663c9d76
llama3.2:1b,chicken,game_show,10,generic,action_a,yield,action_a,,1,False,chicken_game_show_var_10,results/evaluations/results_llama3.2_1b.csv,751,action_a,yield,7d17d6abd83383528ef1fde640aa2d0803da053cd2ac4e8bc604ba45cb907914
llama3.2:1b,chicken,game_show,10,rational,action_a,yield,action_a,,1,False,chicken_game_show_var_10,results/evaluations/results_llama3.2_1b.csv,752,action_a,yield,bc8d15311759742ddb68bc227091db0c2c042b8dd8b03d4f4acb148dfd506340
llama3.2:1b,chicken,game_show,11,emotional,action_b,escalate,action_a,,0,True,chicken_game_show_var_11,results/evaluations/results_llama3.2_1b.csv,756,action_b,escalate,a92ecd03767efa20c9fd26f9d107054668ced52824c4494fb6a6fd2a9176c3ac
llama3.2:1b,chicken,game_show,11,generic,action_b,escalate,action_a,,0,True,chicken_game_show_var_11,results/evaluations/results_llama3.2_1b.csv,754,action_b,escalate,de6fabc27420ea72967385c688b5f89ae98443502d260207c4775b3add86590c
llama3.2:1b,chicken,game_show,11,rational,action_b,escalate,action_a,,0,True,chicken_game_show_var_11,results/evaluations/results_llama3.2_1b.csv,755,action_b,escalate,10570fc0631e1b89d52a150281069b145f42b8b21468dbb5c8d35e733f5be688
llama3.2:1b,chicken,game_show,12,emotional,action_a,yield,action_a,,1,False,chicken_game_show_var_12,results/evaluations/results_llama3.2_1b.csv,759,action_a,yield,30fd77a13ae080350e0f0717efacd29490972772a41ea463da9c07140c783a28
llama3.2:1b,chicken,game_show,12,generic,action_a,yield,action_a,,1,False,chicken_game_show_var_12,results/evaluations/results_llama3.2_1b.csv,757,action_a,yield,949f2eb384f1e10995cb9f186ca84d5f0b2a696489c0b858dac2fcb61fe40c12
llama3.2:1b,chicken,game_show,12,rational,action_a,yield,action_a,,1,False,chicken_game_show_var_12,results/evaluations/results_llama3.2_1b.csv,758,action_a,yield,604bdeffa1bd75985e49b110fff9dc1a0e3eb1dbb5925090b3902899a21c71d3
llama3.2:1b,chicken,game_show,13,emotional,action_b,escalate,action_a,,0,True,chicken_game_show_var_13,results/evaluations/results_llama3.2_1b.csv,762,action_b,escalate,a1f21f5e43ac47aedf8f60a6a0e42a5a0f929d6f0f81a971eb1a9419271263a9
llama3.2:1b,chicken,game_show,13,generic,action_b,escalate,action_a,,0,True,chicken_game_show_var_13,results/evaluations/results_llama3.2_1b.csv,760,action_b,escalate,3cfc2687a51588e118cde5fb6feb98f827cb4aa7adf0c548d4e205ea8b679d7e
llama3.2:1b,chicken,game_show,13,rational,action_b,escalate,action_a,,0,True,chicken_game_show_var_13,results/evaluations/results_llama3.2_1b.csv,761,action_b,escalate,130d9ae90adb2296bfd2b7fcaef394f15b3ca41dd7f05429f342e936fbebffe0
llama3.2:1b,chicken,game_show,14,emotional,action_a,yield,action_a,,1,False,chicken_game_show_var_14,results/evaluations/results_llama3.2_1b.csv,765,action_a,yield,b9540a425ab193602783daa3ae1e246f2697e7d267ed06052af10e9c1a90da9f
llama3.2:1b,chicken,game_show,14,generic,action_a,yield,action_a,,1,False,chicken_game_show_var_14,results/evaluations/results_llama3.2_1b.csv,763,action_a,yield,6b53fd5bd1f3b5f7a2f7c65e0a76f3a6cc36efb8d103cd53247a136ee9608a5d
llama3.2:1b,chicken,game_show,14,rational,action_a,yield,action_a,,1,False,chicken_game_show_var_14,results/evaluations/results_llama3.2_1b.csv,764,action_a,yield,3514aaebbcf9568deff969a56caa2eec0d3de2e92453763f8049252d6a82a2e0
llama3.2:1b,chicken,game_show,15,emotional,action_b,escalate,action_a,,0,True,chicken_game_show_var_15,results/evaluations/results_llama3.2_1b.csv,768,action_b,escalate,46f6cfd93bc5c308d17b957f5568fae2bea302b50d5a1034c5719742f97f96ff
llama3.2:1b,chicken,game_show,15,generic,action_b,escalate,action_a,,0,True,chicken_game_show_var_15,results/evaluations/results_llama3.2_1b.csv,766,action_b,escalate,bb319a51b4526b488a7fd0bb026f1d503a3e2b47722a6fe274234159423b067b
llama3.2:1b,chicken,game_show,15,rational,action_b,escalate,action_a,,0,True,chicken_game_show_var_15,results/evaluations/results_llama3.2_1b.csv,767,action_b,escalate,93a5825d5192586d8b1bf25ec715ce5b3f6cb0cbb315b43d61f72ebeded79e4d
llama3.2:1b,chicken,game_show,16,emotional,action_a,yield,action_a,,1,False,chicken_game_show_var_16,results/evaluations/results_llama3.2_1b.csv,771,action_a,yield,c9ab16e6c6584f6fdb63556d208e0fe690641ab9e84b549ccd3f648d31d0ff7b
llama3.2:1b,chicken,game_show,16,generic,action_a,yield,action_a,,1,False,chicken_game_show_var_16,results/evaluations/results_llama3.2_1b.csv,769,action_a,yield,eed5ec02b42e7e4122dee211ef7528f4cca895d848cc7f020fcc35096117cae1
llama3.2:1b,chicken,game_show,16,rational,action_a,yield,action_a,,1,False,chicken_game_show_var_16,results/evaluations/results_llama3.2_1b.csv,770,action_a,yield,671debb55f3292ca6795819036f656f2cd7d809cb4d78e8a49b7e50def934ef2
llama3.2:1b,chicken,game_show,17,emotional,action_b,escalate,action_a,,0,True,chicken_game_show_var_17,results/evaluations/results_llama3.2_1b.csv,774,action_b,escalate,a16e6467685be46a9b123fc72937c1e33e003141d5f12fbbed61ad21a5170763
llama3.2:1b,chicken,game_show,17,generic,action_b,escalate,action_a,,0,True,chicken_game_show_var_17,results/evaluations/results_llama3.2_1b.csv,772,action_b,escalate,6fbff98357224e04e11164d70e0b6f0333752acbeaa5b92366f08999910e1109
llama3.2:1b,chicken,game_show,17,rational,action_b,escalate,action_a,,0,True,chicken_game_show_var_17,results/evaluations/results_llama3.2_1b.csv,773,action_b,escalate,0e7030e083fa895c65cac7f0b808ff244f3859941d0d5c8a40c4702001c6c819
llama3.2:1b,chicken,game_show,18,emotional,action_a,yield,action_a,,1,False,chicken_game_show_var_18,results/evaluations/results_llama3.2_1b.csv,777,action_a,yield,fd9ad9b3f23260c6ac0a2774f52b57024b2463d30c8a5f584a16f7e32c062e34
llama3.2:1b,chicken,game_show,18,generic,action_a,yield,action_a,,1,False,chicken_game_show_var_18,results/evaluations/results_llama3.2_1b.csv,775,action_a,yield,2e2ad29c1c41b08a8a281155fdcd12b20a02a2a91dc8939f740d7a45c0c3c35c
llama3.2:1b,chicken,game_show,18,rational,action_a,yield,action_a,,1,False,chicken_game_show_var_18,results/evaluations/results_llama3.2_1b.csv,776,action_a,yield,cef98d7b243c52fa46bb5012922fe0bde0bddec776c85783dd920d6ceb85411c
llama3.2:1b,chicken,game_show,19,emotional,action_b,escalate,action_a,,0,True,chicken_game_show_var_19,results/evaluations/results_llama3.2_1b.csv,780,action_b,escalate,ed258887ba3fec4340a2f52afbdd13c31b872d7f357202b82301796e9c5b510f
llama3.2:1b,chicken,game_show,19,generic,action_b,escalate,action_a,,0,True,chicken_game_show_var_19,results/evaluations/results_llama3.2_1b.csv,778,action_b,escalate,c7dd38ffa6bc57d19bea539555288ac7574d7aef73ddb7888fdfc8646ab8d202
llama3.2:1b,chicken,game_show,19,rational,action_b,escalate,action_a,,0,True,chicken_game_show_var_19,results/evaluations/results_llama3.2_1b.csv,779,action_b,escalate,3f1aecbd98ea6ab3f042a8bded678213b65329c5d90ab32accd863fbe518f755
llama3.2:1b,chicken,game_show,2,emotional,action_a,yield,action_a,,1,False,chicken_game_show_var_2,results/evaluations/results_llama3.2_1b.csv,729,action_a,yield,e356c6799193961a0ff7ca31147e0b6552e50468d6761f8b3dd32bad62c7d692
llama3.2:1b,chicken,game_show,2,generic,action_a,yield,action_a,,1,False,chicken_game_show_var_2,results/evaluations/results_llama3.2_1b.csv,727,action_a,yield,ab2074a3104b61e34ca8ac00fb02cef3ef8e7967e8791aee9442f7d44c889e9e
llama3.2:1b,chicken,game_show,2,rational,action_a,yield,action_a,,1,False,chicken_game_show_var_2,results/evaluations/results_llama3.2_1b.csv,728,action_a,yield,a45396bf152857e9fe2f35734f87a24dc55e98880ecb353ddf814a50f1f89581
llama3.2:1b,chicken,game_show,20,emotional,action_a,yield,action_a,,1,False,chicken_game_show_var_20,results/evaluations/results_llama3.2_1b.csv,783,action_a,yield,da631b3d98e9703a71a05caa36b75bf13a46e73e339dad4a5e3aefe8a5c90f8c
llama3.2:1b,chicken,game_show,20,generic,action_a,yield,action_a,,1,False,chicken_game_show_var_20,results/evaluations/results_llama3.2_1b.csv,781,action_a,yield,d473779d1b41f44f038e9433044a6d3b41bc773d0a97cd8a50fdfebf92d4a9e8
llama3.2:1b,chicken,game_show,20,rational,action_a,yield,action_a,,1,False,chicken_game_show_var_20,results/evaluations/results_llama3.2_1b.csv,782,action_a,yield,13a351cb7de0b1a383433635c5b6ab63e3072ff7d99473a8787526fe0932fd79
llama3.2:1b,chicken,game_show,21,emotional,action_b,escalate,action_a,,0,True,chicken_game_show_var_21,results/evaluations/results_llama3.2_1b.csv,786,action_b,escalate,44edf134f2855c6e401186984f0c6d930dddc619a39dc283191ee3e74f192b23
llama3.2:1b,chicken,game_show,21,generic,action_b,escalate,action_a,,0,True,chicken_game_show_var_21,results/evaluations/results_llama3.2_1b.csv,784,action_b,escalate,c172ed50873d6b0f616642232708cd458efc295a763f3f41abf6eada54e38291
llama3.2:1b,chicken,game_show,21,rational,action_b,escalate,action_a,,0,True,chicken_game_show_var_21,results/evaluations/results_llama3.2_1b.csv,785,action_b,escalate,f531dba8700e71a3a8533be478887ca34c2c82a3f1231d0a4f521a9e4793f50d
llama3.2:1b,chicken,game_show,22,emotional,action_a,yield,action_a,,1,False,chicken_game_show_var_22,results/evaluations/results_llama3.2_1b.csv,789,action_a,yield,8565ef38e94d321af9c73dc4200a3b19b424946a6cd9b9182db63ec4cfb03560
llama3.2:1b,chicken,game_show,22,generic,action_a,yield,action_a,,1,False,chicken_game_show_var_22,results/evaluations/results_llama3.2_1b.csv,787,action_a,yield,20e1a2d1116cbd6bc891f581f3476e27363a9f1bd9389b3dbe504c37d6be4f62
llama3.2:1b,chicken,game_show,22,rational,action_a,yield,action_a,,1,False,chicken_game_show_var_22,results/evaluations/results_llama3.2_1b.csv,788,action_a,yield,e81a1367029b53bda5b6803eef6403c33e1bbd4793276a099920110a031daa4a
llama3.2:1b,chicken,game_show,23,emotional,action_b,escalate,action_a,,0,True,chicken_game_show_var_23,results/evaluations/results_llama3.2_1b.csv,792,action_b,escalate,09c3baa28d49787270334476b9e337539074516f9626b16d379cce1757b89b28
llama3.2:1b,chicken,game_show,23,generic,action_b,escalate,action_a,,0,True,chicken_game_show_var_23,results/evaluations/results_llama3.2_1b.csv,790,action_b,escalate,c8d3232798fed61c67ace186a490a6c5953255cfbba1c827b16ea9e77712496b
llama3.2:1b,chicken,game_show,23,rational,action_b,escalate,action_a,,0,True,chicken_game_show_var_23,results/evaluations/results_llama3.2_1b.csv,791,action_b,escalate,1aac7c06a50060a97d98663bcdcb40b928d3a90428c30e5d187c763aede71f93
llama3.2:1b,chicken,game_show,24,emotional,action_a,yield,action_a,,1,False,chicken_game_show_var_24,results/evaluations/results_llama3.2_1b.csv,795,action_a,yield,0925479530f05179a09fa913f25059fe8ba014ea9f7f42c0b52061636df313a2
llama3.2:1b,chicken,game_show,24,generic,action_a,yield,action_a,,1,False,chicken_game_show_var_24,results/evaluations/results_llama3.2_1b.csv,793,action_a,yield,4c12d927a4376aba3bb36ec4a4077a354314824d5b79e14e6dc46a5fb26549e9
llama3.2:1b,chicken,game_show,24,rational,action_a,yield,action_a,,1,False,chicken_game_show_var_24,results/evaluations/results_llama3.2_1b.csv,794,action_a,yield,e470b27f4fdd97a44d710f9907a1bb3e2aa38386aae3234fab9346e171b91c09
llama3.2:1b,chicken,game_show,25,emotional,action_b,escalate,action_a,,0,True,chicken_game_show_var_25,results/evaluations/results_llama3.2_1b.csv,798,action_b,escalate,b62d7ecb7c42ec21de5fb27c981c1e1d77d080087eb1322a8904404438d4945f
llama3.2:1b,chicken,game_show,25,generic,action_b,escalate,action_a,,0,True,chicken_game_show_var_25,results/evaluations/results_llama3.2_1b.csv,796,action_b,escalate,d217452b8f5b9e0ddb2d063e7f9cbfa9a09690a076124e49f402728fc4b6cb27
llama3.2:1b,chicken,game_show,25,rational,action_b,escalate,action_a,,0,True,chicken_game_show_var_25,results/evaluations/results_llama3.2_1b.csv,797,action_b,escalate,932a4d59fae0521fe33fcc31d06c6c63e910db3195f9dd2f5c4c16d7ed6cf512
llama3.2:1b,chicken,game_show,26,emotional,action_a,yield,action_a,,1,False,chicken_game_show_var_26,results/evaluations/results_llama3.2_1b.csv,801,action_a,yield,2b7800a9c1d9ff6ba7025beba1b563d7ac9130ea7e3baf83545d905705d90d9e
llama3.2:1b,chicken,game_show,26,generic,action_a,yield,action_a,,1,False,chicken_game_show_var_26,results/evaluations/results_llama3.2_1b.csv,799,action_a,yield,7be85ecbbf09843a490d50bf1475972058a7bc91eb55dddc27c575dc191c797e
llama3.2:1b,chicken,game_show,26,rational,action_a,yield,action_a,,1,False,chicken_game_show_var_26,results/evaluations/results_llama3.2_1b.csv,800,action_a,yield,cda22bd33eda66ee4240e94032f2cc484e869e48946f05295fa1aff12f3cc7cd
llama3.2:1b,chicken,game_show,27,emotional,action_b,escalate,action_a,,0,True,chicken_game_show_var_27,results/evaluations/results_llama3.2_1b.csv,804,action_b,escalate,5eada9dbbafde26eb58a7399062f9363e9a2b7ec919aae46e4dbf49f8232771d
llama3.2:1b,chicken,game_show,27,generic,action_b,escalate,action_a,,0,True,chicken_game_show_var_27,results/evaluations/results_llama3.2_1b.csv,802,action_b,escalate,d48eccfad1f261d402825e29c3b6cf327d8bb702ff023a9219b3a6b46a365c9f
llama3.2:1b,chicken,game_show,27,rational,action_b,escalate,action_a,,0,True,chicken_game_show_var_27,results/evaluations/results_llama3.2_1b.csv,803,action_b,escalate,21e103bda62452ee30f57d16510b9cc511373d906e49c85c1a0c0fdd980a6ce5
llama3.2:1b,chicken,game_show,28,emotional,action_a,yield,action_a,,1,False,chicken_game_show_var_28,results/evaluations/results_llama3.2_1b.csv,807,action_a,yield,88b7fd8b2e6618af18bac7f48e61abf57fb9ccf8e97d9419cadae8ec54cb94ff
llama3.2:1b,chicken,game_show,28,generic,action_a,yield,action_a,,1,False,chicken_game_show_var_28,results/evaluations/results_llama3.2_1b.csv,805,action_a,yield,6d59dfde9b5ede67e341ea299cd7145865997fa633f6749c2fda57abd009cdbe
llama3.2:1b,chicken,game_show,28,rational,action_a,yield,action_a,,1,False,chicken_game_show_var_28,results/evaluations/results_llama3.2_1b.csv,806,action_a,yield,7e036f757cdc043a75204e3263859189f9a98e7277b90a5e4d3ebadfc067a71f
llama3.2:1b,chicken,game_show,29,emotional,action_b,escalate,action_a,,0,True,chicken_game_show_var_29,results/evaluations/results_llama3.2_1b.csv,810,action_b,escalate,94b00f70ec0c948e476088759f7a9d6fce96e3df40cc2b3e7104c192f3fc42d0
llama3.2:1b,chicken,game_show,29,generic,action_b,escalate,action_a,,0,True,chicken_game_show_var_29,results/evaluations/results_llama3.2_1b.csv,808,action_b,escalate,180ca4abaa746c1b969827a18c124c2efb5982ffbfc14fdcaaf0de051897ee81
llama3.2:1b,chicken,game_show,29,rational,action_b,escalate,action_a,,0,True,chicken_game_show_var_29,results/evaluations/results_llama3.2_1b.csv,809,action_b,escalate,55a57dd575750e37b3eb0f625e105f8283494728ddaede467e6dac4ad66634e6
llama3.2:1b,chicken,game_show,3,emotional,action_b,escalate,action_a,,0,True,chicken_game_show_var_3,results/evaluations/results_llama3.2_1b.csv,732,action_b,escalate,2576efb31ac2f419cfc530d63896ec9f28fa01125ab137a00b9de25fcc54cdad
llama3.2:1b,chicken,game_show,3,generic,action_b,escalate,action_a,,0,True,chicken_game_show_var_3,results/evaluations/results_llama3.2_1b.csv,730,action_b,escalate,8a828d60ebf970471e85d7b59ebdf11e9be4e20db40e8dc526c61d1c32c0680e
llama3.2:1b,chicken,game_show,3,rational,action_b,escalate,action_a,,0,True,chicken_game_show_var_3,results/evaluations/results_llama3.2_1b.csv,731,action_b,escalate,fbf2216cc0e8ded3f1ededde85803aff24aa10a7f9be4b37ae009023dff07d14
llama3.2:1b,chicken,game_show,4,emotional,action_a,yield,action_a,,1,False,chicken_game_show_var_4,results/evaluations/results_llama3.2_1b.csv,735,action_a,yield,3bf3f923313f3bcd74e1c6b1d767506dabb540eb8b72aa36ac3f97ac205c2ef6
llama3.2:1b,chicken,game_show,4,generic,action_a,yield,action_a,,1,False,chicken_game_show_var_4,results/evaluations/results_llama3.2_1b.csv,733,action_a,yield,1cee3f77720cff43e902f905562e5d0bccdb660d8f31fd6701d13c95e5e206a0
llama3.2:1b,chicken,game_show,4,rational,action_a,yield,action_a,,1,False,chicken_game_show_var_4,results/evaluations/results_llama3.2_1b.csv,734,action_a,yield,3e0f9b366de9a745525c1ec851da7645f69d225e5a4799e0eda5a14bbb6c5eaa
llama3.2:1b,chicken,game_show,5,emotional,action_b,escalate,action_a,,0,True,chicken_game_show_var_5,results/evaluations/results_llama3.2_1b.csv,738,action_b,escalate,807cc8c95b45313ddb081f19236a3520407cfa57ec11ac48de6127de1675c90f
llama3.2:1b,chicken,game_show,5,generic,action_b,escalate,action_a,,0,True,chicken_game_show_var_5,results/evaluations/results_llama3.2_1b.csv,736,action_b,escalate,4d8a8fd8b6968640d9b66eda3c3501b400a8172503a973fb74d723449f7c8356
llama3.2:1b,chicken,game_show,5,rational,action_b,escalate,action_a,,0,True,chicken_game_show_var_5,results/evaluations/results_llama3.2_1b.csv,737,action_b,escalate,143b75ee15aa59b009f57dd581816209a17a6eb58e316a243e8930cc9813f171
llama3.2:1b,chicken,game_show,6,emotional,action_a,yield,action_a,,1,False,chicken_game_show_var_6,results/evaluations/results_llama3.2_1b.csv,741,action_a,yield,a9e59299d2a0df415fe4e76c6ac2bb4712fadd06257e010c5fffe0323dbdc2db
llama3.2:1b,chicken,game_show,6,generic,action_a,yield,action_a,,1,False,chicken_game_show_var_6,results/evaluations/results_llama3.2_1b.csv,739,action_a,yield,e457c0d44bbd9c69095440eec3b00f72678839b045cbe073350d4f1161dfea05
llama3.2:1b,chicken,game_show,6,rational,action_a,yield,action_a,,1,False,chicken_game_show_var_6,results/evaluations/results_llama3.2_1b.csv,740,action_a,yield,7d2633d02b388b6627a57554b9301c88d4086610c187864c10649312452bd6fc
llama3.2:1b,chicken,game_show,7,emotional,action_b,escalate,action_a,,0,True,chicken_game_show_var_7,results/evaluations/results_llama3.2_1b.csv,744,action_b,escalate,c21b9c611f0236cfa04402ab64ea5552359aad33a217ccf6a52da5245775e602
llama3.2:1b,chicken,game_show,7,generic,action_b,escalate,action_a,,0,True,chicken_game_show_var_7,results/evaluations/results_llama3.2_1b.csv,742,action_b,escalate,94953e78882e1429b60ff19910c9904ca9145ac64cdf7b800af1abb0636ad3ee
llama3.2:1b,chicken,game_show,7,rational,action_b,escalate,action_a,,0,True,chicken_game_show_var_7,results/evaluations/results_llama3.2_1b.csv,743,action_b,escalate,d8b9f191a82205d4c6b28d4b6c1032913b8b7b058f2a78f3102b8e1427524e56
llama3.2:1b,chicken,game_show,8,emotional,action_a,yield,action_a,,1,False,chicken_game_show_var_8,results/evaluations/results_llama3.2_1b.csv,747,action_a,yield,f6bc7deacf8f4e3841c50deec11d8ce79bdf0a8d0c0822c64891d399c860b6b6
llama3.2:1b,chicken,game_show,8,generic,action_a,yield,action_a,,1,False,chicken_game_show_var_8,results/evaluations/results_llama3.2_1b.csv,745,action_a,yield,9feecca3e24470060ab10af99f61d7d21e93343453d711ec2ca7a3767ce34d2b
llama3.2:1b,chicken,game_show,8,rational,action_a,yield,action_a,,1,False,chicken_game_show_var_8,results/evaluations/results_llama3.2_1b.csv,746,action_a,yield,e026eaf01c2ff48e402b9dfc30e5ae989e8f5adc8fff060e270e2c78f72306fd
llama3.2:1b,chicken,game_show,9,emotional,action_b,escalate,action_a,,0,True,chicken_game_show_var_9,results/evaluations/results_llama3.2_1b.csv,750,action_b,escalate,e5985b9ae2adfe07903d568a14f1f3d204ef996cd70760215dfd7d560483dd6e
llama3.2:1b,chicken,game_show,9,generic,action_b,escalate,action_a,,0,True,chicken_game_show_var_9,results/evaluations/results_llama3.2_1b.csv,748,action_b,escalate,4edca2eb9809cf49f902746af9afdfeba66cb30c65d137ab3dce47be96945a2a
llama3.2:1b,chicken,game_show,9,rational,action_b,escalate,action_a,,0,True,chicken_game_show_var_9,results/evaluations/results_llama3.2_1b.csv,749,action_b,escalate,fdd5a55a54516f78efe44b39bfe6851ea25981e53a57b5743e02a6566ce97e3d
llama3.2:1b,chicken,war,0,emotional,action_a,yield,action_a,,1,False,chicken_war_var_0,results/evaluations/results_llama3.2_1b.csv,813,action_a,yield,f0700a606cd881c38a5393066cb359dd77ae98bf02324e192389706044497a4b
llama3.2:1b,chicken,war,0,generic,action_a,yield,action_a,,1,False,chicken_war_var_0,results/evaluations/results_llama3.2_1b.csv,811,action_a,yield,aa5db31226b1c0b88c0d6e13a00d3b3c8ec2437a8f92dce727304894ba5f3a63
llama3.2:1b,chicken,war,0,rational,action_a,yield,action_a,,1,False,chicken_war_var_0,results/evaluations/results_llama3.2_1b.csv,812,action_a,yield,fbc3f5d97c05bb4eeacaefb9530e5c202427b6a89201e7271b9534485160ab14
llama3.2:1b,chicken,war,1,emotional,action_b,escalate,action_a,,0,True,chicken_war_var_1,results/evaluations/results_llama3.2_1b.csv,816,action_b,escalate,692cc48bb03b250368589f1dc6c8fb061ceb235b8de5124476b27c679bb5ada6
llama3.2:1b,chicken,war,1,generic,action_b,escalate,action_a,,0,True,chicken_war_var_1,results/evaluations/results_llama3.2_1b.csv,814,action_b,escalate,f9d17aab961624c894b9c93c9a18a275911274e99d24c780a893091afc34162f
llama3.2:1b,chicken,war,1,rational,action_b,escalate,action_a,,0,True,chicken_war_var_1,results/evaluations/results_llama3.2_1b.csv,815,action_b,escalate,1b3437ab4a8f2fb80b7161d36e1925a8baf2fab54ea5c5c3b9483d3b803682aa
llama3.2:1b,chicken,war,10,emotional,action_a,yield,action_a,,1,False,chicken_war_var_10,results/evaluations/results_llama3.2_1b.csv,843,action_a,yield,976c6ef8cf985df157992fc8807f5828d5c0fad4cfb30c74fc729584820347c2
llama3.2:1b,chicken,war,10,generic,action_a,yield,action_a,,1,False,chicken_war_var_10,results/evaluations/results_llama3.2_1b.csv,841,action_a,yield,9e8c06da772e09f742de620891496d6ab1caac41aa13a96c55e4698ee3613f0f
llama3.2:1b,chicken,war,10,rational,action_a,yield,action_a,,1,False,chicken_war_var_10,results/evaluations/results_llama3.2_1b.csv,842,action_a,yield,4a854d822cdfe8c37a806d1ff8990d369f55ee757cf6170fae0fffa040b5a78f
llama3.2:1b,chicken,war,11,emotional,action_b,escalate,action_a,,0,True,chicken_war_var_11,results/evaluations/results_llama3.2_1b.csv,846,action_b,escalate,731f0963d9ef0e0f8b2ba5d601d8f08f8b1f9c8f522544f1a8b2bad0c30471cd
llama3.2:1b,chicken,war,11,generic,action_b,escalate,action_a,,0,True,chicken_war_var_11,results/evaluations/results_llama3.2_1b.csv,844,action_b,escalate,5082a1c6a576210168ab84154c47e75fdfddc6452490b750a7cf14d09ebafe27
llama3.2:1b,chicken,war,11,rational,action_b,escalate,action_a,,0,True,chicken_war_var_11,results/evaluations/results_llama3.2_1b.csv,845,action_b,escalate,a76a1698bfa25d6be8bf20da48300a13253cbf46e4ee129858e84f076a978357
llama3.2:1b,chicken,war,12,emotional,action_a,yield,action_a,,1,False,chicken_war_var_12,results/evaluations/results_llama3.2_1b.csv,849,action_a,yield,447852c21b5085539ccbcf01b83cbeab4ca90b02591060f3c3fb12985c59b14d
llama3.2:1b,chicken,war,12,generic,action_a,yield,action_a,,1,False,chicken_war_var_12,results/evaluations/results_llama3.2_1b.csv,847,action_a,yield,fbf7cefc474ca1e36331af14930839ee6e0a606542af123ad2f45f91bb2a37ae
llama3.2:1b,chicken,war,12,rational,action_a,yield,action_a,,1,False,chicken_war_var_12,results/evaluations/results_llama3.2_1b.csv,848,action_a,yield,9100cc3fd958f4cbd2ddc84457a8fe755165fa500c5f78c9b79e57f1bfc5aefe
llama3.2:1b,chicken,war,13,emotional,action_b,escalate,action_a,,0,True,chicken_war_var_13,results/evaluations/results_llama3.2_1b.csv,852,action_b,escalate,6dded5eaf3c6bdcdd527f6f4430b20d5baf821063fd6efe5b4d8be006828576e
llama3.2:1b,chicken,war,13,generic,action_b,escalate,action_a,,0,True,chicken_war_var_13,results/evaluations/results_llama3.2_1b.csv,850,action_b,escalate,ef644808f02a19ccfbf0998bd51d8196119f9e79484576d37aa5b51346a4e885
llama3.2:1b,chicken,war,13,rational,action_b,escalate,action_a,,0,True,chicken_war_var_13,results/evaluations/results_llama3.2_1b.csv,851,action_b,escalate,2b9e5f21ed71956915749d4792bd6e6950960b1ca7a6f124d01340d7fd577c25
llama3.2:1b,chicken,war,14,emotional,action_a,yield,action_a,,1,False,chicken_war_var_14,results/evaluations/results_llama3.2_1b.csv,855,action_a,yield,700e892c2db4f48337d53935f67c538ea418fb4e9f3516836527cb4819440b3f
llama3.2:1b,chicken,war,14,generic,action_a,yield,action_a,,1,False,chicken_war_var_14,results/evaluations/results_llama3.2_1b.csv,853,action_a,yield,504c55fe203ac8707298d5199ae906808712f8e6ee3d244465091970a235f557
llama3.2:1b,chicken,war,14,rational,action_a,yield,action_a,,1,False,chicken_war_var_14,results/evaluations/results_llama3.2_1b.csv,854,action_a,yield,37c272cedf395d8bb62fdcd062e1f5993bcbb823f7416e4e5720239490551243
llama3.2:1b,chicken,war,15,emotional,action_b,escalate,action_a,,0,True,chicken_war_var_15,results/evaluations/results_llama3.2_1b.csv,858,action_b,escalate,1ba642436efd9edf2dcc79ebaff161742e4b758e99e300b53cd09d6d9b5c0dac
llama3.2:1b,chicken,war,15,generic,action_b,escalate,action_a,,0,True,chicken_war_var_15,results/evaluations/results_llama3.2_1b.csv,856,action_b,escalate,0675adc10da7c3437050e2946bfb01b0f773be61e4ac669e8eab82a621b39027
llama3.2:1b,chicken,war,15,rational,action_b,escalate,action_a,,0,True,chicken_war_var_15,results/evaluations/results_llama3.2_1b.csv,857,action_b,escalate,769b55261dbf47f0e020e727d7b56d43a273d7f2bee1f5304f522dcbb27eb6b2
llama3.2:1b,chicken,war,16,emotional,action_a,yield,action_a,,1,False,chicken_war_var_16,results/evaluations/results_llama3.2_1b.csv,861,action_a,yield,b68eae38675802b60beaeb5fa73e1910749ebd72910369d201a1e4b75c35c219
llama3.2:1b,chicken,war,16,generic,action_a,yield,action_a,,1,False,chicken_war_var_16,results/evaluations/results_llama3.2_1b.csv,859,action_a,yield,da089b8f8215940a8cccc300903f872d15f7af22433359b4e4142b2ef4033319
llama3.2:1b,chicken,war,16,rational,action_a,yield,action_a,,1,False,chicken_war_var_16,results/evaluations/results_llama3.2_1b.csv,860,action_a,yield,3aa0d7341218d27ffe98b93f24f84b43bc69ff1b35002c2cda72c75e31b604d0
llama3.2:1b,chicken,war,17,emotional,action_b,escalate,action_a,,0,True,chicken_war_var_17,results/evaluations/results_llama3.2_1b.csv,864,action_b,escalate,f2bbf9320fc55c97d7213047ff4d56e7489a8f4166c0279a3c90a1e7f3da7707
llama3.2:1b,chicken,war,17,generic,action_b,escalate,action_a,,0,True,chicken_war_var_17,results/evaluations/results_llama3.2_1b.csv,862,action_b,escalate,46451cc16eb08a60f0fc19129f08062c0f87671ce1e32424ac38fce8b88da719
llama3.2:1b,chicken,war,17,rational,action_b,escalate,action_a,,0,True,chicken_war_var_17,results/evaluations/results_llama3.2_1b.csv,863,action_b,escalate,89ecba4eec5a8c01de76c9b7bf7d6131f73f19255e15c710a8101c6f962328f6
llama3.2:1b,chicken,war,18,emotional,action_a,yield,action_a,,1,False,chicken_war_var_18,results/evaluations/results_llama3.2_1b.csv,867,action_a,yield,b860686f8773a3086294475d971be418021db88ecdfd9236319afedc0e6f96cc
llama3.2:1b,chicken,war,18,generic,action_a,yield,action_a,,1,False,chicken_war_var_18,results/evaluations/results_llama3.2_1b.csv,865,action_a,yield,a1e7dbcd8fc3696f4a2c40ed96eee803e71c628495a8937cdbbb34a4ddf8d82f
llama3.2:1b,chicken,war,18,rational,action_a,yield,action_a,,1,False,chicken_war_var_18,results/evaluations/results_llama3.2_1b.csv,866,action_a,yield,68c98acb79cb11a2fb096d4aece2044e4b0204878645635a5722631fc4da6c33
llama3.2:1b,chicken,war,19,emotional,action_b,escalate,action_a,,0,True,chicken_war_var_19,results/evaluations/results_llama3.2_1b.csv,870,action_b,escalate,708fe015dfd460ba82001cbd5a3f95adc04276698ad8a3c76c58a5d2d90a145e
llama3.2:1b,chicken,war,19,generic,action_b,escalate,action_a,,0,True,chicken_war_var_19,results/evaluations/results_llama3.2_1b.csv,868,action_b,escalate,70cde65c6e48d4c7c4421d273b398faa45ec7e869c30ac93d34fd74778876123
llama3.2:1b,chicken,war,19,rational,action_b,escalate,action_a,,0,True,chicken_war_var_19,results/evaluations/results_llama3.2_1b.csv,869,action_b,escalate,06662097be6deb19b4d0e16225fb065418b08cfd73b71565c6ff7a7f21d2d1f3
llama3.2:1b,chicken,war,2,emotional,action_a,yield,action_a,,1,False,chicken_war_var_2,results/evaluations/results_llama3.2_1b.csv,819,action_a,yield,38aee2d86019be8496c9ffb0cdbae032f566ab242a3ba3355338c6b0e9e80cb9
llama3.2:1b,chicken,war,2,generic,action_a,yield,action_a,,1,False,chicken_war_var_2,results/evaluations/results_llama3.2_1b.csv,817,action_a,yield,a4b79befa0f95fd2fcb400cb88cb16ceec68b72473ec4aee7bb671fadc09b6e4
llama3.2:1b,chicken,war,2,rational,action_a,yield,action_a,,1,False,chicken_war_var_2,results/evaluations/results_llama3.2_1b.csv,818,action_a,yield,751297d36aa5fe30e7734ff58ef3c9352f5caee3f379c450da44062d4c69a34d
llama3.2:1b,chicken,war,20,emotional,action_a,yield,action_a,,1,False,chicken_war_var_20,results/evaluations/results_llama3.2_1b.csv,873,action_a,yield,7ad7ebd3526172017f4863988d1921f0104f49934d9d35f98bda663d55a21f0e
llama3.2:1b,chicken,war,20,generic,action_a,yield,action_a,,1,False,chicken_war_var_20,results/evaluations/results_llama3.2_1b.csv,871,action_a,yield,742ce948b249598945371033c7ba1e033211d9c6f9e0d0c85ebf2cd850d83f6e
llama3.2:1b,chicken,war,20,rational,action_a,yield,action_a,,1,False,chicken_war_var_20,results/evaluations/results_llama3.2_1b.csv,872,action_a,yield,c9edb2e9246a353b95a34c906a4d44d9bce1386c1f5fb535bb0db5cef47364da
llama3.2:1b,chicken,war,21,emotional,action_b,escalate,action_a,,0,True,chicken_war_var_21,results/evaluations/results_llama3.2_1b.csv,876,action_b,escalate,d03ab282f79901963c29d64af9d01cacde762fa58c7e6f565f56338e2f962ed5
llama3.2:1b,chicken,war,21,generic,action_b,escalate,action_a,,0,True,chicken_war_var_21,results/evaluations/results_llama3.2_1b.csv,874,action_b,escalate,e62c40f3047c1b89ff4bca74ff33b6bdd52e5c5d00303916eb264b856420f81f
llama3.2:1b,chicken,war,21,rational,action_b,escalate,action_a,,0,True,chicken_war_var_21,results/evaluations/results_llama3.2_1b.csv,875,action_b,escalate,f539fadae83df07547cdd99470732e65e99a65ba8c1a3161aa25ba584c3221e2
llama3.2:1b,chicken,war,22,emotional,action_a,yield,action_a,,1,False,chicken_war_var_22,results/evaluations/results_llama3.2_1b.csv,879,action_a,yield,0e455ffbe0e223f8d51e26cd09221159fb0072394c1ae1b1b253f19a58462b5f
llama3.2:1b,chicken,war,22,generic,action_a,yield,action_a,,1,False,chicken_war_var_22,results/evaluations/results_llama3.2_1b.csv,877,action_a,yield,1c5fabb52b6eb0efe5b37c2a55ca67ff5bec45d3a0e2bddbced9e727c99edf62
llama3.2:1b,chicken,war,22,rational,action_a,yield,action_a,,1,False,chicken_war_var_22,results/evaluations/results_llama3.2_1b.csv,878,action_a,yield,12c6876f64a836f70abe21728065aeaf54f60360c323a1034abce60b73b4ebe0
llama3.2:1b,chicken,war,23,emotional,action_b,escalate,action_a,,0,True,chicken_war_var_23,results/evaluations/results_llama3.2_1b.csv,882,action_b,escalate,6fc3cc8d439db78761f17ebfc5d46f4e8cf7e01dbae3d5d28e8ace569d227fb4
llama3.2:1b,chicken,war,23,generic,action_b,escalate,action_a,,0,True,chicken_war_var_23,results/evaluations/results_llama3.2_1b.csv,880,action_b,escalate,fc2b4363e7e0615a9b7efa412d1bc91de7e762b0f1ea08574896f1b168b8becf
llama3.2:1b,chicken,war,23,rational,action_b,escalate,action_a,,0,True,chicken_war_var_23,results/evaluations/results_llama3.2_1b.csv,881,action_b,escalate,1c38502e6969e9e2b61dac6c0f81adb10ea05a0b4efc7e07c7c5e290db6d3545
llama3.2:1b,chicken,war,24,emotional,action_a,yield,action_a,,1,False,chicken_war_var_24,results/evaluations/results_llama3.2_1b.csv,885,action_a,yield,5c1980aa8b9ad142cec13f5268dde1eb10b59d8fd3e6d55445f9a8565e46402e
llama3.2:1b,chicken,war,24,generic,action_a,yield,action_a,,1,False,chicken_war_var_24,results/evaluations/results_llama3.2_1b.csv,883,action_a,yield,e8dd0f143277aa3e366cce8d4f432645bea038093e8df6044ecce4ff76bc9f1a
llama3.2:1b,chicken,war,24,rational,action_a,yield,action_a,,1,False,chicken_war_var_24,results/evaluations/results_llama3.2_1b.csv,884,action_a,yield,9ca1988735427553ace24b9b10fae6b898b5b1ad694289976c6e846aad20a6d3
llama3.2:1b,chicken,war,25,emotional,action_b,escalate,action_a,,0,True,chicken_war_var_25,results/evaluations/results_llama3.2_1b.csv,888,action_b,escalate,8e6c90b6bb280fa8551a1927b7467479222bbf1d618440814c743e149d5e3315
llama3.2:1b,chicken,war,25,generic,action_b,escalate,action_a,,0,True,chicken_war_var_25,results/evaluations/results_llama3.2_1b.csv,886,action_b,escalate,aefc8131d9cc3768899983a7ddca478a8f6c0f3ea84d69fd023d0297521615fc
llama3.2:1b,chicken,war,25,rational,action_b,escalate,action_a,,0,True,chicken_war_var_25,results/evaluations/results_llama3.2_1b.csv,887,action_b,escalate,fce332cf436aae137a8aed9a7a6718520a9746c327e918c428727fe639197ad1
llama3.2:1b,chicken,war,26,emotional,action_a,yield,action_a,,1,False,chicken_war_var_26,results/evaluations/results_llama3.2_1b.csv,891,action_a,yield,f3b681610286583a7ba8e07936959dd3fae8457e91b675b43f7a43a88446c47d
llama3.2:1b,chicken,war,26,generic,action_a,yield,action_a,,1,False,chicken_war_var_26,results/evaluations/results_llama3.2_1b.csv,889,action_a,yield,b9cc96ffb4bd00e6f5e872c54e7d3f3743a5c6f18e26e5b752ed848f52f0e7a8
llama3.2:1b,chicken,war,26,rational,action_a,yield,action_a,,1,False,chicken_war_var_26,results/evaluations/results_llama3.2_1b.csv,890,action_a,yield,be5eeccbeab20fba28b99cd1ba32b0f63b8ca5fb03ffeeda4c7799d7b7ca95e7
llama3.2:1b,chicken,war,27,emotional,action_b,escalate,action_a,,0,True,chicken_war_var_27,results/evaluations/results_llama3.2_1b.csv,894,action_b,escalate,4dc16df07b52415154e6edebc2063b658d4c0945acd1f3b5804716ae106dffbb
llama3.2:1b,chicken,war,27,generic,action_b,escalate,action_a,,0,True,chicken_war_var_27,results/evaluations/results_llama3.2_1b.csv,892,action_b,escalate,a08acf4b246d047311031735b1b779f805eee5091d8fc54ed8a8b44f9cf82cc1
llama3.2:1b,chicken,war,27,rational,action_b,escalate,action_a,,0,True,chicken_war_var_27,results/evaluations/results_llama3.2_1b.csv,893,action_b,escalate,037350b40934b129c646c920da3550efcad9718f6ed0bafbb7dbc12c518a5b6c
llama3.2:1b,chicken,war,28,emotional,action_a,yield,action_a,,1,False,chicken_war_var_28,results/evaluations/results_llama3.2_1b.csv,897,action_a,yield,0394e7f8f1170e0d2aa65e9c75e6578e5950398f58f81ea2b0e30054300ee410
llama3.2:1b,chicken,war,28,generic,action_a,yield,action_a,,1,False,chicken_war_var_28,results/evaluations/results_llama3.2_1b.csv,895,action_a,yield,5621d986a5120ff2540a5ade845300ef75251b7c4db57bd4345bb96aa20be546
llama3.2:1b,chicken,war,28,rational,action_a,yield,action_a,,1,False,chicken_war_var_28,results/evaluations/results_llama3.2_1b.csv,896,action_a,yield,32093b43193720a8f22eeec57a8f77123bbcb0910e6a4f47b7580cdb20df589d
llama3.2:1b,chicken,war,29,emotional,action_b,escalate,action_a,,0,True,chicken_war_var_29,results/evaluations/results_llama3.2_1b.csv,900,action_b,escalate,885a070469fb394f7de610a2c0e7f2868fed7f9ac1985915c7d3505cebabc78e
llama3.2:1b,chicken,war,29,generic,action_b,escalate,action_a,,0,True,chicken_war_var_29,results/evaluations/results_llama3.2_1b.csv,898,action_b,escalate,1bf2c154f1cd006c7b6a0bb1d72bf75f653f8007d30c4c636ce627df3acafca9
llama3.2:1b,chicken,war,29,rational,action_b,escalate,action_a,,0,True,chicken_war_var_29,results/evaluations/results_llama3.2_1b.csv,899,action_b,escalate,1b7d18572ba9594788e6e9640798004b5c96617b923796d40a7c615ed6b915a7
llama3.2:1b,chicken,war,3,emotional,action_b,escalate,action_a,,0,True,chicken_war_var_3,results/evaluations/results_llama3.2_1b.csv,822,action_b,escalate,6cc4e314ce386e825b37f957eafcc3fc04c126ecec59e47b4600a2991ee1d439
llama3.2:1b,chicken,war,3,generic,action_b,escalate,action_a,,0,True,chicken_war_var_3,results/evaluations/results_llama3.2_1b.csv,820,action_b,escalate,f40e680cb3d891603e722a5153d2e516d8b9d1935be751cac23619df75610a84
llama3.2:1b,chicken,war,3,rational,action_b,escalate,action_a,,0,True,chicken_war_var_3,results/evaluations/results_llama3.2_1b.csv,821,action_b,escalate,f740ab3a12828c53507838f11bf87176a0754bfa5e94ab8e49340891a0f3a609
llama3.2:1b,chicken,war,4,emotional,action_a,yield,action_a,,1,False,chicken_war_var_4,results/evaluations/results_llama3.2_1b.csv,825,action_a,yield,30b8750feca9d6d391d2af8bca86e770815e471bf18ff62d9762af64fb8709a7
llama3.2:1b,chicken,war,4,generic,action_a,yield,action_a,,1,False,chicken_war_var_4,results/evaluations/results_llama3.2_1b.csv,823,action_a,yield,c17bb6f28dd0c2680ad330a93b3b241c67267ed343858478ac8b396b78545b42
llama3.2:1b,chicken,war,4,rational,action_a,yield,action_a,,1,False,chicken_war_var_4,results/evaluations/results_llama3.2_1b.csv,824,action_a,yield,3d00e6665699bf18f384882175caaa113c3c26c04a2a4e6df0c5048b98810289
llama3.2:1b,chicken,war,5,emotional,action_b,escalate,action_a,,0,True,chicken_war_var_5,results/evaluations/results_llama3.2_1b.csv,828,action_b,escalate,47fe23e21b41da16a207050eaf30e33efbeab6f2687b2c2b15a3b9900db07da2
llama3.2:1b,chicken,war,5,generic,action_b,escalate,action_a,,0,True,chicken_war_var_5,results/evaluations/results_llama3.2_1b.csv,826,action_b,escalate,1864d6ec9d2f0a8ab397bf280d6d5cecd22a9ea46f38acfe8fbeeae1f67eddd9
llama3.2:1b,chicken,war,5,rational,action_b,escalate,action_a,,0,True,chicken_war_var_5,results/evaluations/results_llama3.2_1b.csv,827,action_b,escalate,4d7c8f0447bbfee2aa8ac59412867c32a939ba716e9b0b8ed4aafd28ea024d84
llama3.2:1b,chicken,war,6,emotional,action_a,yield,action_a,,1,False,chicken_war_var_6,results/evaluations/results_llama3.2_1b.csv,831,action_a,yield,25ad6e406a7b68905e4e5e3b11362ac04214f14af473040b2da489cc055dbaf9
llama3.2:1b,chicken,war,6,generic,action_a,yield,action_a,,1,False,chicken_war_var_6,results/evaluations/results_llama3.2_1b.csv,829,action_a,yield,a43c93d95e2d3c2493f69d9d9ef7ad3171f64d0dd28cc9d5e737789ef9f0ea2e
llama3.2:1b,chicken,war,6,rational,action_a,yield,action_a,,1,False,chicken_war_var_6,results/evaluations/results_llama3.2_1b.csv,830,action_a,yield,4fe332b2f957dba2345f42371e0d35f06cd69881e7aee2e023b4c0b109efb2d3
llama3.2:1b,chicken,war,7,emotional,action_b,escalate,action_a,,0,True,chicken_war_var_7,results/evaluations/results_llama3.2_1b.csv,834,action_b,escalate,1d0533ac7d69bcc30e84034a68ea1edb0bfc3e77c4004c9d7a88df80c2151fdb
llama3.2:1b,chicken,war,7,generic,action_b,escalate,action_a,,0,True,chicken_war_var_7,results/evaluations/results_llama3.2_1b.csv,832,action_b,escalate,cb3b16e65544283f751deeaa57e33a07e3912a153f4bfcde2d1af55394ae3829
llama3.2:1b,chicken,war,7,rational,action_b,escalate,action_a,,0,True,chicken_war_var_7,results/evaluations/results_llama3.2_1b.csv,833,action_b,escalate,e62c0b4067d6ae373e2b40f4efd5e4ed7c374b0548105fa273141c6e274952df
llama3.2:1b,chicken,war,8,emotional,action_a,yield,action_a,,1,False,chicken_war_var_8,results/evaluations/results_llama3.2_1b.csv,837,action_a,yield,e9c8ec69c23d73ff2d6cdcdae524218197e98190493ba1b623d857c9ca7d5ade
llama3.2:1b,chicken,war,8,generic,action_a,yield,action_a,,1,False,chicken_war_var_8,results/evaluations/results_llama3.2_1b.csv,835,action_a,yield,7c6b8d73dee3029df3054bd927a55fadd117cb8f0accef3da078ce6a55134614
llama3.2:1b,chicken,war,8,rational,action_a,yield,action_a,,1,False,chicken_war_var_8,results/evaluations/results_llama3.2_1b.csv,836,action_a,yield,92f4b9fa2bf859b5d04951f2baf939b59ad37e7ea69863d439a9d1c790fe743e
llama3.2:1b,chicken,war,9,emotional,action_b,escalate,action_a,,0,True,chicken_war_var_9,results/evaluations/results_llama3.2_1b.csv,840,action_b,escalate,0fb325f7445942729f0ef78c4f003fedfc143706cc68e94c0517fa4e47211220
llama3.2:1b,chicken,war,9,generic,action_b,escalate,action_a,,0,True,chicken_war_var_9,results/evaluations/results_llama3.2_1b.csv,838,action_b,escalate,5ecb8ad722e93ec0300ce217ebe94e1e575e3852d3948b45376134dd3666837f
llama3.2:1b,chicken,war,9,rational,action_b,escalate,action_a,,0,True,chicken_war_var_9,results/evaluations/results_llama3.2_1b.csv,839,action_b,escalate,6ebc3a29d550ef6d1213dba7d5c109f338f0564e60e7b82e7f8ce990efa2c99c
llama3.2:1b,el_farol_bar,abstract_game_theory,0,emotional,action_a,go_to_bar,action_a,,0,False,el_farol_bar_abstract_game_theory_var_0,results/evaluations/results_llama3.2_1b.csv,903,action_a,go_to_bar,40071e3e4ef603bacd76b15ab01398a7483a733b12e2375192658cdf75d417e6
llama3.2:1b,el_farol_bar,abstract_game_theory,0,generic,action_a,go_to_bar,action_a,,0,False,el_farol_bar_abstract_game_theory_var_0,results/evaluations/results_llama3.2_1b.csv,901,action_a,go_to_bar,26fb0621f54f1381ef3d885b570f6b0b1a233a55f8518f8a951be46dd2d119df
llama3.2:1b,el_farol_bar,abstract_game_theory,0,rational,action_a,go_to_bar,action_a,,0,False,el_farol_bar_abstract_game_theory_var_0,results/evaluations/results_llama3.2_1b.csv,902,action_a,go_to_bar,1af41652111b11168b0274e6c080f8a389e5a9c61e74736ad3707ae91a334130
llama3.2:1b,el_farol_bar,abstract_game_theory,1,emotional,action_b,stay_home,action_a,,1,True,el_farol_bar_abstract_game_theory_var_1,results/evaluations/results_llama3.2_1b.csv,906,action_b,stay_home,723b6a88881a96bc8d68bc9eb8075292cbeb608660c992dcd4c4caf627a1bd56
llama3.2:1b,el_farol_bar,abstract_game_theory,1,generic,action_b,stay_home,action_a,,1,True,el_farol_bar_abstract_game_theory_var_1,results/evaluations/results_llama3.2_1b.csv,904,action_b,stay_home,e9f932daae56c5fc3ac6a5c7985d778a069c4d89cb6f77682d2c72dba74ffee0
llama3.2:1b,el_farol_bar,abstract_game_theory,1,rational,action_b,stay_home,action_a,,1,True,el_farol_bar_abstract_game_theory_var_1,results/evaluations/results_llama3.2_1b.csv,905,action_b,stay_home,2db5cb461a3583d4da3b8fe339a9ff1d8cdf3d630b4e1bb3c3a08f4f5ca0a6ac
llama3.2:1b,el_farol_bar,abstract_game_theory,10,emotional,action_a,go_to_bar,action_a,,0,False,el_farol_bar_abstract_game_theory_var_10,results/evaluations/results_llama3.2_1b.csv,933,action_a,go_to_bar,a49be17c9f3e2d6df7ad5947c896ee35dbb73a0d6275375072358a2b2aa8d80a
llama3.2:1b,el_farol_bar,abstract_game_theory,10,generic,action_a,go_to_bar,action_a,,0,False,el_farol_bar_abstract_game_theory_var_10,results/evaluations/results_llama3.2_1b.csv,931,action_a,go_to_bar,c9975691b68087ea67a1a68b053b9f8514beba8305b4abd3d502a9cdeb776195
llama3.2:1b,el_farol_bar,abstract_game_theory,10,rational,action_a,go_to_bar,action_a,,0,False,el_farol_bar_abstract_game_theory_var_10,results/evaluations/results_llama3.2_1b.csv,932,action_a,go_to_bar,c6a3896e680eff15266d7f596552e5f01c6246e88d370a46b06d585ddf86ecba
llama3.2:1b,el_farol_bar,abstract_game_theory,11,emotional,action_b,stay_home,action_a,,1,True,el_farol_bar_abstract_game_theory_var_11,results/evaluations/results_llama3.2_1b.csv,936,action_b,stay_home,5dcb76b8113e0dc0bb6d33a7d11d21c596ed72482202f5fa716fa33ec7b90d8d
llama3.2:1b,el_farol_bar,abstract_game_theory,11,generic,action_b,stay_home,action_a,,1,True,el_farol_bar_abstract_game_theory_var_11,results/evaluations/results_llama3.2_1b.csv,934,action_b,stay_home,6f6d5c5ab59353878defa3f088ad8fdeef6c3f8717221c3c6067a31f0c65d3a2
llama3.2:1b,el_farol_bar,abstract_game_theory,11,rational,action_b,stay_home,action_a,,1,True,el_farol_bar_abstract_game_theory_var_11,results/evaluations/results_llama3.2_1b.csv,935,action_b,stay_home,b77d2ec5c6769a8255d84df7be8faf991ce1b4fbef080b6db5332506f6345af9
llama3.2:1b,el_farol_bar,abstract_game_theory,12,emotional,action_a,go_to_bar,action_a,,0,False,el_farol_bar_abstract_game_theory_var_12,results/evaluations/results_llama3.2_1b.csv,939,action_a,go_to_bar,daf29dcdba1e2847b15b84d8a14889b7122dde4d3594c089bb100277e929144d
llama3.2:1b,el_farol_bar,abstract_game_theory,12,generic,action_a,go_to_bar,action_a,,0,False,el_farol_bar_abstract_game_theory_var_12,results/evaluations/results_llama3.2_1b.csv,937,action_a,go_to_bar,9767c8a9c28b673e40ee8535a93d620553d8483ebeaa8f0ddbb90c3005b88098
llama3.2:1b,el_farol_bar,abstract_game_theory,12,rational,action_a,go_to_bar,action_a,,0,False,el_farol_bar_abstract_game_theory_var_12,results/evaluations/results_llama3.2_1b.csv,938,action_a,go_to_bar,410c0143b947b0c141f9d55203dfee148ee51bc3db46e2445a322bcdc8905f69
llama3.2:1b,el_farol_bar,abstract_game_theory,13,emotional,action_b,stay_home,action_a,,1,True,el_farol_bar_abstract_game_theory_var_13,results/evaluations/results_llama3.2_1b.csv,942,action_b,stay_home,2bf90c0d294867215c86ab83433d76cc45d76acfbb33d53f52fe7015f58f485f
llama3.2:1b,el_farol_bar,abstract_game_theory,13,generic,action_b,stay_home,action_a,,1,True,el_farol_bar_abstract_game_theory_var_13,results/evaluations/results_llama3.2_1b.csv,940,action_b,stay_home,6d3ff856b3620f63a0c9441c6c3925d65be433d1c2bf11b7f7625c758454abf9
llama3.2:1b,el_farol_bar,abstract_game_theory,13,rational,action_b,stay_home,action_a,,1,True,el_farol_bar_abstract_game_theory_var_13,results/evaluations/results_llama3.2_1b.csv,941,action_b,stay_home,d4b9654ed31c2fe4b28df445a12948e4298223e33e3692539453df3e5a6208cf
llama3.2:1b,el_farol_bar,abstract_game_theory,14,emotional,action_a,go_to_bar,action_a,,0,False,el_farol_bar_abstract_game_theory_var_14,results/evaluations/results_llama3.2_1b.csv,945,action_a,go_to_bar,c760eda392fe8049873dfaa16ea1da3664fa83fcb2c051a9b9750e049d8098d3
llama3.2:1b,el_farol_bar,abstract_game_theory,14,generic,action_a,go_to_bar,action_a,,0,False,el_farol_bar_abstract_game_theory_var_14,results/evaluations/results_llama3.2_1b.csv,943,action_a,go_to_bar,b75afd2668bde691c96c705a0ba2a49dbd056835bdfaf330c3721aef6ef02448
llama3.2:1b,el_farol_bar,abstract_game_theory,14,rational,action_a,go_to_bar,action_a,,0,False,el_farol_bar_abstract_game_theory_var_14,results/evaluations/results_llama3.2_1b.csv,944,action_a,go_to_bar,99c55448c0e82ab401a4e376730454190be127c0c8bb62bd5bbd1ef2904904d1
llama3.2:1b,el_farol_bar,abstract_game_theory,15,emotional,action_b,stay_home,action_a,,1,True,el_farol_bar_abstract_game_theory_var_15,results/evaluations/results_llama3.2_1b.csv,948,action_b,stay_home,69f06c791072e5182273527b3d9577ca35a5e98821eb20c63ad6a69622b0bb45
llama3.2:1b,el_farol_bar,abstract_game_theory,15,generic,action_b,stay_home,action_a,,1,True,el_farol_bar_abstract_game_theory_var_15,results/evaluations/results_llama3.2_1b.csv,946,action_b,stay_home,024d05f10df9e6b2cdeb8eecce8a5f2b8e12e72760b891a169c368c87dc29754
llama3.2:1b,el_farol_bar,abstract_game_theory,15,rational,action_b,stay_home,action_a,,1,True,el_farol_bar_abstract_game_theory_var_15,results/evaluations/results_llama3.2_1b.csv,947,action_b,stay_home,cdd435bf3dd2bde66073c44360290c2212eca5533d9bd86bb75f87d600958ef3
llama3.2:1b,el_farol_bar,abstract_game_theory,16,emotional,action_a,go_to_bar,action_a,,0,False,el_farol_bar_abstract_game_theory_var_16,results/evaluations/results_llama3.2_1b.csv,951,action_a,go_to_bar,24203e7ca1efb909cf08b940fca359ce9000ddd3ac734f8dd6f966e8267a1560
llama3.2:1b,el_farol_bar,abstract_game_theory,16,generic,action_a,go_to_bar,action_a,,0,False,el_farol_bar_abstract_game_theory_var_16,results/evaluations/results_llama3.2_1b.csv,949,action_a,go_to_bar,5e5c3f90c37643f3eae5e734adec55814487f7e3a40c1c63884565d4e6d944a6
llama3.2:1b,el_farol_bar,abstract_game_theory,16,rational,action_a,go_to_bar,action_a,,0,False,el_farol_bar_abstract_game_theory_var_16,results/evaluations/results_llama3.2_1b.csv,950,action_a,go_to_bar,4184a2166aa03a00b0ab7a7248f4976eee7dbb87d8fd41a2cd0756482c12bf2a
llama3.2:1b,el_farol_bar,abstract_game_theory,17,emotional,action_b,stay_home,action_a,,1,True,el_farol_bar_abstract_game_theory_var_17,results/evaluations/results_llama3.2_1b.csv,954,action_b,stay_home,7a77f6bb838aa4454afcd08a4b650861df1ae353c8f663af3ed9af4fab32f879
llama3.2:1b,el_farol_bar,abstract_game_theory,17,generic,action_b,stay_home,action_a,,1,True,el_farol_bar_abstract_game_theory_var_17,results/evaluations/results_llama3.2_1b.csv,952,action_b,stay_home,c0ee33ea51d98a99a0f50e0ae9831db0a0f81e8c8bd6d9e8e5a439eaac8a913a
llama3.2:1b,el_farol_bar,abstract_game_theory,17,rational,action_b,stay_home,action_a,,1,True,el_farol_bar_abstract_game_theory_var_17,results/evaluations/results_llama3.2_1b.csv,953,action_b,stay_home,ceaaf919c0b0736977b3b8c10fab969d56a9008e0103f2bd3b84faffc39f7fb1
llama3.2:1b,el_farol_bar,abstract_game_theory,18,emotional,action_a,go_to_bar,action_a,,0,False,el_farol_bar_abstract_game_theory_var_18,results/evaluations/results_llama3.2_1b.csv,957,action_a,go_to_bar,bb0a878ebd0f9475d0133e309aaf1303eacdcd179fcccce3b1d9e3ef1a59524d
llama3.2:1b,el_farol_bar,abstract_game_theory,18,generic,action_a,go_to_bar,action_a,,0,False,el_farol_bar_abstract_game_theory_var_18,results/evaluations/results_llama3.2_1b.csv,955,action_a,go_to_bar,029f1e0fa14bbed3ece80c1c3ea4f5be3a39554876c98d91791dc8079c9a6f6e
llama3.2:1b,el_farol_bar,abstract_game_theory,18,rational,action_a,go_to_bar,action_a,,0,False,el_farol_bar_abstract_game_theory_var_18,results/evaluations/results_llama3.2_1b.csv,956,action_a,go_to_bar,7f60d8ded08ba4e4b04a4a8cf2bd8a00dd412829fcfb948ebd40600a1a3aad4a
llama3.2:1b,el_farol_bar,abstract_game_theory,19,emotional,action_b,stay_home,action_a,,1,True,el_farol_bar_abstract_game_theory_var_19,results/evaluations/results_llama3.2_1b.csv,960,action_b,stay_home,f5a25a83ddc0c51d5a6b7f3b19a8a77647984a3e97230c3f5bb0019280d97405
llama3.2:1b,el_farol_bar,abstract_game_theory,19,generic,action_b,stay_home,action_a,,1,True,el_farol_bar_abstract_game_theory_var_19,results/evaluations/results_llama3.2_1b.csv,958,action_b,stay_home,445f22ee63971f5c961ae9f64e8d291da04fdc0ee6087c0a0763b48c5077719c
llama3.2:1b,el_farol_bar,abstract_game_theory,19,rational,action_b,stay_home,action_a,,1,True,el_farol_bar_abstract_game_theory_var_19,results/evaluations/results_llama3.2_1b.csv,959,action_b,stay_home,22aa8737f711e46f5c626dfd041fa1df093192281ef1617131a9297118649969
llama3.2:1b,el_farol_bar,abstract_game_theory,2,emotional,action_a,go_to_bar,action_a,,0,False,el_farol_bar_abstract_game_theory_var_2,results/evaluations/results_llama3.2_1b.csv,909,action_a,go_to_bar,62c66aca1907d30e2933b0050120fa89919c5a4f6f1a64acbb367920b047ae12
llama3.2:1b,el_farol_bar,abstract_game_theory,2,generic,action_a,go_to_bar,action_a,,0,False,el_farol_bar_abstract_game_theory_var_2,results/evaluations/results_llama3.2_1b.csv,907,action_a,go_to_bar,1bbfbb28f219c87d5c2d25c2b8dac5a621d4c9c799bcff778bf9d076cdb7c467
llama3.2:1b,el_farol_bar,abstract_game_theory,2,rational,action_a,go_to_bar,action_a,,0,False,el_farol_bar_abstract_game_theory_var_2,results/evaluations/results_llama3.2_1b.csv,908,action_a,go_to_bar,8d7e62106622ab98dd2e62316259794f83623c08a4a5dd4b044bfb30d1f097b6
llama3.2:1b,el_farol_bar,abstract_game_theory,20,emotional,action_a,go_to_bar,action_a,,0,False,el_farol_bar_abstract_game_theory_var_20,results/evaluations/results_llama3.2_1b.csv,963,action_a,go_to_bar,2e17816f1bfffcf81bde5f6d74809233ddbbf9ba210ffdb5e2bde06b407703c1
llama3.2:1b,el_farol_bar,abstract_game_theory,20,generic,action_a,go_to_bar,action_a,,0,False,el_farol_bar_abstract_game_theory_var_20,results/evaluations/results_llama3.2_1b.csv,961,action_a,go_to_bar,e6aec1899f3a9e101d5e1371aa0b76348dca40b0a7ea3f1c9c30cd165f7b9149
llama3.2:1b,el_farol_bar,abstract_game_theory,20,rational,action_a,go_to_bar,action_a,,0,False,el_farol_bar_abstract_game_theory_var_20,results/evaluations/results_llama3.2_1b.csv,962,action_a,go_to_bar,af4c7d3e8b2f2e7d9fb6fc9dba1ba9dd0ab4a7a8ce31e6bb72d097713f5969ec
llama3.2:1b,el_farol_bar,abstract_game_theory,21,emotional,action_b,stay_home,action_a,,1,True,el_farol_bar_abstract_game_theory_var_21,results/evaluations/results_llama3.2_1b.csv,966,action_b,stay_home,5510400e7049d82c0ea60572fe0ecd045851e181a6edf511bc791dadf64cef36
llama3.2:1b,el_farol_bar,abstract_game_theory,21,generic,action_b,stay_home,action_a,,1,True,el_farol_bar_abstract_game_theory_var_21,results/evaluations/results_llama3.2_1b.csv,964,action_b,stay_home,79a243887c2b16f5ccbe2d0db70b50e80622d3fe5053d84b80f15eaf8324b3ee
llama3.2:1b,el_farol_bar,abstract_game_theory,21,rational,action_b,stay_home,action_a,,1,True,el_farol_bar_abstract_game_theory_var_21,results/evaluations/results_llama3.2_1b.csv,965,action_b,stay_home,58f59331a6d0582ec9f1c38f404aeda66c3040aaf7b8d211b27379c44ae27755
llama3.2:1b,el_farol_bar,abstract_game_theory,22,emotional,action_a,go_to_bar,action_a,,0,False,el_farol_bar_abstract_game_theory_var_22,results/evaluations/results_llama3.2_1b.csv,969,action_a,go_to_bar,9916c79fa1a378cea5cebc2eddbef12560c02156511a4f4b2fa9aa87a4457d9c
llama3.2:1b,el_farol_bar,abstract_game_theory,22,generic,action_a,go_to_bar,action_a,,0,False,el_farol_bar_abstract_game_theory_var_22,results/evaluations/results_llama3.2_1b.csv,967,action_a,go_to_bar,6c8bad0273fe64456219bd3b4c329a0df9c2f73482cb87ccaec9183d9edf5b70
llama3.2:1b,el_farol_bar,abstract_game_theory,22,rational,action_a,go_to_bar,action_a,,0,False,el_farol_bar_abstract_game_theory_var_22,results/evaluations/results_llama3.2_1b.csv,968,action_a,go_to_bar,68f66688349ea783df233b6ad4e3377437aa50bc4949c81626067ccf88b466c9
llama3.2:1b,el_farol_bar,abstract_game_theory,23,emotional,action_b,stay_home,action_a,,1,True,el_farol_bar_abstract_game_theory_var_23,results/evaluations/results_llama3.2_1b.csv,972,action_b,stay_home,7852461e2190ba26f68e2ede015882fc84032bfe2240e598ff73ce31ad2a1e32
llama3.2:1b,el_farol_bar,abstract_game_theory,23,generic,action_b,stay_home,action_a,,1,True,el_farol_bar_abstract_game_theory_var_23,results/evaluations/results_llama3.2_1b.csv,970,action_b,stay_home,6cc6ec25ea94c411d9eee35d02369a13c87422489235fc79237fe74c6373ea4c
llama3.2:1b,el_farol_bar,abstract_game_theory,23,rational,action_b,stay_home,action_a,,1,True,el_farol_bar_abstract_game_theory_var_23,results/evaluations/results_llama3.2_1b.csv,971,action_b,stay_home,28737cce1c1f527b057e462149247d0e5cf85817f5dce471cef931b7811e623e
llama3.2:1b,el_farol_bar,abstract_game_theory,24,emotional,action_a,go_to_bar,action_a,,0,False,el_farol_bar_abstract_game_theory_var_24,results/evaluations/results_llama3.2_1b.csv,975,action_a,go_to_bar,5681b730ab7c7e29e4cf3eac151b52f9da93fc30ce22234bc11454bbf6e55192
llama3.2:1b,el_farol_bar,abstract_game_theory,24,generic,action_a,go_to_bar,action_a,,0,False,el_farol_bar_abstract_game_theory_var_24,results/evaluations/results_llama3.2_1b.csv,973,action_a,go_to_bar,c1aee0b79c25a5a8115c94ae638a8bbdfd1185cd1a468065cf85728c4c103e4d
llama3.2:1b,el_farol_bar,abstract_game_theory,24,rational,action_a,go_to_bar,action_a,,0,False,el_farol_bar_abstract_game_theory_var_24,results/evaluations/results_llama3.2_1b.csv,974,action_a,go_to_bar,f99939908cc5976385419e13d63ace02353bd777fff51cdd8e1d34a3ccfeac71
llama3.2:1b,el_farol_bar,abstract_game_theory,25,emotional,action_b,stay_home,action_a,,1,True,el_farol_bar_abstract_game_theory_var_25,results/evaluations/results_llama3.2_1b.csv,978,action_b,stay_home,ee7ad8703331ffed0cd6bd861e1f41624b0abfe50840cd150390a7173cae1303
llama3.2:1b,el_farol_bar,abstract_game_theory,25,generic,action_b,stay_home,action_a,,1,True,el_farol_bar_abstract_game_theory_var_25,results/evaluations/results_llama3.2_1b.csv,976,action_b,stay_home,818effeb7ab7d07f7639c983d6928f006f80d202c7e2e17c44ae3aab5afb735e
llama3.2:1b,el_farol_bar,abstract_game_theory,25,rational,action_b,stay_home,action_a,,1,True,el_farol_bar_abstract_game_theory_var_25,results/evaluations/results_llama3.2_1b.csv,977,action_b,stay_home,1a7a5ea2118edd1f8fd2e4fc016de5472894f8b6ddce7119efb52ac0a72a9855
llama3.2:1b,el_farol_bar,abstract_game_theory,26,emotional,action_a,go_to_bar,action_a,,0,False,el_farol_bar_abstract_game_theory_var_26,results/evaluations/results_llama3.2_1b.csv,981,action_a,go_to_bar,e6c5bac1325aaf189d2320fdf78a6b416ae5e2413505602af3949447777b267a
llama3.2:1b,el_farol_bar,abstract_game_theory,26,generic,action_a,go_to_bar,action_a,,0,False,el_farol_bar_abstract_game_theory_var_26,results/evaluations/results_llama3.2_1b.csv,979,action_a,go_to_bar,8fa4ecbf09315961cb3e0ec5e5ce1aaa3d1a4b5f9570f47c91afbd3006e6d151
llama3.2:1b,el_farol_bar,abstract_game_theory,26,rational,action_a,go_to_bar,action_a,,0,False,el_farol_bar_abstract_game_theory_var_26,results/evaluations/results_llama3.2_1b.csv,980,action_a,go_to_bar,341ff3826b9186c0ee9d4d3d1e78a71f2f39a3cac1ce80fe3e81d65ee7eeeea9
llama3.2:1b,el_farol_bar,abstract_game_theory,27,emotional,action_b,stay_home,action_a,,1,True,el_farol_bar_abstract_game_theory_var_27,results/evaluations/results_llama3.2_1b.csv,984,action_b,stay_home,72b7565f6bf7215134552bfa21aa3a4cbb94a172d12d1ab421aaaac233fbe264
llama3.2:1b,el_farol_bar,abstract_game_theory,27,generic,action_b,stay_home,action_a,,1,True,el_farol_bar_abstract_game_theory_var_27,results/evaluations/results_llama3.2_1b.csv,982,action_b,stay_home,644fd91f66de2335e6ebbbc3f97d199313d8cfa9010ef69263c82dbcba8b1279
llama3.2:1b,el_farol_bar,abstract_game_theory,27,rational,action_b,stay_home,action_a,,1,True,el_farol_bar_abstract_game_theory_var_27,results/evaluations/results_llama3.2_1b.csv,983,action_b,stay_home,07788065b359682044d7221bb7aecdc3f3d29204f1845f795d040dd07ecf3ba2
llama3.2:1b,el_farol_bar,abstract_game_theory,28,emotional,action_a,go_to_bar,action_a,,0,False,el_farol_bar_abstract_game_theory_var_28,results/evaluations/results_llama3.2_1b.csv,987,action_a,go_to_bar,895ff70ae61c3a699084b9ab603c4e8da5a6c9263e0ad6c5853d75c12ac37b43
llama3.2:1b,el_farol_bar,abstract_game_theory,28,generic,action_a,go_to_bar,action_a,,0,False,el_farol_bar_abstract_game_theory_var_28,results/evaluations/results_llama3.2_1b.csv,985,action_a,go_to_bar,08729b0d28ac207f5ac231d149dbab790dae473180bd88ba11b4643cd0c5e310
llama3.2:1b,el_farol_bar,abstract_game_theory,28,rational,action_a,go_to_bar,action_a,,0,False,el_farol_bar_abstract_game_theory_var_28,results/evaluations/results_llama3.2_1b.csv,986,action_a,go_to_bar,60d9b0cf273c1dbcd336a46ca867c45a1dbcd09afe44b560d736eea85b859a10
llama3.2:1b,el_farol_bar,abstract_game_theory,29,emotional,action_b,stay_home,action_a,,1,True,el_farol_bar_abstract_game_theory_var_29,results/evaluations/results_llama3.2_1b.csv,990,action_b,stay_home,cc5dec9e51e971bdef8a27100e38a4e6b3f470c19103b79e8c3590545c1775e9
llama3.2:1b,el_farol_bar,abstract_game_theory,29,generic,action_b,stay_home,action_a,,1,True,el_farol_bar_abstract_game_theory_var_29,results/evaluations/results_llama3.2_1b.csv,988,action_b,stay_home,298cfe635f00fa5dab1a98581d622a2fd908846b6d3d59db90c3437cc152a16a
llama3.2:1b,el_farol_bar,abstract_game_theory,29,rational,action_b,stay_home,action_a,,1,True,el_farol_bar_abstract_game_theory_var_29,results/evaluations/results_llama3.2_1b.csv,989,action_b,stay_home,2145bd187e4692b7ff46c17c2a2e9dc4c87214a943451e7b1611a6630f9519f9
llama3.2:1b,el_farol_bar,abstract_game_theory,3,emotional,action_b,stay_home,action_a,,1,True,el_farol_bar_abstract_game_theory_var_3,results/evaluations/results_llama3.2_1b.csv,912,action_b,stay_home,43f622a3a16ca9800730e6f454fac2145ab35da9e85df057412ff7d172761ac3
llama3.2:1b,el_farol_bar,abstract_game_theory,3,generic,action_b,stay_home,action_a,,1,True,el_farol_bar_abstract_game_theory_var_3,results/evaluations/results_llama3.2_1b.csv,910,action_b,stay_home,63ec611ff1dddb90ed764a2ed56d05d7b10a281bc308d4fe60303b6365196f18
llama3.2:1b,el_farol_bar,abstract_game_theory,3,rational,action_b,stay_home,action_a,,1,True,el_farol_bar_abstract_game_theory_var_3,results/evaluations/results_llama3.2_1b.csv,911,action_b,stay_home,24f84c6a6c1e49dd23e7d68184e11f4aa825e337a50a739fa35300b8d5587639
llama3.2:1b,el_farol_bar,abstract_game_theory,4,emotional,action_a,go_to_bar,action_a,,0,False,el_farol_bar_abstract_game_theory_var_4,results/evaluations/results_llama3.2_1b.csv,915,action_a,go_to_bar,8d1c7a2134c0e8b24d15de87d914a214f8983cdd231c293ea7e91c77fc95032c
llama3.2:1b,el_farol_bar,abstract_game_theory,4,generic,action_a,go_to_bar,action_a,,0,False,el_farol_bar_abstract_game_theory_var_4,results/evaluations/results_llama3.2_1b.csv,913,action_a,go_to_bar,e15e9a51e785ea2e9b649229fafc418ce008eee9d6ed1d8634574e67819eae71
llama3.2:1b,el_farol_bar,abstract_game_theory,4,rational,action_a,go_to_bar,action_a,,0,False,el_farol_bar_abstract_game_theory_var_4,results/evaluations/results_llama3.2_1b.csv,914,action_a,go_to_bar,288f64868c8ffbf642c6395100d3cd57adcb8fd2684ebdc02a5b6977fece7894
llama3.2:1b,el_farol_bar,abstract_game_theory,5,emotional,action_b,stay_home,action_a,,1,True,el_farol_bar_abstract_game_theory_var_5,results/evaluations/results_llama3.2_1b.csv,918,action_b,stay_home,625374b8bcac2fc50c1f5ad7643b492cda8474ad31c24bad95ebd474046c0f5c
llama3.2:1b,el_farol_bar,abstract_game_theory,5,generic,action_b,stay_home,action_a,,1,True,el_farol_bar_abstract_game_theory_var_5,results/evaluations/results_llama3.2_1b.csv,916,action_b,stay_home,dfbca33c0664cd0648b545a3ecebdf6cdc2ec5ff9b617047352c8522fe6d4ec6
llama3.2:1b,el_farol_bar,abstract_game_theory,5,rational,action_b,stay_home,action_a,,1,True,el_farol_bar_abstract_game_theory_var_5,results/evaluations/results_llama3.2_1b.csv,917,action_b,stay_home,3b58f9e5fcf80c5b11ce45ef250d5f2462808de6d706f8d9d0c92a6420e01ba4
llama3.2:1b,el_farol_bar,abstract_game_theory,6,emotional,action_a,go_to_bar,action_a,,0,False,el_farol_bar_abstract_game_theory_var_6,results/evaluations/results_llama3.2_1b.csv,921,action_a,go_to_bar,7504f7bb2e76ae9d830d3a4e0ac1429d591cef65800563f476d6e52317117b00
llama3.2:1b,el_farol_bar,abstract_game_theory,6,generic,action_a,go_to_bar,action_a,,0,False,el_farol_bar_abstract_game_theory_var_6,results/evaluations/results_llama3.2_1b.csv,919,action_a,go_to_bar,fb3beb4531e87a381acf0761941f20f4542d3e7260470e23dd402b7d3b7f410f
llama3.2:1b,el_farol_bar,abstract_game_theory,6,rational,action_a,go_to_bar,action_a,,0,False,el_farol_bar_abstract_game_theory_var_6,results/evaluations/results_llama3.2_1b.csv,920,action_a,go_to_bar,ad1a5069c18d28c6e43dd3a3544660f300e91e5debab6773fcb0e134178c7031
llama3.2:1b,el_farol_bar,abstract_game_theory,7,emotional,action_b,stay_home,action_a,,1,True,el_farol_bar_abstract_game_theory_var_7,results/evaluations/results_llama3.2_1b.csv,924,action_b,stay_home,ca402120e25b7f4b791b6746b21d6e0e8ddd310683d10ea9c06cfecd0e076448
llama3.2:1b,el_farol_bar,abstract_game_theory,7,generic,action_b,stay_home,action_a,,1,True,el_farol_bar_abstract_game_theory_var_7,results/evaluations/results_llama3.2_1b.csv,922,action_b,stay_home,89216520465ac5d47851a8c7cf1ab6b2ff95976a81c6978e3b7bc15a6597a7e7
llama3.2:1b,el_farol_bar,abstract_game_theory,7,rational,action_b,stay_home,action_a,,1,True,el_farol_bar_abstract_game_theory_var_7,results/evaluations/results_llama3.2_1b.csv,923,action_b,stay_home,f4e3499ef356d547b4f84078f4ad5abfa50767239b07e7f4bb4411b98f747bd5
llama3.2:1b,el_farol_bar,abstract_game_theory,8,emotional,action_a,go_to_bar,action_a,,0,False,el_farol_bar_abstract_game_theory_var_8,results/evaluations/results_llama3.2_1b.csv,927,action_a,go_to_bar,a3a9dd13ae47d3cdf698daf08d0589ae5a53f43fed5d9fd2e4dd4dbe0f23dad3
llama3.2:1b,el_farol_bar,abstract_game_theory,8,generic,action_a,go_to_bar,action_a,,0,False,el_farol_bar_abstract_game_theory_var_8,results/evaluations/results_llama3.2_1b.csv,925,action_a,go_to_bar,eedbab828c3ed8d1e3ad741cec961e4892915dbdbbcfe962aa9990210d0487aa
llama3.2:1b,el_farol_bar,abstract_game_theory,8,rational,action_a,go_to_bar,action_a,,0,False,el_farol_bar_abstract_game_theory_var_8,results/evaluations/results_llama3.2_1b.csv,926,action_a,go_to_bar,b6ea76b4d0bfd026318d94b9718c892f10e6b2d27c99f8dd0d69388d993377a0
llama3.2:1b,el_farol_bar,abstract_game_theory,9,emotional,action_b,stay_home,action_a,,1,True,el_farol_bar_abstract_game_theory_var_9,results/evaluations/results_llama3.2_1b.csv,930,action_b,stay_home,a96d0e9dd953138eb4d1280af5c2b91f02455333fe762b0f44d5b28f01cd2b27
llama3.2:1b,el_farol_bar,abstract_game_theory,9,generic,action_b,stay_home,action_a,,1,True,el_farol_bar_abstract_game_theory_var_9,results/evaluations/results_llama3.2_1b.csv,928,action_b,stay_home,0fcca4f99b2b0f330fe0eed32d0dd8efb8f638d30d9a0a9bc91c709690bceacc
llama3.2:1b,el_farol_bar,abstract_game_theory,9,rational,action_b,stay_home,action_a,,1,True,el_farol_bar_abstract_game_theory_var_9,results/evaluations/results_llama3.2_1b.csv,929,action_b,stay_home,ff64cc99163e055f314b554fd0d03bf0cd7404d55e5819c42c09aaddead08909
llama3.2:1b,el_farol_bar,business,0,emotional,action_a,go_to_bar,action_a,,0,False,el_farol_bar_business_var_0,results/evaluations/results_llama3.2_1b.csv,993,action_a,go_to_bar,d85670d9016a4ce2bf707ab5ffbed38a5b00b832aceae37aca8cfd0578ef4f2b
llama3.2:1b,el_farol_bar,business,0,generic,action_a,go_to_bar,action_a,,0,False,el_farol_bar_business_var_0,results/evaluations/results_llama3.2_1b.csv,991,action_a,go_to_bar,f3a24af9e2217a06e6b5a09b514df493a3ce7138729bc97621e6c63a6001f773
llama3.2:1b,el_farol_bar,business,0,rational,action_a,go_to_bar,action_a,,0,False,el_farol_bar_business_var_0,results/evaluations/results_llama3.2_1b.csv,992,action_a,go_to_bar,04f55342888bae501dd9f13d3b7553fc3079fad02cc3dc27b5ba9a92c36ba069
llama3.2:1b,el_farol_bar,business,1,emotional,action_b,stay_home,action_a,,1,True,el_farol_bar_business_var_1,results/evaluations/results_llama3.2_1b.csv,996,action_b,stay_home,fedde85d955e6760b8b2b144ed24e37a47f4471672b90b36092837ba32f5c03e
llama3.2:1b,el_farol_bar,business,1,generic,action_b,stay_home,action_a,,1,True,el_farol_bar_business_var_1,results/evaluations/results_llama3.2_1b.csv,994,action_b,stay_home,10140862916f621a09e78f5a374207478c5edf734b08f90b8b402f6191922822
llama3.2:1b,el_farol_bar,business,1,rational,action_b,stay_home,action_a,,1,True,el_farol_bar_business_var_1,results/evaluations/results_llama3.2_1b.csv,995,action_b,stay_home,af07ae00bfa9126202f27daaf72704615566450f591804c90fe37221207cfb9c
llama3.2:1b,el_farol_bar,business,10,emotional,action_a,go_to_bar,action_a,,0,False,el_farol_bar_business_var_10,results/evaluations/results_llama3.2_1b.csv,1023,action_a,go_to_bar,a8f40110664f60cfac9ff26ce320a58abfa4d5836122a1fa7b242d7812c3ddac
llama3.2:1b,el_farol_bar,business,10,generic,action_a,go_to_bar,action_a,,0,False,el_farol_bar_business_var_10,results/evaluations/results_llama3.2_1b.csv,1021,action_a,go_to_bar,d4ec32fb416f620a10d87cfb6f196d44ac2fc6a0cc358952f93b9c565f090b60
llama3.2:1b,el_farol_bar,business,10,rational,action_a,go_to_bar,action_a,,0,False,el_farol_bar_business_var_10,results/evaluations/results_llama3.2_1b.csv,1022,action_a,go_to_bar,80729943cc2f99afead2040d15a478a7a10ef8a770edd53880628487270a6961
llama3.2:1b,el_farol_bar,business,11,emotional,action_b,stay_home,action_a,,1,True,el_farol_bar_business_var_11,results/evaluations/results_llama3.2_1b.csv,1026,action_b,stay_home,d39753658e0a0497d26ccca54c4ceed23bc920b5a7de21e742f2d78172a90bab
llama3.2:1b,el_farol_bar,business,11,generic,action_b,stay_home,action_a,,1,True,el_farol_bar_business_var_11,results/evaluations/results_llama3.2_1b.csv,1024,action_b,stay_home,69d51795ef600047c6ea7715b98b8608d5ee6848984c18ac4c5210edbc977224
llama3.2:1b,el_farol_bar,business,11,rational,action_b,stay_home,action_a,,1,True,el_farol_bar_business_var_11,results/evaluations/results_llama3.2_1b.csv,1025,action_b,stay_home,8e5e1c80278da959e5dace8d515a9a7242f37ea16c78d3a1550ecc066a15dd66
llama3.2:1b,el_farol_bar,business,12,emotional,action_a,go_to_bar,action_a,,0,False,el_farol_bar_business_var_12,results/evaluations/results_llama3.2_1b.csv,1029,action_a,go_to_bar,d8f95a616cf43e9d67367b910c0b2122539d0b791bcab54b33e2d686159b1245
llama3.2:1b,el_farol_bar,business,12,generic,action_a,go_to_bar,action_a,,0,False,el_farol_bar_business_var_12,results/evaluations/results_llama3.2_1b.csv,1027,action_a,go_to_bar,a2524e261209fd18be1bd7f775a5add8e903738dba2dbf2e535bd8938bb9abee
llama3.2:1b,el_farol_bar,business,12,rational,action_a,go_to_bar,action_a,,0,False,el_farol_bar_business_var_12,results/evaluations/results_llama3.2_1b.csv,1028,action_a,go_to_bar,663834b5917afee29aa3b56fb62af4e13ba894ea13816b5c5c2e67eb50b2a665
llama3.2:1b,el_farol_bar,business,13,emotional,action_b,stay_home,action_a,,1,True,el_farol_bar_business_var_13,results/evaluations/results_llama3.2_1b.csv,1032,action_b,stay_home,c7e36133c564592d6fbe7fb10ebd545d24bae2f679c4c141234913c283c3603b
llama3.2:1b,el_farol_bar,business,13,generic,action_b,stay_home,action_a,,1,True,el_farol_bar_business_var_13,results/evaluations/results_llama3.2_1b.csv,1030,action_b,stay_home,b0a97e14903c17e2b71447c67a9304219046aee225d664f99bbc4af2984ee04c
llama3.2:1b,el_farol_bar,business,13,rational,action_b,stay_home,action_a,,1,True,el_farol_bar_business_var_13,results/evaluations/results_llama3.2_1b.csv,1031,action_b,stay_home,00a7d5370c9bcfeae54faff80f4e207692d919b34c7dab66c185eb6088e4e33a
llama3.2:1b,el_farol_bar,business,14,emotional,action_a,go_to_bar,action_a,,0,False,el_farol_bar_business_var_14,results/evaluations/results_llama3.2_1b.csv,1035,action_a,go_to_bar,ce06c410fc6f2fce06c05c7636cc1d7f0d3b23ec4d75c89f8be3d1535eab15ef
llama3.2:1b,el_farol_bar,business,14,generic,action_a,go_to_bar,action_a,,0,False,el_farol_bar_business_var_14,results/evaluations/results_llama3.2_1b.csv,1033,action_a,go_to_bar,9a016b147ffcc7249c2d1bc97ddb39280c514329d3938ab337871fd2a35762c7
llama3.2:1b,el_farol_bar,business,14,rational,action_a,go_to_bar,action_a,,0,False,el_farol_bar_business_var_14,results/evaluations/results_llama3.2_1b.csv,1034,action_a,go_to_bar,f6467abbca991c29f94666146239cd96cf572bf13313ae6827d2d5370b9329c0
llama3.2:1b,el_farol_bar,business,15,emotional,action_b,stay_home,action_a,,1,True,el_farol_bar_business_var_15,results/evaluations/results_llama3.2_1b.csv,1038,action_b,stay_home,b7aaaa9cbaa43ab7d3e79f6553097047b24bf0736a8b056da789fadb67812448
llama3.2:1b,el_farol_bar,business,15,generic,action_b,stay_home,action_a,,1,True,el_farol_bar_business_var_15,results/evaluations/results_llama3.2_1b.csv,1036,action_b,stay_home,4646e737fcd635631ef6fc64ce4e2dbb01117dbfd2eb7aa25c25fc4439fbc340
llama3.2:1b,el_farol_bar,business,15,rational,action_b,stay_home,action_a,,1,True,el_farol_bar_business_var_15,results/evaluations/results_llama3.2_1b.csv,1037,action_b,stay_home,372dd83286dc1b65662035edb547ced9415cdb7753c3b62607d43a9d186dace6
llama3.2:1b,el_farol_bar,business,16,emotional,action_a,go_to_bar,action_a,,0,False,el_farol_bar_business_var_16,results/evaluations/results_llama3.2_1b.csv,1041,action_a,go_to_bar,d4b6504cb02b31454b23cee4b72f20bebc2131ff6503b2816916e504311621e9
llama3.2:1b,el_farol_bar,business,16,generic,action_a,go_to_bar,action_a,,0,False,el_farol_bar_business_var_16,results/evaluations/results_llama3.2_1b.csv,1039,action_a,go_to_bar,a059955b2f49b49f237f548524e3b4abd75ac91b2ba93c8477723750fe371aca
llama3.2:1b,el_farol_bar,business,16,rational,action_a,go_to_bar,action_a,,0,False,el_farol_bar_business_var_16,results/evaluations/results_llama3.2_1b.csv,1040,action_a,go_to_bar,b44c1a0dc65aafb93de9d4fdf431a58b27e3069fcba9d96ecd5529b8805959a9
llama3.2:1b,el_farol_bar,business,17,emotional,action_b,stay_home,action_a,,1,True,el_farol_bar_business_var_17,results/evaluations/results_llama3.2_1b.csv,1044,action_b,stay_home,f1e0227594a4a5f7ac9fca5c9a9a7d28c8cc5bba55f9a395212179d8205c6641
llama3.2:1b,el_farol_bar,business,17,generic,action_b,stay_home,action_a,,1,True,el_farol_bar_business_var_17,results/evaluations/results_llama3.2_1b.csv,1042,action_b,stay_home,f81e35e8a53866e99b9e59b184678fdac7f11d38f03c1cdec3ca5c38df982f15
llama3.2:1b,el_farol_bar,business,17,rational,action_b,stay_home,action_a,,1,True,el_farol_bar_business_var_17,results/evaluations/results_llama3.2_1b.csv,1043,action_b,stay_home,f49b3960b3bed60c01ff29ca5a4816ce8e0b03e55c2fddde8f737fb5bd2559c3
llama3.2:1b,el_farol_bar,business,18,emotional,action_a,go_to_bar,action_a,,0,False,el_farol_bar_business_var_18,results/evaluations/results_llama3.2_1b.csv,1047,action_a,go_to_bar,cd24f755389866be489011daca291f0b4207b8a767b487b8db3bfef82a99e980
llama3.2:1b,el_farol_bar,business,18,generic,action_a,go_to_bar,action_a,,0,False,el_farol_bar_business_var_18,results/evaluations/results_llama3.2_1b.csv,1045,action_a,go_to_bar,6fdab88829358f1c47bec8be97e80d167a1ba0379d8aa8569d6535dd184c360f
llama3.2:1b,el_farol_bar,business,18,rational,action_a,go_to_bar,action_a,,0,False,el_farol_bar_business_var_18,results/evaluations/results_llama3.2_1b.csv,1046,action_a,go_to_bar,c0f01d7f485831626c492b6ad17a39a7c0644f2861f77cc2fb920e3050eec8ba
llama3.2:1b,el_farol_bar,business,19,emotional,action_b,stay_home,action_a,,1,True,el_farol_bar_business_var_19,results/evaluations/results_llama3.2_1b.csv,1050,action_b,stay_home,e913d2cc91d8e0565c5d746ee31b7cf1405f67ec176662a00485c48328fba695
llama3.2:1b,el_farol_bar,business,19,generic,action_b,stay_home,action_a,,1,True,el_farol_bar_business_var_19,results/evaluations/results_llama3.2_1b.csv,1048,action_b,stay_home,4df93096825cbaa7d564489e5c2315d669f5e2f5247d04960c9388ac9e1b97e1
llama3.2:1b,el_farol_bar,business,19,rational,action_b,stay_home,action_a,,1,True,el_farol_bar_business_var_19,results/evaluations/results_llama3.2_1b.csv,1049,action_b,stay_home,ad2bab37771b7e605a5d9c9f378ce57518366f82abcad26943bb12811f1c0923
llama3.2:1b,el_farol_bar,business,2,emotional,action_a,go_to_bar,action_a,,0,False,el_farol_bar_business_var_2,results/evaluations/results_llama3.2_1b.csv,999,action_a,go_to_bar,3e96c913cd1d1ffa0c321a1df0241b6c1c3e49d69d3a40e6563310a7819bb26a
llama3.2:1b,el_farol_bar,business,2,generic,action_a,go_to_bar,action_a,,0,False,el_farol_bar_business_var_2,results/evaluations/results_llama3.2_1b.csv,997,action_a,go_to_bar,ffd284a29f5007591f0cf10905ae59750cdccc4ab42ea670952894371d9139f0
llama3.2:1b,el_farol_bar,business,2,rational,action_a,go_to_bar,action_a,,0,False,el_farol_bar_business_var_2,results/evaluations/results_llama3.2_1b.csv,998,action_a,go_to_bar,1c7505b06b6cfcd9418f825e189e229b3c4dbb40e7d0ff9ea5f2dd40ea39735a
llama3.2:1b,el_farol_bar,business,20,emotional,action_a,go_to_bar,action_a,,0,False,el_farol_bar_business_var_20,results/evaluations/results_llama3.2_1b.csv,1053,action_a,go_to_bar,da7691d020e6f892dd27a607f53037292084109599edad59098384e7f2e09411
llama3.2:1b,el_farol_bar,business,20,generic,action_a,go_to_bar,action_a,,0,False,el_farol_bar_business_var_20,results/evaluations/results_llama3.2_1b.csv,1051,action_a,go_to_bar,c303eca9b4faf7112b30df590dce5097e483630d75bdbcd8d27d902c113a501f
llama3.2:1b,el_farol_bar,business,20,rational,action_a,go_to_bar,action_a,,0,False,el_farol_bar_business_var_20,results/evaluations/results_llama3.2_1b.csv,1052,action_a,go_to_bar,18ee5106be402858eaf13003d909b61599b895c34e4764594c9e6f28d62e6c3e
llama3.2:1b,el_farol_bar,business,21,emotional,action_b,stay_home,action_a,,1,True,el_farol_bar_business_var_21,results/evaluations/results_llama3.2_1b.csv,1056,action_b,stay_home,9745ba4c588874eefb620bffa0e27abf8bd00671061bf27057a0ceb6718effb7
llama3.2:1b,el_farol_bar,business,21,generic,action_b,stay_home,action_a,,1,True,el_farol_bar_business_var_21,results/evaluations/results_llama3.2_1b.csv,1054,action_b,stay_home,a1e1f4ce526752786d4d0d76f60c74c03462d7949da80b731c3916b3f1602c2e
llama3.2:1b,el_farol_bar,business,21,rational,action_b,stay_home,action_a,,1,True,el_farol_bar_business_var_21,results/evaluations/results_llama3.2_1b.csv,1055,action_b,stay_home,782ae77803cbdc0bdd52e79682d8389dec3814c356bced4b65bfac25b14c12da
llama3.2:1b,el_farol_bar,business,22,emotional,action_a,go_to_bar,action_a,,0,False,el_farol_bar_business_var_22,results/evaluations/results_llama3.2_1b.csv,1059,action_a,go_to_bar,317d73be685bd3df2620cd9c860677c391644b5037b0858c17d23ce888ed41a9
llama3.2:1b,el_farol_bar,business,22,generic,action_a,go_to_bar,action_a,,0,False,el_farol_bar_business_var_22,results/evaluations/results_llama3.2_1b.csv,1057,action_a,go_to_bar,7840e7a49902d999541e98a8a759a4c29897ed2f8cd2a9c79450e97185f1a12b
llama3.2:1b,el_farol_bar,business,22,rational,action_a,go_to_bar,action_a,,0,False,el_farol_bar_business_var_22,results/evaluations/results_llama3.2_1b.csv,1058,action_a,go_to_bar,7a965273eecb20f59240460e2a3f858eb81fe6459384ea04860517566e6beb32
llama3.2:1b,el_farol_bar,business,23,emotional,action_b,stay_home,action_a,,1,True,el_farol_bar_business_var_23,results/evaluations/results_llama3.2_1b.csv,1062,action_b,stay_home,41e80c510793d18aabe4fba98937e56705eecba31fc2eb95dd8a4f7dd8bfa5d4
llama3.2:1b,el_farol_bar,business,23,generic,action_b,stay_home,action_a,,1,True,el_farol_bar_business_var_23,results/evaluations/results_llama3.2_1b.csv,1060,action_b,stay_home,e3d672bfdf547fda5ed483277e8927d56ea3ebd3912661ded17ab88ab65be847
llama3.2:1b,el_farol_bar,business,23,rational,action_b,stay_home,action_a,,1,True,el_farol_bar_business_var_23,results/evaluations/results_llama3.2_1b.csv,1061,action_b,stay_home,2153b7f89fd03285a3c394b7a05b1661d6503f1afeb6f98e40d673b87a9bb925
llama3.2:1b,el_farol_bar,business,24,emotional,action_a,go_to_bar,action_a,,0,False,el_farol_bar_business_var_24,results/evaluations/results_llama3.2_1b.csv,1065,action_a,go_to_bar,bf60819b82ef2253647e2caa6f5b1f9aa9ba025e06ff7a23e53a3c37055c5c96
llama3.2:1b,el_farol_bar,business,24,generic,action_a,go_to_bar,action_a,,0,False,el_farol_bar_business_var_24,results/evaluations/results_llama3.2_1b.csv,1063,action_a,go_to_bar,f1aa89e023279ed68c4160c1906a75980b79bb6755ff5772c479f2dd0029bc16
llama3.2:1b,el_farol_bar,business,24,rational,action_a,go_to_bar,action_a,,0,False,el_farol_bar_business_var_24,results/evaluations/results_llama3.2_1b.csv,1064,action_a,go_to_bar,75c53cc30c8bd67f8f6ba5c98060802cb79ddf49cf60e884d8ee90dff75e1ff7
llama3.2:1b,el_farol_bar,business,25,emotional,action_b,stay_home,action_a,,1,True,el_farol_bar_business_var_25,results/evaluations/results_llama3.2_1b.csv,1068,action_b,stay_home,67e45c409976b2c18ac7e4a50a72815806f5ef04f7d5578acf5c05277dcad013
llama3.2:1b,el_farol_bar,business,25,generic,action_b,stay_home,action_a,,1,True,el_farol_bar_business_var_25,results/evaluations/results_llama3.2_1b.csv,1066,action_b,stay_home,568e18c1fbaa0e67723c9bd64b37aba34cfa762dc0636f2561fd50cf0707b3cd
llama3.2:1b,el_farol_bar,business,25,rational,action_b,stay_home,action_a,,1,True,el_farol_bar_business_var_25,results/evaluations/results_llama3.2_1b.csv,1067,action_b,stay_home,b475d726c4804a891e319580bbf5b959f37ebe811b8f86bbad6722b78eba2174
llama3.2:1b,el_farol_bar,business,26,emotional,action_a,go_to_bar,action_a,,0,False,el_farol_bar_business_var_26,results/evaluations/results_llama3.2_1b.csv,1071,action_a,go_to_bar,502d8716c985044e36a664fd9d9f515660b705a32643629285c705446c3e6e97
llama3.2:1b,el_farol_bar,business,26,generic,action_a,go_to_bar,action_a,,0,False,el_farol_bar_business_var_26,results/evaluations/results_llama3.2_1b.csv,1069,action_a,go_to_bar,4afa96ecc53b5067aa01b8d46795143464c3ad2e00e29a43d1e9d830071602b7
llama3.2:1b,el_farol_bar,business,26,rational,action_a,go_to_bar,action_a,,0,False,el_farol_bar_business_var_26,results/evaluations/results_llama3.2_1b.csv,1070,action_a,go_to_bar,9220e54df896e0641a31267fd2be00d648d0851ead2da2dff672d113320b6dac
llama3.2:1b,el_farol_bar,business,27,emotional,action_b,stay_home,action_a,,1,True,el_farol_bar_business_var_27,results/evaluations/results_llama3.2_1b.csv,1074,action_b,stay_home,148b0b4011cf72889435ca0d5fdee1b6c23a7d84999a3611a0f134799db68573
llama3.2:1b,el_farol_bar,business,27,generic,action_b,stay_home,action_a,,1,True,el_farol_bar_business_var_27,results/evaluations/results_llama3.2_1b.csv,1072,action_b,stay_home,b98e2337c62b3fe40db1bf2871afd4cfd2616738943cf70a2109e842f76006c3
llama3.2:1b,el_farol_bar,business,27,rational,action_b,stay_home,action_a,,1,True,el_farol_bar_business_var_27,results/evaluations/results_llama3.2_1b.csv,1073,action_b,stay_home,677d46c7f3cfe98fa66d46bfb11c676b96c1d7c87c2c71a3a44e46efe36e8b47
llama3.2:1b,el_farol_bar,business,28,emotional,action_a,go_to_bar,action_a,,0,False,el_farol_bar_business_var_28,results/evaluations/results_llama3.2_1b.csv,1077,action_a,go_to_bar,61d57f5e31fc180b1c82d8244cb4ec5405e86badc0cfaac6628179a201ef5b98
llama3.2:1b,el_farol_bar,business,28,generic,action_a,go_to_bar,action_a,,0,False,el_farol_bar_business_var_28,results/evaluations/results_llama3.2_1b.csv,1075,action_a,go_to_bar,b8f88f1efaef51b0969b9abcfebf560f929e64bc8f504b7fcfb78f9713ebbd20
llama3.2:1b,el_farol_bar,business,28,rational,action_a,go_to_bar,action_a,,0,False,el_farol_bar_business_var_28,results/evaluations/results_llama3.2_1b.csv,1076,action_a,go_to_bar,c544f42586b6e3ea575f552dff14acd14b7da57401f54af67cba04cd6c25b093
llama3.2:1b,el_farol_bar,business,29,emotional,action_b,stay_home,action_a,,1,True,el_farol_bar_business_var_29,results/evaluations/results_llama3.2_1b.csv,1080,action_b,stay_home,40c20cb060acbdf5386ded64147a63cfb994bb83ff75af19d7eccb96c767fb67
llama3.2:1b,el_farol_bar,business,29,generic,action_b,stay_home,action_a,,1,True,el_farol_bar_business_var_29,results/evaluations/results_llama3.2_1b.csv,1078,action_b,stay_home,dcc67c80577b59251579b14b5ab18644a790ca32d64e0896b554fcf64cc898d3
llama3.2:1b,el_farol_bar,business,29,rational,action_b,stay_home,action_a,,1,True,el_farol_bar_business_var_29,results/evaluations/results_llama3.2_1b.csv,1079,action_b,stay_home,dd640145754e97bcd101706059900149b34f69b87aa07bb5c712d50ab21b7b64
llama3.2:1b,el_farol_bar,business,3,emotional,action_b,stay_home,action_a,,1,True,el_farol_bar_business_var_3,results/evaluations/results_llama3.2_1b.csv,1002,action_b,stay_home,d28e2574979897ae262cfc61afdb930ae5a29f7d389d3141584c01e628ec6adc
llama3.2:1b,el_farol_bar,business,3,generic,action_b,stay_home,action_a,,1,True,el_farol_bar_business_var_3,results/evaluations/results_llama3.2_1b.csv,1000,action_b,stay_home,d3cc8cf77735c1a268faef12d1e3b2b6bb098eab13cb74c3b4d049d9fa4b0fd9
llama3.2:1b,el_farol_bar,business,3,rational,action_b,stay_home,action_a,,1,True,el_farol_bar_business_var_3,results/evaluations/results_llama3.2_1b.csv,1001,action_b,stay_home,4024ce14d871e28837cc29c07bbccaff26af7791767b3ce79e462a486ff179f6
llama3.2:1b,el_farol_bar,business,4,emotional,action_a,go_to_bar,action_a,,0,False,el_farol_bar_business_var_4,results/evaluations/results_llama3.2_1b.csv,1005,action_a,go_to_bar,7f4f1c66cdd6acc20c08d1800855e248f0a1b86fa743de87a61dfe404adfe39e
llama3.2:1b,el_farol_bar,business,4,generic,action_a,go_to_bar,action_a,,0,False,el_farol_bar_business_var_4,results/evaluations/results_llama3.2_1b.csv,1003,action_a,go_to_bar,c7f2ca4a91ce82a294a43ef14217345faf9a58ba320896c6e4d7163fffe25147
llama3.2:1b,el_farol_bar,business,4,rational,action_a,go_to_bar,action_a,,0,False,el_farol_bar_business_var_4,results/evaluations/results_llama3.2_1b.csv,1004,action_a,go_to_bar,1ddae50a1ef9cdc5f7eb6cc7f0c0f4c950a8f47095f2e24644fbf3d0cc2da679
llama3.2:1b,el_farol_bar,business,5,emotional,action_b,stay_home,action_a,,1,True,el_farol_bar_business_var_5,results/evaluations/results_llama3.2_1b.csv,1008,action_b,stay_home,ac96987dfbe196f40d3b23650228b2896f2c52c5100befc6dea0ddf3c527587e
llama3.2:1b,el_farol_bar,business,5,generic,action_b,stay_home,action_a,,1,True,el_farol_bar_business_var_5,results/evaluations/results_llama3.2_1b.csv,1006,action_b,stay_home,952c0f7e9d89be55d63ef7ebe3d6d9836dc9c10dbc9fc2332d25fc0ecf61ab3b
llama3.2:1b,el_farol_bar,business,5,rational,action_b,stay_home,action_a,,1,True,el_farol_bar_business_var_5,results/evaluations/results_llama3.2_1b.csv,1007,action_b,stay_home,3d100626a0ce21895fdb5bf54484b1616e4f5d218597d74c2643a8ef0d38adbf
llama3.2:1b,el_farol_bar,business,6,emotional,action_a,go_to_bar,action_a,,0,False,el_farol_bar_business_var_6,results/evaluations/results_llama3.2_1b.csv,1011,action_a,go_to_bar,e1300a8e75e60be72307999791af1c9bd6b4d34d446c0bf725ce383e4389fe7d
llama3.2:1b,el_farol_bar,business,6,generic,action_a,go_to_bar,action_a,,0,False,el_farol_bar_business_var_6,results/evaluations/results_llama3.2_1b.csv,1009,action_a,go_to_bar,5900705602604bbdd5625ab31e1b3c79cf4297d68b37fcdeb2562b391fcfa3ec
llama3.2:1b,el_farol_bar,business,6,rational,action_a,go_to_bar,action_a,,0,False,el_farol_bar_business_var_6,results/evaluations/results_llama3.2_1b.csv,1010,action_a,go_to_bar,ca739091c43207e3db8b2c8fae3d3eaf74267e9c8bfc3390ac90a109af51b402
llama3.2:1b,el_farol_bar,business,7,emotional,action_b,stay_home,action_a,,1,True,el_farol_bar_business_var_7,results/evaluations/results_llama3.2_1b.csv,1014,action_b,stay_home,ef795a0922c021d60136a7f04cfd0393233be5c00c737623af66abc3eb11e213
llama3.2:1b,el_farol_bar,business,7,generic,action_b,stay_home,action_a,,1,True,el_farol_bar_business_var_7,results/evaluations/results_llama3.2_1b.csv,1012,action_b,stay_home,7a6f81c4b178f22888258eb19d07b972090bbc87c06559e7f21be5e2a2a39cdf
llama3.2:1b,el_farol_bar,business,7,rational,action_b,stay_home,action_a,,1,True,el_farol_bar_business_var_7,results/evaluations/results_llama3.2_1b.csv,1013,action_b,stay_home,490b43a4fe50e4c8fb56b200bf62b20ede7901b1fa8bce5c1d7091844925a26c
llama3.2:1b,el_farol_bar,business,8,emotional,action_a,go_to_bar,action_a,,0,False,el_farol_bar_business_var_8,results/evaluations/results_llama3.2_1b.csv,1017,action_a,go_to_bar,2a64abaf5d4beaf3795f100911ff120b3aa4a97b95b419893d9a49e8e691cc38
llama3.2:1b,el_farol_bar,business,8,generic,action_a,go_to_bar,action_a,,0,False,el_farol_bar_business_var_8,results/evaluations/results_llama3.2_1b.csv,1015,action_a,go_to_bar,d827db0e6b1fbebccbb058fab1902138089e31267d513e2dfbe712abf439477f
llama3.2:1b,el_farol_bar,business,8,rational,action_a,go_to_bar,action_a,,0,False,el_farol_bar_business_var_8,results/evaluations/results_llama3.2_1b.csv,1016,action_a,go_to_bar,69d3da6d5f6ed86bf9d0553a042a7df927e06b65c301e28136963739698614e5
llama3.2:1b,el_farol_bar,business,9,emotional,action_b,stay_home,action_a,,1,True,el_farol_bar_business_var_9,results/evaluations/results_llama3.2_1b.csv,1020,action_b,stay_home,c3a0a7338d11ca40605059f63bcc4cf5ba959597882b80476e7bc4fa6036e916
llama3.2:1b,el_farol_bar,business,9,generic,action_b,stay_home,action_a,,1,True,el_farol_bar_business_var_9,results/evaluations/results_llama3.2_1b.csv,1018,action_b,stay_home,843cb4a4a7d0ab4b1b3b7d46a9878649fcf7c3428996adf3e4abe36fa1705853
llama3.2:1b,el_farol_bar,business,9,rational,action_b,stay_home,action_a,,1,True,el_farol_bar_business_var_9,results/evaluations/results_llama3.2_1b.csv,1019,action_b,stay_home,3b849f9ebc9bfd1d1690b5fa45e7cc9b29060e2462f29b3470b513110a7f6b7c
llama3.2:1b,el_farol_bar,family fight,0,emotional,action_a,go_to_bar,action_a,,0,False,el_farol_bar_family fight_var_0,results/evaluations/results_llama3.2_1b.csv,1083,action_a,go_to_bar,cf385faa2f291007815f0fcf6d298231303635a95b8603ea4c8ed4981ae31208
llama3.2:1b,el_farol_bar,family fight,0,generic,action_a,go_to_bar,action_a,,0,False,el_farol_bar_family fight_var_0,results/evaluations/results_llama3.2_1b.csv,1081,action_a,go_to_bar,42ad25909303377a2c1d73d3977a23428d379c52880f4ac4c792fdfb1535c9f5
llama3.2:1b,el_farol_bar,family fight,0,rational,action_a,go_to_bar,action_a,,0,False,el_farol_bar_family fight_var_0,results/evaluations/results_llama3.2_1b.csv,1082,action_a,go_to_bar,385247bb4d47a1163ec800386bb9e7bb16394664ad16dc141ee6065b26ca537f
llama3.2:1b,el_farol_bar,family fight,1,emotional,action_b,stay_home,action_a,,1,True,el_farol_bar_family fight_var_1,results/evaluations/results_llama3.2_1b.csv,1086,action_b,stay_home,f367d153482fae16f58d2fcf6e433bc6e99df4cf1efd0c74869f2d3cb464d185
llama3.2:1b,el_farol_bar,family fight,1,generic,action_b,stay_home,action_a,,1,True,el_farol_bar_family fight_var_1,results/evaluations/results_llama3.2_1b.csv,1084,action_b,stay_home,0618453643227e1e86a663a4c0468b7f3ff879e9c2e0fac96982150d6993161d
llama3.2:1b,el_farol_bar,family fight,1,rational,action_b,stay_home,action_a,,1,True,el_farol_bar_family fight_var_1,results/evaluations/results_llama3.2_1b.csv,1085,action_b,stay_home,87b8544aab093842bd38b45b05a5341ea99fda08a9bc4a55b4c06e9ba763b304
llama3.2:1b,el_farol_bar,family fight,10,emotional,action_a,go_to_bar,action_a,,0,False,el_farol_bar_family fight_var_10,results/evaluations/results_llama3.2_1b.csv,1113,action_a,go_to_bar,232127040f0ccf3cc86ad27a7b70602a65412d5a6cfae96511482261aa42511c
llama3.2:1b,el_farol_bar,family fight,10,generic,action_a,go_to_bar,action_a,,0,False,el_farol_bar_family fight_var_10,results/evaluations/results_llama3.2_1b.csv,1111,action_a,go_to_bar,c5761506393d7b389ce31ef39a18e889ba91cee8f85b5b1392fa03aefb44c647
llama3.2:1b,el_farol_bar,family fight,10,rational,action_a,go_to_bar,action_a,,0,False,el_farol_bar_family fight_var_10,results/evaluations/results_llama3.2_1b.csv,1112,action_a,go_to_bar,738282f6520b83ca28fdb1710a7534e5b5328da043817ba1e04ff92208d9cdc7
llama3.2:1b,el_farol_bar,family fight,11,emotional,action_b,stay_home,action_a,,1,True,el_farol_bar_family fight_var_11,results/evaluations/results_llama3.2_1b.csv,1116,action_b,stay_home,540dd0721f9fa2831fb5d318f91a0171ac55233a42f4943c767af25ccb6df8e1
llama3.2:1b,el_farol_bar,family fight,11,generic,action_b,stay_home,action_a,,1,True,el_farol_bar_family fight_var_11,results/evaluations/results_llama3.2_1b.csv,1114,action_b,stay_home,0df1ab1e45fc2043afb64505fbda3aa68cc1435e27ad6efe1fbcea54a42e0e06
llama3.2:1b,el_farol_bar,family fight,11,rational,action_b,stay_home,action_a,,1,True,el_farol_bar_family fight_var_11,results/evaluations/results_llama3.2_1b.csv,1115,action_b,stay_home,ab7750fc0f147e6a4c0c13403891dd4e0465739a0f0c34c9f8ede55e1289431e
llama3.2:1b,el_farol_bar,family fight,12,emotional,action_a,go_to_bar,action_a,,0,False,el_farol_bar_family fight_var_12,results/evaluations/results_llama3.2_1b.csv,1119,action_a,go_to_bar,ce55cbd706308e3f6e941b07c5ab06e13b66d24452bcf558c0e7c0e2285afdde
llama3.2:1b,el_farol_bar,family fight,12,generic,action_a,go_to_bar,action_a,,0,False,el_farol_bar_family fight_var_12,results/evaluations/results_llama3.2_1b.csv,1117,action_a,go_to_bar,8bd6d67eff8d7722889de444a8bcd522ff9557c8b1bc8bf4721976d5c5787220
llama3.2:1b,el_farol_bar,family fight,12,rational,action_a,go_to_bar,action_a,,0,False,el_farol_bar_family fight_var_12,results/evaluations/results_llama3.2_1b.csv,1118,action_a,go_to_bar,ebc54cad834457826dff8980e3e73451798e183364ebe0fcfee788151a7806d7
llama3.2:1b,el_farol_bar,family fight,13,emotional,action_b,stay_home,action_a,,1,True,el_farol_bar_family fight_var_13,results/evaluations/results_llama3.2_1b.csv,1122,action_b,stay_home,e314104634406d8fd2ab635e0a8f41a7cbc5f9642a87f5a478a6d5584edde971
llama3.2:1b,el_farol_bar,family fight,13,generic,action_b,stay_home,action_a,,1,True,el_farol_bar_family fight_var_13,results/evaluations/results_llama3.2_1b.csv,1120,action_b,stay_home,d032959f0f167f2f5b7367250313b308158f39c3f4b0c34231cade53cbd3c18a
llama3.2:1b,el_farol_bar,family fight,13,rational,action_b,stay_home,action_a,,1,True,el_farol_bar_family fight_var_13,results/evaluations/results_llama3.2_1b.csv,1121,action_b,stay_home,9c9e161e5c1d38a93f420dedfa4a9a1341d9352e9d0cde32742eca7a1d19faf0
llama3.2:1b,el_farol_bar,family fight,14,emotional,action_a,go_to_bar,action_a,,0,False,el_farol_bar_family fight_var_14,results/evaluations/results_llama3.2_1b.csv,1125,action_a,go_to_bar,74e35480967d5687979163a52db34f1bc0588fff134ee3b4490415a7a6189831
llama3.2:1b,el_farol_bar,family fight,14,generic,action_a,go_to_bar,action_a,,0,False,el_farol_bar_family fight_var_14,results/evaluations/results_llama3.2_1b.csv,1123,action_a,go_to_bar,60f38182f88fc9c397763a1f66cebb2c609feb975839159580e9d7abf3f0cbf8
llama3.2:1b,el_farol_bar,family fight,14,rational,action_a,go_to_bar,action_a,,0,False,el_farol_bar_family fight_var_14,results/evaluations/results_llama3.2_1b.csv,1124,action_a,go_to_bar,c7af6db3a39bc8316d9aeee5a9f781d9dd66d60339041a108c40b855455722a2
llama3.2:1b,el_farol_bar,family fight,15,emotional,action_b,stay_home,action_a,,1,True,el_farol_bar_family fight_var_15,results/evaluations/results_llama3.2_1b.csv,1128,action_b,stay_home,82cda33d53902baed29b3222bcfc985a1999e2812346e02ef7952c13ad49e036
llama3.2:1b,el_farol_bar,family fight,15,generic,action_b,stay_home,action_a,,1,True,el_farol_bar_family fight_var_15,results/evaluations/results_llama3.2_1b.csv,1126,action_b,stay_home,beccd3209732999bea3ed74bd2c4cd24f7847c5045ddc7bd41133af3176b5371
llama3.2:1b,el_farol_bar,family fight,15,rational,action_b,stay_home,action_a,,1,True,el_farol_bar_family fight_var_15,results/evaluations/results_llama3.2_1b.csv,1127,action_b,stay_home,3a2df206ef4540f5ef84516d259f297f9807968818f2a27ded78077da0cf5839
llama3.2:1b,el_farol_bar,family fight,16,emotional,action_a,go_to_bar,action_a,,0,False,el_farol_bar_family fight_var_16,results/evaluations/results_llama3.2_1b.csv,1131,action_a,go_to_bar,3ff17e41352da7bccb01b6899447282764ae395bb7ce8f0c63695a6e1a546cb0
llama3.2:1b,el_farol_bar,family fight,16,generic,action_a,go_to_bar,action_a,,0,False,el_farol_bar_family fight_var_16,results/evaluations/results_llama3.2_1b.csv,1129,action_a,go_to_bar,b8483b0be59089d49525f9049e431f1b225a93031f2148959b34a45327642815
llama3.2:1b,el_farol_bar,family fight,16,rational,action_a,go_to_bar,action_a,,0,False,el_farol_bar_family fight_var_16,results/evaluations/results_llama3.2_1b.csv,1130,action_a,go_to_bar,6de6046194664ea11a62ed49e8edbcf1df157655af102c2ec9deb5c94d92b990
llama3.2:1b,el_farol_bar,family fight,17,emotional,action_b,stay_home,action_a,,1,True,el_farol_bar_family fight_var_17,results/evaluations/results_llama3.2_1b.csv,1134,action_b,stay_home,1d6f9f17c11eaee1e99904745390e8b789da8ff74eff11f7e8dd08221a87c984
llama3.2:1b,el_farol_bar,family fight,17,generic,action_b,stay_home,action_a,,1,True,el_farol_bar_family fight_var_17,results/evaluations/results_llama3.2_1b.csv,1132,action_b,stay_home,b5d11f8814bc7ce9cc6f23d4914fc496d6597beba237e5cbe374f44beb88658e
llama3.2:1b,el_farol_bar,family fight,17,rational,action_b,stay_home,action_a,,1,True,el_farol_bar_family fight_var_17,results/evaluations/results_llama3.2_1b.csv,1133,action_b,stay_home,72b4113de52bc0d225519a9f6722aa27c0737c90bb1cd980717cd1922718758e
llama3.2:1b,el_farol_bar,family fight,18,emotional,action_a,go_to_bar,action_a,,0,False,el_farol_bar_family fight_var_18,results/evaluations/results_llama3.2_1b.csv,1137,action_a,go_to_bar,a0fdd4f2ae812678f39c0a464b94608857e1ad35c8220d78a695018e4b94a9d4
llama3.2:1b,el_farol_bar,family fight,18,generic,action_a,go_to_bar,action_a,,0,False,el_farol_bar_family fight_var_18,results/evaluations/results_llama3.2_1b.csv,1135,action_a,go_to_bar,4bd06f0a731175c33799ee7e9b32b23b1613ac79bc470b3df633d3cf6f9e3bff
llama3.2:1b,el_farol_bar,family fight,18,rational,action_a,go_to_bar,action_a,,0,False,el_farol_bar_family fight_var_18,results/evaluations/results_llama3.2_1b.csv,1136,action_a,go_to_bar,ec6dded2e09e2798b23b18ec3fb17ad0a4d4860f4fde46755b2d9009a21167ac
llama3.2:1b,el_farol_bar,family fight,19,emotional,action_b,stay_home,action_a,,1,True,el_farol_bar_family fight_var_19,results/evaluations/results_llama3.2_1b.csv,1140,action_b,stay_home,fda0c83703b0f90747262d45cdb73e6afc62a1294bc45b48babcf1ad751904ea
llama3.2:1b,el_farol_bar,family fight,19,generic,action_b,stay_home,action_a,,1,True,el_farol_bar_family fight_var_19,results/evaluations/results_llama3.2_1b.csv,1138,action_b,stay_home,bf4f6320fbb6b026ff17a7d1271404276ed7c221accaf79d6dd01a12560dd6b0
llama3.2:1b,el_farol_bar,family fight,19,rational,action_b,stay_home,action_a,,1,True,el_farol_bar_family fight_var_19,results/evaluations/results_llama3.2_1b.csv,1139,action_b,stay_home,6c99890e47464e86669205612a309ce8dc06aa9cbe1ba33a95560a71b32b007f
llama3.2:1b,el_farol_bar,family fight,2,emotional,action_a,go_to_bar,action_a,,0,False,el_farol_bar_family fight_var_2,results/evaluations/results_llama3.2_1b.csv,1089,action_a,go_to_bar,8978de564dc3ab09d1cc3c25ca9f73e9567a1d490ff31d408bdcde856911b17a
llama3.2:1b,el_farol_bar,family fight,2,generic,action_a,go_to_bar,action_a,,0,False,el_farol_bar_family fight_var_2,results/evaluations/results_llama3.2_1b.csv,1087,action_a,go_to_bar,64291a0db1dec06ee85f52f0ee1772c3b6dab5727bf2cabfc92ccf2345fecb62
llama3.2:1b,el_farol_bar,family fight,2,rational,action_a,go_to_bar,action_a,,0,False,el_farol_bar_family fight_var_2,results/evaluations/results_llama3.2_1b.csv,1088,action_a,go_to_bar,479800aa4e480779caef6810295fedae78d3aafee848f85f51b7c60054164daa
llama3.2:1b,el_farol_bar,family fight,20,emotional,action_a,go_to_bar,action_a,,0,False,el_farol_bar_family fight_var_20,results/evaluations/results_llama3.2_1b.csv,1143,action_a,go_to_bar,cd885bf87f2389f13ed79145fb8ddbbf6656ce268ebe0be272458efd42e352ce
llama3.2:1b,el_farol_bar,family fight,20,generic,action_a,go_to_bar,action_a,,0,False,el_farol_bar_family fight_var_20,results/evaluations/results_llama3.2_1b.csv,1141,action_a,go_to_bar,af6e081d2fe7805097012c70ecba20b89f307c20b5fe491999d545b99dd0b1e2
llama3.2:1b,el_farol_bar,family fight,20,rational,action_a,go_to_bar,action_a,,0,False,el_farol_bar_family fight_var_20,results/evaluations/results_llama3.2_1b.csv,1142,action_a,go_to_bar,fb6dc5d086388229ba05aeffea54b4df5461a4b9b257fa591b2665e6bc225eac
llama3.2:1b,el_farol_bar,family fight,21,emotional,action_b,stay_home,action_a,,1,True,el_farol_bar_family fight_var_21,results/evaluations/results_llama3.2_1b.csv,1146,action_b,stay_home,c67c19456abcf8fd651444851f4bba79c646073310edfbf25efe6ad9f02ea984
llama3.2:1b,el_farol_bar,family fight,21,generic,action_b,stay_home,action_a,,1,True,el_farol_bar_family fight_var_21,results/evaluations/results_llama3.2_1b.csv,1144,action_b,stay_home,d8eb119b6d6696799a39ef17bf2614a42e74678e1cbf9d9c9bb85823952ec4f3
llama3.2:1b,el_farol_bar,family fight,21,rational,action_b,stay_home,action_a,,1,True,el_farol_bar_family fight_var_21,results/evaluations/results_llama3.2_1b.csv,1145,action_b,stay_home,e0d9c1ec5051b9b79f69ac67dd938a59bc244c9b9444fe8a75e1178597c611b8
llama3.2:1b,el_farol_bar,family fight,22,emotional,action_a,go_to_bar,action_a,,0,False,el_farol_bar_family fight_var_22,results/evaluations/results_llama3.2_1b.csv,1149,action_a,go_to_bar,43b51327a936a1259bac995f4dc6cc7cee54b34abd4e93613baacdb22aa51ab6
llama3.2:1b,el_farol_bar,family fight,22,generic,action_a,go_to_bar,action_a,,0,False,el_farol_bar_family fight_var_22,results/evaluations/results_llama3.2_1b.csv,1147,action_a,go_to_bar,917874b5c9536d7d4b19050326a2de25464db23415e510a1a3a7dc08db1c220e
llama3.2:1b,el_farol_bar,family fight,22,rational,action_a,go_to_bar,action_a,,0,False,el_farol_bar_family fight_var_22,results/evaluations/results_llama3.2_1b.csv,1148,action_a,go_to_bar,4bf9732d2d55ec4143621d651b2426eecb9e7e69ce1c0ae99bc91463ddda94c5
llama3.2:1b,el_farol_bar,family fight,23,emotional,action_b,stay_home,action_a,,1,True,el_farol_bar_family fight_var_23,results/evaluations/results_llama3.2_1b.csv,1152,action_b,stay_home,50334d80bc26a90a0511c6c8f67792d9d8c57a40521426508a0a86040e74af72
llama3.2:1b,el_farol_bar,family fight,23,generic,action_b,stay_home,action_a,,1,True,el_farol_bar_family fight_var_23,results/evaluations/results_llama3.2_1b.csv,1150,action_b,stay_home,bc6b3bfefb81430e07b98b3b945b2d1bcd2ab5460e88c73b91534a077688b69f
llama3.2:1b,el_farol_bar,family fight,23,rational,action_b,stay_home,action_a,,1,True,el_farol_bar_family fight_var_23,results/evaluations/results_llama3.2_1b.csv,1151,action_b,stay_home,6b9951c5f6c7ff0121359ac2c6aad7d31711a9135b7a042e6595aac7cf867c9f
llama3.2:1b,el_farol_bar,family fight,24,emotional,action_a,go_to_bar,action_a,,0,False,el_farol_bar_family fight_var_24,results/evaluations/results_llama3.2_1b.csv,1155,action_a,go_to_bar,677cee3e38a06804cea7140e0abb9e10949378d1136fd4657699933d2f4f9838
llama3.2:1b,el_farol_bar,family fight,24,generic,action_a,go_to_bar,action_a,,0,False,el_farol_bar_family fight_var_24,results/evaluations/results_llama3.2_1b.csv,1153,action_a,go_to_bar,8f9042010c864c238aaf82f70b1917b09cf52930becd16fdf5949e3ca0fc8d1c
llama3.2:1b,el_farol_bar,family fight,24,rational,action_a,go_to_bar,action_a,,0,False,el_farol_bar_family fight_var_24,results/evaluations/results_llama3.2_1b.csv,1154,action_a,go_to_bar,7d6236bf6e994139c7a025fbf2f86832c2d0c7abddb802d2c747debf9390b5d2
llama3.2:1b,el_farol_bar,family fight,25,emotional,action_b,stay_home,action_a,,1,True,el_farol_bar_family fight_var_25,results/evaluations/results_llama3.2_1b.csv,1158,action_b,stay_home,fad88d6407cb0ddc41aa8900d70fef4739e6a2949219a0e7747bf6b00a9e2047
llama3.2:1b,el_farol_bar,family fight,25,generic,action_b,stay_home,action_a,,1,True,el_farol_bar_family fight_var_25,results/evaluations/results_llama3.2_1b.csv,1156,action_b,stay_home,51be75acab4582805c05748893a89b5e8be720eb059aa9dd9dff7ab161220931
llama3.2:1b,el_farol_bar,family fight,25,rational,action_b,stay_home,action_a,,1,True,el_farol_bar_family fight_var_25,results/evaluations/results_llama3.2_1b.csv,1157,action_b,stay_home,6f87f4d764a4febf94c37f5474a0b62e85e7637b9d9cfe9ae22103a6aa450dd6
llama3.2:1b,el_farol_bar,family fight,26,emotional,action_a,go_to_bar,action_a,,0,False,el_farol_bar_family fight_var_26,results/evaluations/results_llama3.2_1b.csv,1161,action_a,go_to_bar,d3189157da2246599154d6e13467c96c552235e826d3728ff386921a12eeb11d
llama3.2:1b,el_farol_bar,family fight,26,generic,action_a,go_to_bar,action_a,,0,False,el_farol_bar_family fight_var_26,results/evaluations/results_llama3.2_1b.csv,1159,action_a,go_to_bar,9dcbd6cc9ae2cb0b4a214a14a1bec064a65653358e08e506fcf45fc0007d5261
llama3.2:1b,el_farol_bar,family fight,26,rational,action_a,go_to_bar,action_a,,0,False,el_farol_bar_family fight_var_26,results/evaluations/results_llama3.2_1b.csv,1160,action_a,go_to_bar,526a9308a3c30299450a2e6c7500ba0c95d7607b04a8a7e9b061f5d2a6a599fd
llama3.2:1b,el_farol_bar,family fight,27,emotional,action_b,stay_home,action_a,,1,True,el_farol_bar_family fight_var_27,results/evaluations/results_llama3.2_1b.csv,1164,action_b,stay_home,8427e6ad263a8728d3654a31774775c7d3983c643bc013793b276979bc748c5c
llama3.2:1b,el_farol_bar,family fight,27,generic,action_b,stay_home,action_a,,1,True,el_farol_bar_family fight_var_27,results/evaluations/results_llama3.2_1b.csv,1162,action_b,stay_home,a71d3944267ef7c849034a242168822a91866b058f95c128a53f85046080cdb7
llama3.2:1b,el_farol_bar,family fight,27,rational,action_b,stay_home,action_a,,1,True,el_farol_bar_family fight_var_27,results/evaluations/results_llama3.2_1b.csv,1163,action_b,stay_home,24e355f1081de9e061a8a7bcc4515c6c2fc8d3ac277af9d531665dbe23738dc3
llama3.2:1b,el_farol_bar,family fight,28,emotional,action_a,go_to_bar,action_a,,0,False,el_farol_bar_family fight_var_28,results/evaluations/results_llama3.2_1b.csv,1167,action_a,go_to_bar,21508aaedcd6b0e4a572dffb91bef544f2e5a09eadd1f00232a4f73531f1de9d
llama3.2:1b,el_farol_bar,family fight,28,generic,action_a,go_to_bar,action_a,,0,False,el_farol_bar_family fight_var_28,results/evaluations/results_llama3.2_1b.csv,1165,action_a,go_to_bar,f31d5309241b7cc5112da712addb7f4f16b113b8a669a2c1edf3457e0fb036fc
llama3.2:1b,el_farol_bar,family fight,28,rational,action_a,go_to_bar,action_a,,0,False,el_farol_bar_family fight_var_28,results/evaluations/results_llama3.2_1b.csv,1166,action_a,go_to_bar,75010e546acfea5ba10ef8a3a281e438ecd2ec03e3ba1782684eb8b78f2e6e2f
llama3.2:1b,el_farol_bar,family fight,29,emotional,action_b,stay_home,action_a,,1,True,el_farol_bar_family fight_var_29,results/evaluations/results_llama3.2_1b.csv,1170,action_b,stay_home,fefafa7d8dda148242d4e42eae694b796f6f3742405b1973f0ea2f941c970ede
llama3.2:1b,el_farol_bar,family fight,29,generic,action_b,stay_home,action_a,,1,True,el_farol_bar_family fight_var_29,results/evaluations/results_llama3.2_1b.csv,1168,action_b,stay_home,31dc686151a4de99ec0fd2c96aa337ceb3a4ac40e981e23710b67b7b3dae1819
llama3.2:1b,el_farol_bar,family fight,29,rational,action_b,stay_home,action_a,,1,True,el_farol_bar_family fight_var_29,results/evaluations/results_llama3.2_1b.csv,1169,action_b,stay_home,53446c9cc7af82f9ee929b87c92e3d52e9cd602e8ce57c54fc9bb8a37fbc85f4
llama3.2:1b,el_farol_bar,family fight,3,emotional,action_b,stay_home,action_a,,1,True,el_farol_bar_family fight_var_3,results/evaluations/results_llama3.2_1b.csv,1092,action_b,stay_home,962f81cbd8f994c07fb44e883a62c6c26f396f91b469f4b16881ae9286d8a07e
llama3.2:1b,el_farol_bar,family fight,3,generic,action_b,stay_home,action_a,,1,True,el_farol_bar_family fight_var_3,results/evaluations/results_llama3.2_1b.csv,1090,action_b,stay_home,9a9142dd8bd156e73cd29a92c17656dcb6356a3154553689700142749d8d0b80
llama3.2:1b,el_farol_bar,family fight,3,rational,action_b,stay_home,action_a,,1,True,el_farol_bar_family fight_var_3,results/evaluations/results_llama3.2_1b.csv,1091,action_b,stay_home,116725818b26320d2796f14f778844ef050f5e779457525ea0aa583e22de9731
llama3.2:1b,el_farol_bar,family fight,4,emotional,action_a,go_to_bar,action_a,,0,False,el_farol_bar_family fight_var_4,results/evaluations/results_llama3.2_1b.csv,1095,action_a,go_to_bar,1f9d57d51b2f7449e86824cb94d9cac5b697303a40f23667480e774a96286c5b
llama3.2:1b,el_farol_bar,family fight,4,generic,action_a,go_to_bar,action_a,,0,False,el_farol_bar_family fight_var_4,results/evaluations/results_llama3.2_1b.csv,1093,action_a,go_to_bar,2c96bd01617554d891e671e00c2999f53a3092ea33aaccdaf78d4ca15568954b
llama3.2:1b,el_farol_bar,family fight,4,rational,action_a,go_to_bar,action_a,,0,False,el_farol_bar_family fight_var_4,results/evaluations/results_llama3.2_1b.csv,1094,action_a,go_to_bar,02f77d7e041f0578b8d12a5b98a7623d86a2468405603ab8fd630da107b30afe
llama3.2:1b,el_farol_bar,family fight,5,emotional,action_b,stay_home,action_a,,1,True,el_farol_bar_family fight_var_5,results/evaluations/results_llama3.2_1b.csv,1098,action_b,stay_home,8301a6da396cb023c302d35e7131b080d3d88ab76ee6cb3de545766e9731ee48
llama3.2:1b,el_farol_bar,family fight,5,generic,action_b,stay_home,action_a,,1,True,el_farol_bar_family fight_var_5,results/evaluations/results_llama3.2_1b.csv,1096,action_b,stay_home,a0c398f1c66f723e2df5c7ef703f380baa2070dca7fb8b4c3e700788b295c94c
llama3.2:1b,el_farol_bar,family fight,5,rational,action_b,stay_home,action_a,,1,True,el_farol_bar_family fight_var_5,results/evaluations/results_llama3.2_1b.csv,1097,action_b,stay_home,c779b9f627f3ff39dbf21c63a39ddc026dcc5b2f38d11aaf81b94ce6fa5d0835
llama3.2:1b,el_farol_bar,family fight,6,emotional,action_a,go_to_bar,action_a,,0,False,el_farol_bar_family fight_var_6,results/evaluations/results_llama3.2_1b.csv,1101,action_a,go_to_bar,8d61160eb0ba0b814bb5a612de6463964b41f92f44c4b26bceb5358d9474dba3
llama3.2:1b,el_farol_bar,family fight,6,generic,action_a,go_to_bar,action_a,,0,False,el_farol_bar_family fight_var_6,results/evaluations/results_llama3.2_1b.csv,1099,action_a,go_to_bar,7865cca23142682e41d35bf56dc411e1cda4da2b4c9fd96c9f9fcebca846bf04
llama3.2:1b,el_farol_bar,family fight,6,rational,action_a,go_to_bar,action_a,,0,False,el_farol_bar_family fight_var_6,results/evaluations/results_llama3.2_1b.csv,1100,action_a,go_to_bar,47189f19b01bf64ffa92744c0f69279238f9bafb595ec7ac31cfd324a140089b
llama3.2:1b,el_farol_bar,family fight,7,emotional,action_b,stay_home,action_a,,1,True,el_farol_bar_family fight_var_7,results/evaluations/results_llama3.2_1b.csv,1104,action_b,stay_home,119eb30d7075b4c52fd0a79a9642d3930dd1a8dca0c0bb15e1a4ffe98afd940d
llama3.2:1b,el_farol_bar,family fight,7,generic,action_b,stay_home,action_a,,1,True,el_farol_bar_family fight_var_7,results/evaluations/results_llama3.2_1b.csv,1102,action_b,stay_home,e8f381e3a20d8aa3425e21f20c6004302aff8fdb383be1a257acfdb258eee115
llama3.2:1b,el_farol_bar,family fight,7,rational,action_b,stay_home,action_a,,1,True,el_farol_bar_family fight_var_7,results/evaluations/results_llama3.2_1b.csv,1103,action_b,stay_home,5784ec3e51dde33facfe7315d7d569d23687e669601b4e2bbbf80a07d5531da5
llama3.2:1b,el_farol_bar,family fight,8,emotional,action_a,go_to_bar,action_a,,0,False,el_farol_bar_family fight_var_8,results/evaluations/results_llama3.2_1b.csv,1107,action_a,go_to_bar,24f4049644fef69fb4e9d1b064723c4a7e10ff689b978bd99ba05caec82cf76e
llama3.2:1b,el_farol_bar,family fight,8,generic,action_a,go_to_bar,action_a,,0,False,el_farol_bar_family fight_var_8,results/evaluations/results_llama3.2_1b.csv,1105,action_a,go_to_bar,539f813bcc25811f1e2b0469dac8d57fff243bb4f994cfe72aee6f0dbc17a7ae
llama3.2:1b,el_farol_bar,family fight,8,rational,action_a,go_to_bar,action_a,,0,False,el_farol_bar_family fight_var_8,results/evaluations/results_llama3.2_1b.csv,1106,action_a,go_to_bar,83442e6df6c4d7237bf01c3725c426ce35d12c8b26ca432127026867594063f6
llama3.2:1b,el_farol_bar,family fight,9,emotional,action_b,stay_home,action_a,,1,True,el_farol_bar_family fight_var_9,results/evaluations/results_llama3.2_1b.csv,1110,action_b,stay_home,cae2567d42827021acf03b6ed150be87b66a15cf37269763e492b7fa3c01b108
llama3.2:1b,el_farol_bar,family fight,9,generic,action_b,stay_home,action_a,,1,True,el_farol_bar_family fight_var_9,results/evaluations/results_llama3.2_1b.csv,1108,action_b,stay_home,a6b9bb193e7dcde01768045c0f218529297f15d82d8543042e487382a61f6ec4
llama3.2:1b,el_farol_bar,family fight,9,rational,action_b,stay_home,action_a,,1,True,el_farol_bar_family fight_var_9,results/evaluations/results_llama3.2_1b.csv,1109,action_b,stay_home,893156d6b85c5e2f69a74811b82924bda75179910a828482e384b3298beebcc1
llama3.2:1b,el_farol_bar,game_show,0,emotional,action_a,go_to_bar,action_a,,0,False,el_farol_bar_game_show_var_0,results/evaluations/results_llama3.2_1b.csv,1173,action_a,go_to_bar,2f84d62cf1f9ca67ed9214aedc1709b749255c399916a601ca430ec58dce16f2
llama3.2:1b,el_farol_bar,game_show,0,generic,action_a,go_to_bar,action_a,,0,False,el_farol_bar_game_show_var_0,results/evaluations/results_llama3.2_1b.csv,1171,action_a,go_to_bar,c50ef3be8078fe1b1dc64dbc3a52d681819c7a472fffdb92a1e1a193c56baeb4
llama3.2:1b,el_farol_bar,game_show,0,rational,action_a,go_to_bar,action_a,,0,False,el_farol_bar_game_show_var_0,results/evaluations/results_llama3.2_1b.csv,1172,action_a,go_to_bar,904c4f28c163b1325ddf116913836aeb1e3911f0aeb06683ebd68b4a0faa4b55
llama3.2:1b,el_farol_bar,game_show,1,emotional,action_b,stay_home,action_a,,1,True,el_farol_bar_game_show_var_1,results/evaluations/results_llama3.2_1b.csv,1176,action_b,stay_home,9178ac8c24ae9c095b9ec7f62a1dcbcefdc240a4b5eb4159a2f70e4c2104c0d9
llama3.2:1b,el_farol_bar,game_show,1,generic,action_b,stay_home,action_a,,1,True,el_farol_bar_game_show_var_1,results/evaluations/results_llama3.2_1b.csv,1174,action_b,stay_home,56f3e4ed1d59b3cbadb32f5023e8061744b4d08f43250b6dc2ce114248330a5a
llama3.2:1b,el_farol_bar,game_show,1,rational,action_b,stay_home,action_a,,1,True,el_farol_bar_game_show_var_1,results/evaluations/results_llama3.2_1b.csv,1175,action_b,stay_home,1f95dc38f37d14e8b73ec3fb6c2bd26003051916f8f56d55b0ca4c5adaa3b571
llama3.2:1b,el_farol_bar,game_show,10,emotional,action_a,go_to_bar,action_a,,0,False,el_farol_bar_game_show_var_10,results/evaluations/results_llama3.2_1b.csv,1203,action_a,go_to_bar,e17f4daad4e0fe787da92ac234c660a0953d82a77454177d901d3fafc3b6cc4c
llama3.2:1b,el_farol_bar,game_show,10,generic,action_a,go_to_bar,action_a,,0,False,el_farol_bar_game_show_var_10,results/evaluations/results_llama3.2_1b.csv,1201,action_a,go_to_bar,f4cc1b73db6d8403534d3d0aabb242b952075a26ff5e23ee2222cbb76a1b86c2
llama3.2:1b,el_farol_bar,game_show,10,rational,action_a,go_to_bar,action_a,,0,False,el_farol_bar_game_show_var_10,results/evaluations/results_llama3.2_1b.csv,1202,action_a,go_to_bar,242712e5f2c42dc6ed1ed9824dbf3f2c31118a71c0afeba54ec0a43e88c98377
llama3.2:1b,el_farol_bar,game_show,11,emotional,action_b,stay_home,action_a,,1,True,el_farol_bar_game_show_var_11,results/evaluations/results_llama3.2_1b.csv,1206,action_b,stay_home,18841edb65a0d20a268bf503bb28a58c85647f868ff55ef01578c6ebbf0491d2
llama3.2:1b,el_farol_bar,game_show,11,generic,action_b,stay_home,action_a,,1,True,el_farol_bar_game_show_var_11,results/evaluations/results_llama3.2_1b.csv,1204,action_b,stay_home,a973da72e5083da46f1eb71afe4c1458a72ef9adc1810c5be7ff9e300c7f1b6e
llama3.2:1b,el_farol_bar,game_show,11,rational,action_b,stay_home,action_a,,1,True,el_farol_bar_game_show_var_11,results/evaluations/results_llama3.2_1b.csv,1205,action_b,stay_home,3127f2c0843ad1bb6c0bf1e42a48229e0b1afaa5a318d3375e3229e6ce63a3d3
llama3.2:1b,el_farol_bar,game_show,12,emotional,action_a,go_to_bar,action_a,,0,False,el_farol_bar_game_show_var_12,results/evaluations/results_llama3.2_1b.csv,1209,action_a,go_to_bar,af47e033725e6c179774c6c8f327752c6772affcdaade1b472eddd0d2ec2b845
llama3.2:1b,el_farol_bar,game_show,12,generic,action_a,go_to_bar,action_a,,0,False,el_farol_bar_game_show_var_12,results/evaluations/results_llama3.2_1b.csv,1207,action_a,go_to_bar,300b874d7f523ae089f3bc34be594ce62fe7d5bc02e738d6a0892991ab785da2
llama3.2:1b,el_farol_bar,game_show,12,rational,action_a,go_to_bar,action_a,,0,False,el_farol_bar_game_show_var_12,results/evaluations/results_llama3.2_1b.csv,1208,action_a,go_to_bar,a2b155d5d64f0b1fb34f68fdeff541ac4357acf6777eb76d190f99aa151108d5
llama3.2:1b,el_farol_bar,game_show,13,emotional,action_b,stay_home,action_a,,1,True,el_farol_bar_game_show_var_13,results/evaluations/results_llama3.2_1b.csv,1212,action_b,stay_home,d76b0d31ef6ea7f678cc68956959b564b6108aeb733817abab7b65d0fc5f9a7d
llama3.2:1b,el_farol_bar,game_show,13,generic,action_b,stay_home,action_a,,1,True,el_farol_bar_game_show_var_13,results/evaluations/results_llama3.2_1b.csv,1210,action_b,stay_home,44c610ce0996cbe144ac47d2a83109b4edc0373624f7e7593d9f87654402b117
llama3.2:1b,el_farol_bar,game_show,13,rational,action_b,stay_home,action_a,,1,True,el_farol_bar_game_show_var_13,results/evaluations/results_llama3.2_1b.csv,1211,action_b,stay_home,e267f4943b4887efd98b37fa662ce808978d1b37039d19827bbe1406b76b937f
llama3.2:1b,el_farol_bar,game_show,14,emotional,action_a,go_to_bar,action_a,,0,False,el_farol_bar_game_show_var_14,results/evaluations/results_llama3.2_1b.csv,1215,action_a,go_to_bar,91b5493fe681809fddb69b29ab0b084ab96acce648146c997f738a1ee83e5534
llama3.2:1b,el_farol_bar,game_show,14,generic,action_a,go_to_bar,action_a,,0,False,el_farol_bar_game_show_var_14,results/evaluations/results_llama3.2_1b.csv,1213,action_a,go_to_bar,44ec5fc6fec17b03453ddb7234b8201ea233ae15fbb257fb1bc31d21620f1a8f
llama3.2:1b,el_farol_bar,game_show,14,rational,action_a,go_to_bar,action_a,,0,False,el_farol_bar_game_show_var_14,results/evaluations/results_llama3.2_1b.csv,1214,action_a,go_to_bar,ad33d71f37b90dd52763c666effc030742ea5e436df57af4c4251829ddfac6d4
llama3.2:1b,el_farol_bar,game_show,15,emotional,action_b,stay_home,action_a,,1,True,el_farol_bar_game_show_var_15,results/evaluations/results_llama3.2_1b.csv,1218,action_b,stay_home,6bdce6de7a853e6227695a5446546207ba248bcc3bd32f53544dbdfb135f4c88
llama3.2:1b,el_farol_bar,game_show,15,generic,action_b,stay_home,action_a,,1,True,el_farol_bar_game_show_var_15,results/evaluations/results_llama3.2_1b.csv,1216,action_b,stay_home,9d3d262c492efe0755de10e9dde88048694d7f88087e2089026b2156cf6c9c6c
llama3.2:1b,el_farol_bar,game_show,15,rational,action_b,stay_home,action_a,,1,True,el_farol_bar_game_show_var_15,results/evaluations/results_llama3.2_1b.csv,1217,action_b,stay_home,25fe963ae2f3cd866180e32efe49959adc183ea07b050e0e8f170de449ba650e
llama3.2:1b,el_farol_bar,game_show,16,emotional,action_a,go_to_bar,action_a,,0,False,el_farol_bar_game_show_var_16,results/evaluations/results_llama3.2_1b.csv,1221,action_a,go_to_bar,779b4983afcc587f6c1d6e4b70b1cad9c949c59bfbe8aa3f24bcd4e3d33a8197
llama3.2:1b,el_farol_bar,game_show,16,generic,action_a,go_to_bar,action_a,,0,False,el_farol_bar_game_show_var_16,results/evaluations/results_llama3.2_1b.csv,1219,action_a,go_to_bar,1c806a70f78895e21d32867d5b5c651f27a70893ed11c3645e9e3949c29cd4ba
llama3.2:1b,el_farol_bar,game_show,16,rational,action_a,go_to_bar,action_a,,0,False,el_farol_bar_game_show_var_16,results/evaluations/results_llama3.2_1b.csv,1220,action_a,go_to_bar,df7c67d80de4d6178694afaa05162da142c80e73245b334621785d558b20e54c
llama3.2:1b,el_farol_bar,game_show,17,emotional,action_b,stay_home,action_a,,1,True,el_farol_bar_game_show_var_17,results/evaluations/results_llama3.2_1b.csv,1224,action_b,stay_home,86240b11870d4b3f5f97a22b5a7c3c2e3a7ffa66144bed11fad5575f199a588a
llama3.2:1b,el_farol_bar,game_show,17,generic,action_b,stay_home,action_a,,1,True,el_farol_bar_game_show_var_17,results/evaluations/results_llama3.2_1b.csv,1222,action_b,stay_home,cbb340db3ca91cd566f37b447aaa19284805fa8eb60664faf92aeb1c4b877433
llama3.2:1b,el_farol_bar,game_show,17,rational,action_b,stay_home,action_a,,1,True,el_farol_bar_game_show_var_17,results/evaluations/results_llama3.2_1b.csv,1223,action_b,stay_home,1050e7e01f5b074d9b874111ae7b4f803b8c4b45d84a77b720b4f42aa56a03fe
llama3.2:1b,el_farol_bar,game_show,18,emotional,action_a,go_to_bar,action_a,,0,False,el_farol_bar_game_show_var_18,results/evaluations/results_llama3.2_1b.csv,1227,action_a,go_to_bar,a4c3622f2267074be93dec85556f46b1903fdd6cd3a0354341a28fe14453663a
llama3.2:1b,el_farol_bar,game_show,18,generic,action_a,go_to_bar,action_a,,0,False,el_farol_bar_game_show_var_18,results/evaluations/results_llama3.2_1b.csv,1225,action_a,go_to_bar,050e86813282b93ebab6844fc7d216a03a9b08f1317996c9a90bdfd9edb09f3b
llama3.2:1b,el_farol_bar,game_show,18,rational,action_a,go_to_bar,action_a,,0,False,el_farol_bar_game_show_var_18,results/evaluations/results_llama3.2_1b.csv,1226,action_a,go_to_bar,36494d085ec8ae1162990696f575bafaaa10f1c7afd19d7aacc88eb3d91eb6e5
llama3.2:1b,el_farol_bar,game_show,19,emotional,action_b,stay_home,action_a,,1,True,el_farol_bar_game_show_var_19,results/evaluations/results_llama3.2_1b.csv,1230,action_b,stay_home,fc2ad18dfeeec38b5feaf95b22509e6eea676ec64da8c19c0008ba7ac0319368
llama3.2:1b,el_farol_bar,game_show,19,generic,action_b,stay_home,action_a,,1,True,el_farol_bar_game_show_var_19,results/evaluations/results_llama3.2_1b.csv,1228,action_b,stay_home,96455bc3050d54db8ed53d0e102f09e244cc81c10dfec776b98d2c0eac95faf0
llama3.2:1b,el_farol_bar,game_show,19,rational,action_b,stay_home,action_a,,1,True,el_farol_bar_game_show_var_19,results/evaluations/results_llama3.2_1b.csv,1229,action_b,stay_home,0797155234d3da21004fdbc05b1255a7ec193506b3b3b68b82795a67934f2c69
llama3.2:1b,el_farol_bar,game_show,2,emotional,action_a,go_to_bar,action_a,,0,False,el_farol_bar_game_show_var_2,results/evaluations/results_llama3.2_1b.csv,1179,action_a,go_to_bar,031b495f1d92edddec05cb4885b5841c25cb1a3db526e82aaaebcce75be40ff7
llama3.2:1b,el_farol_bar,game_show,2,generic,action_a,go_to_bar,action_a,,0,False,el_farol_bar_game_show_var_2,results/evaluations/results_llama3.2_1b.csv,1177,action_a,go_to_bar,7463f4e65bed335d0ea15c4c2837379199e6385103da0b898fffa2b4716320e2
llama3.2:1b,el_farol_bar,game_show,2,rational,action_a,go_to_bar,action_a,,0,False,el_farol_bar_game_show_var_2,results/evaluations/results_llama3.2_1b.csv,1178,action_a,go_to_bar,d764b2eced2ad7ec5f809270a606976ea54330502e111f5da5dbf596a3207b8b
llama3.2:1b,el_farol_bar,game_show,20,emotional,action_a,go_to_bar,action_a,,0,False,el_farol_bar_game_show_var_20,results/evaluations/results_llama3.2_1b.csv,1233,action_a,go_to_bar,9008f0a155dcf9dd48ae8aadc66fd685a4f61302e0900777271ce8aa5fe5d41d
llama3.2:1b,el_farol_bar,game_show,20,generic,action_a,go_to_bar,action_a,,0,False,el_farol_bar_game_show_var_20,results/evaluations/results_llama3.2_1b.csv,1231,action_a,go_to_bar,6097de06e597f0491c215aca3d82d49280bf3ca6a6e2f66782ca3b8d67750229
llama3.2:1b,el_farol_bar,game_show,20,rational,action_a,go_to_bar,action_a,,0,False,el_farol_bar_game_show_var_20,results/evaluations/results_llama3.2_1b.csv,1232,action_a,go_to_bar,1724ddc54801def1670b3b86db0dd30918af45a3c707e8fe4bde1c455b8aa638
llama3.2:1b,el_farol_bar,game_show,21,emotional,action_b,stay_home,action_a,,1,True,el_farol_bar_game_show_var_21,results/evaluations/results_llama3.2_1b.csv,1236,action_b,stay_home,bebb823d280136f4f0ee2b6aa983bcd85a264f6ef17a00f2b32dc3766b8c9dfb
llama3.2:1b,el_farol_bar,game_show,21,generic,action_b,stay_home,action_a,,1,True,el_farol_bar_game_show_var_21,results/evaluations/results_llama3.2_1b.csv,1234,action_b,stay_home,a24c410dc18c5d5b358dafe718c810ad1fb4bea9843e4f934f3832438982b581
llama3.2:1b,el_farol_bar,game_show,21,rational,action_b,stay_home,action_a,,1,True,el_farol_bar_game_show_var_21,results/evaluations/results_llama3.2_1b.csv,1235,action_b,stay_home,7538df7d7c9e7858963d771b33ff235984fe2cf899f1e5be9d118b281e5f5fa0
llama3.2:1b,el_farol_bar,game_show,22,emotional,action_a,go_to_bar,action_a,,0,False,el_farol_bar_game_show_var_22,results/evaluations/results_llama3.2_1b.csv,1239,action_a,go_to_bar,616f486bcf4b86fd769147aa6fa558a244302ab727c4531d20d2e1bf2452ddc7
llama3.2:1b,el_farol_bar,game_show,22,generic,action_a,go_to_bar,action_a,,0,False,el_farol_bar_game_show_var_22,results/evaluations/results_llama3.2_1b.csv,1237,action_a,go_to_bar,5ec117df21133ba1169e10e122bc2904ed78c3590140e9ac57a0b7ff94be3760
llama3.2:1b,el_farol_bar,game_show,22,rational,action_a,go_to_bar,action_a,,0,False,el_farol_bar_game_show_var_22,results/evaluations/results_llama3.2_1b.csv,1238,action_a,go_to_bar,49d12e1d3f791e32f3344cb06816b95d54b9ef7522c174f5212dfa8874417a19
llama3.2:1b,el_farol_bar,game_show,23,emotional,action_b,stay_home,action_a,,1,True,el_farol_bar_game_show_var_23,results/evaluations/results_llama3.2_1b.csv,1242,action_b,stay_home,b769fdcafe960d10b4bc1dbf88c8344b6d0c6ed72e5f798b428fb68c5fcfdcf6
llama3.2:1b,el_farol_bar,game_show,23,generic,action_b,stay_home,action_a,,1,True,el_farol_bar_game_show_var_23,results/evaluations/results_llama3.2_1b.csv,1240,action_b,stay_home,a7ae43e18061ad834fb591cbe6370857ad371a35fb784d5da60d9ac9473551d7
llama3.2:1b,el_farol_bar,game_show,23,rational,action_b,stay_home,action_a,,1,True,el_farol_bar_game_show_var_23,results/evaluations/results_llama3.2_1b.csv,1241,action_b,stay_home,d77a808a59899828b89a502b068750ffd2a5bf48b01565d8d6ade447af300d55
llama3.2:1b,el_farol_bar,game_show,24,emotional,action_a,go_to_bar,action_a,,0,False,el_farol_bar_game_show_var_24,results/evaluations/results_llama3.2_1b.csv,1245,action_a,go_to_bar,1506c15681a64f3f4eb6676a27f39b8263597191548b86f94ec443e5caacc93b
llama3.2:1b,el_farol_bar,game_show,24,generic,action_a,go_to_bar,action_a,,0,False,el_farol_bar_game_show_var_24,results/evaluations/results_llama3.2_1b.csv,1243,action_a,go_to_bar,c37549863c5ba0b24ae340eeeee9c7f7bef8471e12f61190bbcf4a0bd82ae5aa
llama3.2:1b,el_farol_bar,game_show,24,rational,action_a,go_to_bar,action_a,,0,False,el_farol_bar_game_show_var_24,results/evaluations/results_llama3.2_1b.csv,1244,action_a,go_to_bar,462f68e0e238152d866ab5d22ff1a233f79da5f27b76edf039845745a7bdb5c0
llama3.2:1b,el_farol_bar,game_show,25,emotional,action_b,stay_home,action_a,,1,True,el_farol_bar_game_show_var_25,results/evaluations/results_llama3.2_1b.csv,1248,action_b,stay_home,0ba5bfbd1aa05a908edbc0b459f9717e6982a353642c9c2acb4186ae389091d7
llama3.2:1b,el_farol_bar,game_show,25,generic,action_b,stay_home,action_a,,1,True,el_farol_bar_game_show_var_25,results/evaluations/results_llama3.2_1b.csv,1246,action_b,stay_home,c743a5b214e790dc97c1a1b56301956a1e9b077478239569b6b5060f505a095d
llama3.2:1b,el_farol_bar,game_show,25,rational,action_b,stay_home,action_a,,1,True,el_farol_bar_game_show_var_25,results/evaluations/results_llama3.2_1b.csv,1247,action_b,stay_home,9807eb20f1a89292d291323bf185f85d58968833162c7a836f8805cf63d0d56d
llama3.2:1b,el_farol_bar,game_show,26,emotional,action_a,go_to_bar,action_a,,0,False,el_farol_bar_game_show_var_26,results/evaluations/results_llama3.2_1b.csv,1251,action_a,go_to_bar,762f9eaf0a99f5b1e31b926e6658ace06bd64daadd59bcd4a9e6ee5a71eb0483
llama3.2:1b,el_farol_bar,game_show,26,generic,action_a,go_to_bar,action_a,,0,False,el_farol_bar_game_show_var_26,results/evaluations/results_llama3.2_1b.csv,1249,action_a,go_to_bar,4c3cc49f0065edba77f3804b24bc2dabb9d343dd038d1632b0c103e71f332839
llama3.2:1b,el_farol_bar,game_show,26,rational,action_a,go_to_bar,action_a,,0,False,el_farol_bar_game_show_var_26,results/evaluations/results_llama3.2_1b.csv,1250,action_a,go_to_bar,1acf5a63ae16076c20e3ea084cffecdf2f0a74d2d7607dbe1063b6cc00cf1403
llama3.2:1b,el_farol_bar,game_show,27,emotional,action_b,stay_home,action_a,,1,True,el_farol_bar_game_show_var_27,results/evaluations/results_llama3.2_1b.csv,1254,action_b,stay_home,7feace892490d3fd39b234ee30b16333c66eef2e103f489d3853c9a03badd5b0
llama3.2:1b,el_farol_bar,game_show,27,generic,action_b,stay_home,action_a,,1,True,el_farol_bar_game_show_var_27,results/evaluations/results_llama3.2_1b.csv,1252,action_b,stay_home,18bb2f435210acf996b10bbab2a4d241688132393479058fb7ab6bcd3119cfad
llama3.2:1b,el_farol_bar,game_show,27,rational,action_b,stay_home,action_a,,1,True,el_farol_bar_game_show_var_27,results/evaluations/results_llama3.2_1b.csv,1253,action_b,stay_home,4c7e87fd2c7e116492ae8e6dcc5051e7beefa52bb0808b8e60e6b5ae1d1e6f99
llama3.2:1b,el_farol_bar,game_show,28,emotional,action_a,go_to_bar,action_a,,0,False,el_farol_bar_game_show_var_28,results/evaluations/results_llama3.2_1b.csv,1257,action_a,go_to_bar,1902a20e77af037d3b1d7fa22057a4b9f7e531511d9c5ccdac884855a83b0d76
llama3.2:1b,el_farol_bar,game_show,28,generic,action_a,go_to_bar,action_a,,0,False,el_farol_bar_game_show_var_28,results/evaluations/results_llama3.2_1b.csv,1255,action_a,go_to_bar,fac55487d5d3b3463236bca3a5bc76a384641bba65df2516d64f4ade8914a639
llama3.2:1b,el_farol_bar,game_show,28,rational,action_a,go_to_bar,action_a,,0,False,el_farol_bar_game_show_var_28,results/evaluations/results_llama3.2_1b.csv,1256,action_a,go_to_bar,0a7816984ba5d4ab2da8d867926c934c655044b610e4f69061f6fc3f825003eb
llama3.2:1b,el_farol_bar,game_show,29,emotional,action_b,stay_home,action_a,,1,True,el_farol_bar_game_show_var_29,results/evaluations/results_llama3.2_1b.csv,1260,action_b,stay_home,7daff4bcd32eb345330f7ea609537cf0b02390812824441e30da3a4cd5a4484a
llama3.2:1b,el_farol_bar,game_show,29,generic,action_b,stay_home,action_a,,1,True,el_farol_bar_game_show_var_29,results/evaluations/results_llama3.2_1b.csv,1258,action_b,stay_home,f31d4dcdc55327bf682a8af5821e44fca00af72f43dceec3e3712b0a0fe6130e
llama3.2:1b,el_farol_bar,game_show,29,rational,action_b,stay_home,action_a,,1,True,el_farol_bar_game_show_var_29,results/evaluations/results_llama3.2_1b.csv,1259,action_b,stay_home,e6b26235f62b8942c40d41ce5df9c72cb145ab22d996fd997327ab5f109b339d
llama3.2:1b,el_farol_bar,game_show,3,emotional,action_b,stay_home,action_a,,1,True,el_farol_bar_game_show_var_3,results/evaluations/results_llama3.2_1b.csv,1182,action_b,stay_home,fa9727dbc72032533537e71b74689e78b87257f7bc5286ccc519f17684eb3109
llama3.2:1b,el_farol_bar,game_show,3,generic,action_b,stay_home,action_a,,1,True,el_farol_bar_game_show_var_3,results/evaluations/results_llama3.2_1b.csv,1180,action_b,stay_home,be200b08ef451b0cf66f75fe0ce5d7451e9d117554a8f69b79dbd148e0276a9c
llama3.2:1b,el_farol_bar,game_show,3,rational,action_b,stay_home,action_a,,1,True,el_farol_bar_game_show_var_3,results/evaluations/results_llama3.2_1b.csv,1181,action_b,stay_home,ee93c5a065d84b906c7ea5c60940dbcf3bef796b3a5ec2e043152f886a3731ec
llama3.2:1b,el_farol_bar,game_show,4,emotional,action_a,go_to_bar,action_a,,0,False,el_farol_bar_game_show_var_4,results/evaluations/results_llama3.2_1b.csv,1185,action_a,go_to_bar,7d775d8bdc20b387c4df0e55968233a2c76435d9a273b99766b2681493b85c13
llama3.2:1b,el_farol_bar,game_show,4,generic,action_a,go_to_bar,action_a,,0,False,el_farol_bar_game_show_var_4,results/evaluations/results_llama3.2_1b.csv,1183,action_a,go_to_bar,ab32f1c1ec38ab4a78297a5b96724989400b641f985d5f1363efacb4f5b47f72
llama3.2:1b,el_farol_bar,game_show,4,rational,action_a,go_to_bar,action_a,,0,False,el_farol_bar_game_show_var_4,results/evaluations/results_llama3.2_1b.csv,1184,action_a,go_to_bar,dcc9ab1ea4010451deb63a4697446c92b879548d42fa86201527a65ef9f564cd
llama3.2:1b,el_farol_bar,game_show,5,emotional,action_b,stay_home,action_a,,1,True,el_farol_bar_game_show_var_5,results/evaluations/results_llama3.2_1b.csv,1188,action_b,stay_home,dd94c3c495a9b5a706c056e2c5d9149ce7aabfbe9926ff7699430a6c5c8b8a0c
llama3.2:1b,el_farol_bar,game_show,5,generic,action_b,stay_home,action_a,,1,True,el_farol_bar_game_show_var_5,results/evaluations/results_llama3.2_1b.csv,1186,action_b,stay_home,c29f09495f8634729a737cffd5b1df95a429671d1dc7c0b842932b63be8f757f
llama3.2:1b,el_farol_bar,game_show,5,rational,action_b,stay_home,action_a,,1,True,el_farol_bar_game_show_var_5,results/evaluations/results_llama3.2_1b.csv,1187,action_b,stay_home,3b433d0495c9d833d7ebb409b2af9d8f455eca4743fd0177301a8ca3d58c849e
llama3.2:1b,el_farol_bar,game_show,6,emotional,action_a,go_to_bar,action_a,,0,False,el_farol_bar_game_show_var_6,results/evaluations/results_llama3.2_1b.csv,1191,action_a,go_to_bar,b499c5d7d775c3ca8088f40d7d7a1e77685074c3fac2f8fe5e6b1c7e396bdd21
llama3.2:1b,el_farol_bar,game_show,6,generic,action_a,go_to_bar,action_a,,0,False,el_farol_bar_game_show_var_6,results/evaluations/results_llama3.2_1b.csv,1189,action_a,go_to_bar,f437278d739a782eb39fec94a92ce51f84ef59653138eef434f0f76daa839542
llama3.2:1b,el_farol_bar,game_show,6,rational,action_a,go_to_bar,action_a,,0,False,el_farol_bar_game_show_var_6,results/evaluations/results_llama3.2_1b.csv,1190,action_a,go_to_bar,590a60cc8b7679bb5ba751b5a3759700d258fccbaab953a8e4e23d4012b899a0
llama3.2:1b,el_farol_bar,game_show,7,emotional,action_b,stay_home,action_a,,1,True,el_farol_bar_game_show_var_7,results/evaluations/results_llama3.2_1b.csv,1194,action_b,stay_home,036ca6783d9cc1476774cd530a55345d2d09bcbb18b7599c53d84686693acdc6
llama3.2:1b,el_farol_bar,game_show,7,generic,action_b,stay_home,action_a,,1,True,el_farol_bar_game_show_var_7,results/evaluations/results_llama3.2_1b.csv,1192,action_b,stay_home,5f93382a47f4084de1a31584d46152821ec76291fd5bcd716094b78299c50317
llama3.2:1b,el_farol_bar,game_show,7,rational,action_b,stay_home,action_a,,1,True,el_farol_bar_game_show_var_7,results/evaluations/results_llama3.2_1b.csv,1193,action_b,stay_home,132f8c816e6127dae32ac17f0ec19418638e2d704a2444e0f348c014479e260d
llama3.2:1b,el_farol_bar,game_show,8,emotional,action_a,go_to_bar,action_a,,0,False,el_farol_bar_game_show_var_8,results/evaluations/results_llama3.2_1b.csv,1197,action_a,go_to_bar,98291db6b9d308353411df34a8d5f0506cb3840d821f89ea6e9e9205b6540774
llama3.2:1b,el_farol_bar,game_show,8,generic,action_a,go_to_bar,action_a,,0,False,el_farol_bar_game_show_var_8,results/evaluations/results_llama3.2_1b.csv,1195,action_a,go_to_bar,ebfe30fd25de9802a6a812423b7c741e886e02b6f0c1995e9af0bc2991970f26
llama3.2:1b,el_farol_bar,game_show,8,rational,action_a,go_to_bar,action_a,,0,False,el_farol_bar_game_show_var_8,results/evaluations/results_llama3.2_1b.csv,1196,action_a,go_to_bar,eecffcb0eb19c42df92dce373787c19ac5d2fe1262c1e8ffb7702cf2fd38e3c7
llama3.2:1b,el_farol_bar,game_show,9,emotional,action_b,stay_home,action_a,,1,True,el_farol_bar_game_show_var_9,results/evaluations/results_llama3.2_1b.csv,1200,action_b,stay_home,d4e022ecac39acde4dc12ef1a3a1f05b8c3b4896491961c6dd82163e61e0e6c8
llama3.2:1b,el_farol_bar,game_show,9,generic,action_b,stay_home,action_a,,1,True,el_farol_bar_game_show_var_9,results/evaluations/results_llama3.2_1b.csv,1198,action_b,stay_home,aaf2f2f113586a8af043ff294f34f592951169557a7be677ad01441199fdf627
llama3.2:1b,el_farol_bar,game_show,9,rational,action_b,stay_home,action_a,,1,True,el_farol_bar_game_show_var_9,results/evaluations/results_llama3.2_1b.csv,1199,action_b,stay_home,6b9afb7a99134d8da263b3de3559ac86c09837a46a883c92ad70f79439ff6096
llama3.2:1b,el_farol_bar,war,0,emotional,action_a,go_to_bar,action_a,,0,False,el_farol_bar_war_var_0,results/evaluations/results_llama3.2_1b.csv,1263,action_a,go_to_bar,0864e05c8d44c242b18e94d4da78731380fc65d26e2463fa586428e4f5621c59
llama3.2:1b,el_farol_bar,war,0,generic,action_a,go_to_bar,action_a,,0,False,el_farol_bar_war_var_0,results/evaluations/results_llama3.2_1b.csv,1261,action_a,go_to_bar,ed5c48e32844a336a9697b159ea33882b7e28439f6cfd361eaab1ead2543375c
llama3.2:1b,el_farol_bar,war,0,rational,action_a,go_to_bar,action_a,,0,False,el_farol_bar_war_var_0,results/evaluations/results_llama3.2_1b.csv,1262,action_a,go_to_bar,79c1098774724e30bbcd6e1107c54102b25c71ea9ca3bc8b86035a2183b6d16d
llama3.2:1b,el_farol_bar,war,1,emotional,action_b,stay_home,action_a,,1,True,el_farol_bar_war_var_1,results/evaluations/results_llama3.2_1b.csv,1266,action_b,stay_home,efcb466e82ba2bbac48e475fabc922e466d18db41d80874c5a6c311617faaef8
llama3.2:1b,el_farol_bar,war,1,generic,action_b,stay_home,action_a,,1,True,el_farol_bar_war_var_1,results/evaluations/results_llama3.2_1b.csv,1264,action_b,stay_home,9201939a5a7527cc60e9b8c2fc3d7540b109abe368feae0ea4a08ad49f2bb069
llama3.2:1b,el_farol_bar,war,1,rational,action_b,stay_home,action_a,,1,True,el_farol_bar_war_var_1,results/evaluations/results_llama3.2_1b.csv,1265,action_b,stay_home,efe2e5b0406ffd4d5089fdf82b622078234a176ef69b0c9103d584865a59face
llama3.2:1b,el_farol_bar,war,10,emotional,action_a,go_to_bar,action_a,,0,False,el_farol_bar_war_var_10,results/evaluations/results_llama3.2_1b.csv,1293,action_a,go_to_bar,d0abefa69376099d774db283de69ba57cc52dfa8e260d7367a6fae16a60f4c56
llama3.2:1b,el_farol_bar,war,10,generic,action_a,go_to_bar,action_a,,0,False,el_farol_bar_war_var_10,results/evaluations/results_llama3.2_1b.csv,1291,action_a,go_to_bar,bc83fd4caa7ee5e37305720d0b42c0792579fefb9e4760330cb7183d8181785e
llama3.2:1b,el_farol_bar,war,10,rational,action_a,go_to_bar,action_a,,0,False,el_farol_bar_war_var_10,results/evaluations/results_llama3.2_1b.csv,1292,action_a,go_to_bar,40f709cee76b05f8633f19eb7d15be6f359c2fed8ada02764dc8739ddbe33bd3
llama3.2:1b,el_farol_bar,war,11,emotional,action_b,stay_home,action_a,,1,True,el_farol_bar_war_var_11,results/evaluations/results_llama3.2_1b.csv,1296,action_b,stay_home,0d1e6f23bd7f589ea619fa8862572fa621f2ef25e32a5c61618cfee850cde897
llama3.2:1b,el_farol_bar,war,11,generic,action_b,stay_home,action_a,,1,True,el_farol_bar_war_var_11,results/evaluations/results_llama3.2_1b.csv,1294,action_b,stay_home,cb2b84b71d6fd969fd4dff79f4df5489387054acdea1fed408bac3f407ace76b
llama3.2:1b,el_farol_bar,war,11,rational,action_b,stay_home,action_a,,1,True,el_farol_bar_war_var_11,results/evaluations/results_llama3.2_1b.csv,1295,action_b,stay_home,d33d0f0d964e9cefcd7045195ba88e49f6504255bb6924f29e8281a6aa8d09d5
llama3.2:1b,el_farol_bar,war,12,emotional,action_a,go_to_bar,action_a,,0,False,el_farol_bar_war_var_12,results/evaluations/results_llama3.2_1b.csv,1299,action_a,go_to_bar,37a1dcde99c87135fa0fa9230018741a73fb53e3e16ff343551d63944c997903
llama3.2:1b,el_farol_bar,war,12,generic,action_a,go_to_bar,action_a,,0,False,el_farol_bar_war_var_12,results/evaluations/results_llama3.2_1b.csv,1297,action_a,go_to_bar,27c4396a14313efa2a0b7478caf725f26b6dd8affe9508d0235b7f58f097fbaa
llama3.2:1b,el_farol_bar,war,12,rational,action_a,go_to_bar,action_a,,0,False,el_farol_bar_war_var_12,results/evaluations/results_llama3.2_1b.csv,1298,action_a,go_to_bar,120bb5c8540295fbb369ffcf2ce0a32b62555e7b595e99dc3085ca8570f0ed99
llama3.2:1b,el_farol_bar,war,13,emotional,action_b,stay_home,action_a,,1,True,el_farol_bar_war_var_13,results/evaluations/results_llama3.2_1b.csv,1302,action_b,stay_home,4c6c5af27489900c9bb0eee27fef581fb9185bb8c0a4b6657cd53b9b8b669ae1
llama3.2:1b,el_farol_bar,war,13,generic,action_b,stay_home,action_a,,1,True,el_farol_bar_war_var_13,results/evaluations/results_llama3.2_1b.csv,1300,action_b,stay_home,4abd14d5b5b92351d5f20992b2c285676ec392f946385e7ed7fd1d1a032b7a1f
llama3.2:1b,el_farol_bar,war,13,rational,action_b,stay_home,action_a,,1,True,el_farol_bar_war_var_13,results/evaluations/results_llama3.2_1b.csv,1301,action_b,stay_home,d59d4c0455a6824fc90cf5cf4172796f8470248c4de7c22aa9969bc9a2a17406
llama3.2:1b,el_farol_bar,war,14,emotional,action_a,go_to_bar,action_a,,0,False,el_farol_bar_war_var_14,results/evaluations/results_llama3.2_1b.csv,1305,action_a,go_to_bar,76b522a0127ca30fb78e8c99ca17716a2840146fb8ec82d72ed2332c2b0d8d25
llama3.2:1b,el_farol_bar,war,14,generic,action_a,go_to_bar,action_a,,0,False,el_farol_bar_war_var_14,results/evaluations/results_llama3.2_1b.csv,1303,action_a,go_to_bar,9a12f8196cf7365fa64f56d83b85ab64745079085ce066c90f322d926a052983
llama3.2:1b,el_farol_bar,war,14,rational,action_a,go_to_bar,action_a,,0,False,el_farol_bar_war_var_14,results/evaluations/results_llama3.2_1b.csv,1304,action_a,go_to_bar,93574f668bf02cb1514971560588415f8816c775f48d101f5c9619fba5a69029
llama3.2:1b,el_farol_bar,war,15,emotional,action_b,stay_home,action_a,,1,True,el_farol_bar_war_var_15,results/evaluations/results_llama3.2_1b.csv,1308,action_b,stay_home,969b6c7601083f9244804381dfe1c70aeb426b2e2cd7803a850b812a3e949ada
llama3.2:1b,el_farol_bar,war,15,generic,action_b,stay_home,action_a,,1,True,el_farol_bar_war_var_15,results/evaluations/results_llama3.2_1b.csv,1306,action_b,stay_home,a19d5acc9168e8565a2d023e4e07c0eeb32e01407b5be07973ed0307080bf01c
llama3.2:1b,el_farol_bar,war,15,rational,action_b,stay_home,action_a,,1,True,el_farol_bar_war_var_15,results/evaluations/results_llama3.2_1b.csv,1307,action_b,stay_home,16d963d43b96926b91227557a05fdb2a391d7000d1c53ab858be46eb5a66b45a
llama3.2:1b,el_farol_bar,war,16,emotional,action_a,go_to_bar,action_a,,0,False,el_farol_bar_war_var_16,results/evaluations/results_llama3.2_1b.csv,1311,action_a,go_to_bar,3b9b8d7629c5ba1e95aeab4c288ebb1bdb12f12b529079be5afad3ecfe09e092
llama3.2:1b,el_farol_bar,war,16,generic,action_a,go_to_bar,action_a,,0,False,el_farol_bar_war_var_16,results/evaluations/results_llama3.2_1b.csv,1309,action_a,go_to_bar,bcb4e19cf9a4d4cccab093db26dc6965a395231d24ce8b5df4960bafb4af4d3b
llama3.2:1b,el_farol_bar,war,16,rational,action_a,go_to_bar,action_a,,0,False,el_farol_bar_war_var_16,results/evaluations/results_llama3.2_1b.csv,1310,action_a,go_to_bar,f639fcb892f8a44dde3cbbaf6ae87ba0a8e8ade270c8a6dc352820f3d2fc4eb9
llama3.2:1b,el_farol_bar,war,17,emotional,action_b,stay_home,action_a,,1,True,el_farol_bar_war_var_17,results/evaluations/results_llama3.2_1b.csv,1314,action_b,stay_home,b4253df55652ce6cc68d7950e95a28de9be66d4cb99f5ea77cc2df52969c440c
llama3.2:1b,el_farol_bar,war,17,generic,action_b,stay_home,action_a,,1,True,el_farol_bar_war_var_17,results/evaluations/results_llama3.2_1b.csv,1312,action_b,stay_home,e73e9d82f21cf5c034a32310fde5b579ad09d813cb158e795b705b09ca0aa4fc
llama3.2:1b,el_farol_bar,war,17,rational,action_b,stay_home,action_a,,1,True,el_farol_bar_war_var_17,results/evaluations/results_llama3.2_1b.csv,1313,action_b,stay_home,0a13f0246ab5b883a38c252b3715daa25e19fa2c7baf290516e8251b005de58e
llama3.2:1b,el_farol_bar,war,18,emotional,action_a,go_to_bar,action_a,,0,False,el_farol_bar_war_var_18,results/evaluations/results_llama3.2_1b.csv,1317,action_a,go_to_bar,52be10167878b16464cc52e0b8ba5557c4a1db85c1c80a126512972ff06c8622
llama3.2:1b,el_farol_bar,war,18,generic,action_a,go_to_bar,action_a,,0,False,el_farol_bar_war_var_18,results/evaluations/results_llama3.2_1b.csv,1315,action_a,go_to_bar,646c77598619261c84332637e63719751984eac3e1f38ae1f3eb4d0e2493521f
llama3.2:1b,el_farol_bar,war,18,rational,action_a,go_to_bar,action_a,,0,False,el_farol_bar_war_var_18,results/evaluations/results_llama3.2_1b.csv,1316,action_a,go_to_bar,e9673bd4eda86772b32bf2ea5d7279d7259073739ab0d9e9b0c313a4c0ea08e6
llama3.2:1b,el_farol_bar,war,19,emotional,action_b,stay_home,action_a,,1,True,el_farol_bar_war_var_19,results/evaluations/results_llama3.2_1b.csv,1320,action_b,stay_home,ecb44687db68c4daf0979b49312a193eb061d87212d5d9dcd7649aec5f411167
llama3.2:1b,el_farol_bar,war,19,generic,action_b,stay_home,action_a,,1,True,el_farol_bar_war_var_19,results/evaluations/results_llama3.2_1b.csv,1318,action_b,stay_home,febe3112a74c87aaab23684359366d07ba812de19173d5443ce9e877cedc12f5
llama3.2:1b,el_farol_bar,war,19,rational,action_b,stay_home,action_a,,1,True,el_farol_bar_war_var_19,results/evaluations/results_llama3.2_1b.csv,1319,action_b,stay_home,a338bb16745bb7edb12caa23bdb6cf745d7407302e07cfa201ed5cba88c241f8
llama3.2:1b,el_farol_bar,war,2,emotional,action_a,go_to_bar,action_a,,0,False,el_farol_bar_war_var_2,results/evaluations/results_llama3.2_1b.csv,1269,action_a,go_to_bar,60d4abb29d6c9a32b0d044bb438d2c8d53d8b16c292ace0b3f3d938515e08415
llama3.2:1b,el_farol_bar,war,2,generic,action_a,go_to_bar,action_a,,0,False,el_farol_bar_war_var_2,results/evaluations/results_llama3.2_1b.csv,1267,action_a,go_to_bar,442a7edd79f10340aa17a08421af39f03d621d16ec138ebf61df76045f69907e
llama3.2:1b,el_farol_bar,war,2,rational,action_a,go_to_bar,action_a,,0,False,el_farol_bar_war_var_2,results/evaluations/results_llama3.2_1b.csv,1268,action_a,go_to_bar,f178f2bd78eaf780e5552ea31e45a216cf8c3412f3408b6c5ca012f90607269e
llama3.2:1b,el_farol_bar,war,20,emotional,action_a,go_to_bar,action_a,,0,False,el_farol_bar_war_var_20,results/evaluations/results_llama3.2_1b.csv,1323,action_a,go_to_bar,e60f3ab1b5c11b90e87ec592a656ebedabb93d4a8d4a4005ed5d1944de0dfa73
llama3.2:1b,el_farol_bar,war,20,generic,action_a,go_to_bar,action_a,,0,False,el_farol_bar_war_var_20,results/evaluations/results_llama3.2_1b.csv,1321,action_a,go_to_bar,393174414e57854c944cc84cb856f9da41490931ab7e23af89a2a5f6f1ff11e1
llama3.2:1b,el_farol_bar,war,20,rational,action_a,go_to_bar,action_a,,0,False,el_farol_bar_war_var_20,results/evaluations/results_llama3.2_1b.csv,1322,action_a,go_to_bar,0c10a45b4e9822baa616a6e635f5375fdf1422d239a0504809f146dbbd90b534
llama3.2:1b,el_farol_bar,war,21,emotional,action_b,stay_home,action_a,,1,True,el_farol_bar_war_var_21,results/evaluations/results_llama3.2_1b.csv,1326,action_b,stay_home,34cf33a70f7acd4e46257019a048e82ed229f7b4f282b1b16a39ab46f44e538c
llama3.2:1b,el_farol_bar,war,21,generic,action_b,stay_home,action_a,,1,True,el_farol_bar_war_var_21,results/evaluations/results_llama3.2_1b.csv,1324,action_b,stay_home,a36f632704ee55fdf2292fed9be1e1c0bef16306773b261d54501f6f033cbbdb
llama3.2:1b,el_farol_bar,war,21,rational,action_b,stay_home,action_a,,1,True,el_farol_bar_war_var_21,results/evaluations/results_llama3.2_1b.csv,1325,action_b,stay_home,8a82fe38eef14e899eadf1be4865c59ab4fe849ff71c59827853c744d5fb6f4e
llama3.2:1b,el_farol_bar,war,22,emotional,action_a,go_to_bar,action_a,,0,False,el_farol_bar_war_var_22,results/evaluations/results_llama3.2_1b.csv,1329,action_a,go_to_bar,0e6c8c4a46c8757073e178b8edcc6cd258cce793da24c225206e424c17e46315
llama3.2:1b,el_farol_bar,war,22,generic,action_a,go_to_bar,action_a,,0,False,el_farol_bar_war_var_22,results/evaluations/results_llama3.2_1b.csv,1327,action_a,go_to_bar,09fd54934738a648447ffef80313d01acaffad901b89dc01aaefe864a13406f4
llama3.2:1b,el_farol_bar,war,22,rational,action_a,go_to_bar,action_a,,0,False,el_farol_bar_war_var_22,results/evaluations/results_llama3.2_1b.csv,1328,action_a,go_to_bar,15a420b9b3234f7eb67eb343f3c2e7f47fafb9cbe22376d8d3e2c1f9145dcbe9
llama3.2:1b,el_farol_bar,war,23,emotional,action_b,stay_home,action_a,,1,True,el_farol_bar_war_var_23,results/evaluations/results_llama3.2_1b.csv,1332,action_b,stay_home,e73d4d2ee9f88b3162b291f860c337ae07d130607ad99964065e8ad0ceeb7a7a
llama3.2:1b,el_farol_bar,war,23,generic,action_b,stay_home,action_a,,1,True,el_farol_bar_war_var_23,results/evaluations/results_llama3.2_1b.csv,1330,action_b,stay_home,0bfec07bb35d361376c256cbca94725f2b74ec889d1649d571fa0139ec52ccba
llama3.2:1b,el_farol_bar,war,23,rational,action_b,stay_home,action_a,,1,True,el_farol_bar_war_var_23,results/evaluations/results_llama3.2_1b.csv,1331,action_b,stay_home,e5418aa15ccfcbced7fee49a08538e4e61b5e56d38838f7774c6fc6faacfc63e
llama3.2:1b,el_farol_bar,war,24,emotional,action_a,go_to_bar,action_a,,0,False,el_farol_bar_war_var_24,results/evaluations/results_llama3.2_1b.csv,1335,action_a,go_to_bar,b439883a6a7922dab04405b1e6d361c0b6e93006982a4034f3f7ee17d2370466
llama3.2:1b,el_farol_bar,war,24,generic,action_a,go_to_bar,action_a,,0,False,el_farol_bar_war_var_24,results/evaluations/results_llama3.2_1b.csv,1333,action_a,go_to_bar,eeeed019612da99ca27e6c18a27184a1fe974e995c31c6c377c93e4afa0739b6
llama3.2:1b,el_farol_bar,war,24,rational,action_a,go_to_bar,action_a,,0,False,el_farol_bar_war_var_24,results/evaluations/results_llama3.2_1b.csv,1334,action_a,go_to_bar,f72da734e6c3a42570c06b7f44f1ebe9880b8e4f2bb21b6da30292d304aed0c1
llama3.2:1b,el_farol_bar,war,25,emotional,action_b,stay_home,action_a,,1,True,el_farol_bar_war_var_25,results/evaluations/results_llama3.2_1b.csv,1338,action_b,stay_home,596b15d00c3f6d958b8ff14ca3efb8fb59efa4e43d713306dda962aa84dfb76a
llama3.2:1b,el_farol_bar,war,25,generic,action_b,stay_home,action_a,,1,True,el_farol_bar_war_var_25,results/evaluations/results_llama3.2_1b.csv,1336,action_b,stay_home,7d17822ef6995d9ecd486bc95b2aa98a5c6f41a5965246619f1e3ef6655c9508
llama3.2:1b,el_farol_bar,war,25,rational,action_b,stay_home,action_a,,1,True,el_farol_bar_war_var_25,results/evaluations/results_llama3.2_1b.csv,1337,action_b,stay_home,3b7209447fc2e6e60d3ce81104b4c606548ebb22fd65a98a5caeca54921dacc1
llama3.2:1b,el_farol_bar,war,26,emotional,action_a,go_to_bar,action_a,,0,False,el_farol_bar_war_var_26,results/evaluations/results_llama3.2_1b.csv,1341,action_a,go_to_bar,9f7aca28f15229b4f4b193d8dadc781820ce5f3eb56dee34f00cb4c8ca7785f5
llama3.2:1b,el_farol_bar,war,26,generic,action_a,go_to_bar,action_a,,0,False,el_farol_bar_war_var_26,results/evaluations/results_llama3.2_1b.csv,1339,action_a,go_to_bar,5c278293c83a59159a253e45c9ae539d110f7d59f80b89c55023be9c15c7c3ea
llama3.2:1b,el_farol_bar,war,26,rational,action_a,go_to_bar,action_a,,0,False,el_farol_bar_war_var_26,results/evaluations/results_llama3.2_1b.csv,1340,action_a,go_to_bar,e2483f969ea25625f70f9f73b18c00f0bd1812341d37c252fea1a3c645cc29e6
llama3.2:1b,el_farol_bar,war,27,emotional,action_b,stay_home,action_a,,1,True,el_farol_bar_war_var_27,results/evaluations/results_llama3.2_1b.csv,1344,action_b,stay_home,d634d3ec80c0b7e24bdee4e35cafa317dd2ab9bc86e63270f7a9d25157f54a60
llama3.2:1b,el_farol_bar,war,27,generic,action_b,stay_home,action_a,,1,True,el_farol_bar_war_var_27,results/evaluations/results_llama3.2_1b.csv,1342,action_b,stay_home,81cfa7ff2fb90caba8737035b1d05065ef577cc5f4b26a6fda61eac266d6838d
llama3.2:1b,el_farol_bar,war,27,rational,action_b,stay_home,action_a,,1,True,el_farol_bar_war_var_27,results/evaluations/results_llama3.2_1b.csv,1343,action_b,stay_home,0f3bb6523b86ae3538857ac5f05f15711d05f5559df9809e7990623f4b2ba7a2
llama3.2:1b,el_farol_bar,war,28,emotional,action_a,go_to_bar,action_a,,0,False,el_farol_bar_war_var_28,results/evaluations/results_llama3.2_1b.csv,1347,action_a,go_to_bar,35786644cbd524d9f322d684d6031a4b96612f0f7f7aa19574b380c66bbf8457
llama3.2:1b,el_farol_bar,war,28,generic,action_a,go_to_bar,action_a,,0,False,el_farol_bar_war_var_28,results/evaluations/results_llama3.2_1b.csv,1345,action_a,go_to_bar,abffbcdd08a5471ea6739d4da36742b9971b28c6e5180fb8a19013ce3e7159d1
llama3.2:1b,el_farol_bar,war,28,rational,action_a,go_to_bar,action_a,,0,False,el_farol_bar_war_var_28,results/evaluations/results_llama3.2_1b.csv,1346,action_a,go_to_bar,3497d7da982c2e0d905ad52df467f82b2e4d6b870372f52674ceaaeddeaf347e
llama3.2:1b,el_farol_bar,war,29,emotional,action_b,stay_home,action_a,,1,True,el_farol_bar_war_var_29,results/evaluations/results_llama3.2_1b.csv,1350,action_b,stay_home,1c7062deb5d0fa5176c942981d00885f072859615e982a51de05e6fde72f7f58
llama3.2:1b,el_farol_bar,war,29,generic,action_b,stay_home,action_a,,1,True,el_farol_bar_war_var_29,results/evaluations/results_llama3.2_1b.csv,1348,action_b,stay_home,68a7ceeabdedc9f1736a7370b0281cb5ca38137e118aae2b23cc905726468fb3
llama3.2:1b,el_farol_bar,war,29,rational,action_b,stay_home,action_a,,1,True,el_farol_bar_war_var_29,results/evaluations/results_llama3.2_1b.csv,1349,action_b,stay_home,52f9a10a371337550d8e5b8790b1b3e0004062134c7458ad843ce05f8fc6dda8
llama3.2:1b,el_farol_bar,war,3,emotional,action_b,stay_home,action_a,,1,True,el_farol_bar_war_var_3,results/evaluations/results_llama3.2_1b.csv,1272,action_b,stay_home,d87170a55ffdc3de38156edd59560a9894416ce7d38719f8a1c80b9e390fba69
llama3.2:1b,el_farol_bar,war,3,generic,action_b,stay_home,action_a,,1,True,el_farol_bar_war_var_3,results/evaluations/results_llama3.2_1b.csv,1270,action_b,stay_home,a2ceb46277b88d1d5ead31d18e515fde45dc206a8879554812c5c6857da9d465
llama3.2:1b,el_farol_bar,war,3,rational,action_b,stay_home,action_a,,1,True,el_farol_bar_war_var_3,results/evaluations/results_llama3.2_1b.csv,1271,action_b,stay_home,a905ace0379794ffdb5188b534e2586ce3b620cdcc9e0ec3e3fb55b0c4d47626
llama3.2:1b,el_farol_bar,war,4,emotional,action_a,go_to_bar,action_a,,0,False,el_farol_bar_war_var_4,results/evaluations/results_llama3.2_1b.csv,1275,action_a,go_to_bar,f3d925a831b7e9241a9c4721c68aeb80ecaf6ab39791169183e9c092f14de68f
llama3.2:1b,el_farol_bar,war,4,generic,action_a,go_to_bar,action_a,,0,False,el_farol_bar_war_var_4,results/evaluations/results_llama3.2_1b.csv,1273,action_a,go_to_bar,e23dbdcff274bd9b1ff77075da062ec50f12a0eee3ce43ceca93bd4cb949d5cc
llama3.2:1b,el_farol_bar,war,4,rational,action_a,go_to_bar,action_a,,0,False,el_farol_bar_war_var_4,results/evaluations/results_llama3.2_1b.csv,1274,action_a,go_to_bar,cd609e4b0da1146fbdb134333472b29aa149cb7d5f7d44aeb7f6fa5b77e8870c
llama3.2:1b,el_farol_bar,war,5,emotional,action_b,stay_home,action_a,,1,True,el_farol_bar_war_var_5,results/evaluations/results_llama3.2_1b.csv,1278,action_b,stay_home,c92e9cd071a6624cc33c17831d2cc360b753000b7376f53442831ab189f6a5a9
llama3.2:1b,el_farol_bar,war,5,generic,action_b,stay_home,action_a,,1,True,el_farol_bar_war_var_5,results/evaluations/results_llama3.2_1b.csv,1276,action_b,stay_home,789454ca10502ed425e261ee85f33570731318647f0de7b091ec42ad36f481d0
llama3.2:1b,el_farol_bar,war,5,rational,action_b,stay_home,action_a,,1,True,el_farol_bar_war_var_5,results/evaluations/results_llama3.2_1b.csv,1277,action_b,stay_home,0cf6b4695cec5c6597ad9b8951b887c12628a8b5cbba44e424cd19b03e33dd54
llama3.2:1b,el_farol_bar,war,6,emotional,action_a,go_to_bar,action_a,,0,False,el_farol_bar_war_var_6,results/evaluations/results_llama3.2_1b.csv,1281,action_a,go_to_bar,435d27e89f377833cf328387ef159e8688dc059f89796791f45d26545d2d09b4
llama3.2:1b,el_farol_bar,war,6,generic,action_a,go_to_bar,action_a,,0,False,el_farol_bar_war_var_6,results/evaluations/results_llama3.2_1b.csv,1279,action_a,go_to_bar,e3577aa57ce5e460c7e9e8e2f088af080e9f6a461cad7506fff1eff4a86f9fdf
llama3.2:1b,el_farol_bar,war,6,rational,action_a,go_to_bar,action_a,,0,False,el_farol_bar_war_var_6,results/evaluations/results_llama3.2_1b.csv,1280,action_a,go_to_bar,cb4244f2208bf708dea27fb3ca94402e97bd5b16ed00dbd6e8f024bdd2a60045
llama3.2:1b,el_farol_bar,war,7,emotional,action_b,stay_home,action_a,,1,True,el_farol_bar_war_var_7,results/evaluations/results_llama3.2_1b.csv,1284,action_b,stay_home,6cac4da73d45fd0cd19dcedf7615880a2d3220ae9aed0b99e3337ed380756cba
llama3.2:1b,el_farol_bar,war,7,generic,action_b,stay_home,action_a,,1,True,el_farol_bar_war_var_7,results/evaluations/results_llama3.2_1b.csv,1282,action_b,stay_home,2d23eef700f8fb26aa3521438ea7fc126a87ae61c0eca05cef881ae1680f008c
llama3.2:1b,el_farol_bar,war,7,rational,action_b,stay_home,action_a,,1,True,el_farol_bar_war_var_7,results/evaluations/results_llama3.2_1b.csv,1283,action_b,stay_home,33b0b0d1a70a4f28ad109326080a5083c2848f22f2847fb2e3dcf4ee3008a49c
llama3.2:1b,el_farol_bar,war,8,emotional,action_a,go_to_bar,action_a,,0,False,el_farol_bar_war_var_8,results/evaluations/results_llama3.2_1b.csv,1287,action_a,go_to_bar,f31d3c1d13f9317e323651d99c0ccae5fe19f59786113ea00670423795a4f6e1
llama3.2:1b,el_farol_bar,war,8,generic,action_a,go_to_bar,action_a,,0,False,el_farol_bar_war_var_8,results/evaluations/results_llama3.2_1b.csv,1285,action_a,go_to_bar,df07327b6c1f4e8caf819487f3f1b529b7cff4f56c5a21fb509035c826df97dd
llama3.2:1b,el_farol_bar,war,8,rational,action_a,go_to_bar,action_a,,0,False,el_farol_bar_war_var_8,results/evaluations/results_llama3.2_1b.csv,1286,action_a,go_to_bar,6a6c6ec863e9e9ba525ee2612fb144a7447e9ed3a5fe0d1cd5d54c66186d9b9c
llama3.2:1b,el_farol_bar,war,9,emotional,action_b,stay_home,action_a,,1,True,el_farol_bar_war_var_9,results/evaluations/results_llama3.2_1b.csv,1290,action_b,stay_home,1152fdee41611b52af24578b61303159fdf2ca09798f2028a788b23c357774af
llama3.2:1b,el_farol_bar,war,9,generic,action_b,stay_home,action_a,,1,True,el_farol_bar_war_var_9,results/evaluations/results_llama3.2_1b.csv,1288,action_b,stay_home,361b7de6373de95eafc406eb5998e2d4483017383c1e8633dc1e27be4937ac1a
llama3.2:1b,el_farol_bar,war,9,rational,action_b,stay_home,action_a,,1,True,el_farol_bar_war_var_9,results/evaluations/results_llama3.2_1b.csv,1289,action_b,stay_home,a79ea9cf68bca0a679a457aa877e4acb034adf5dd35e31763f633b3bc095af7a
llama3.2:1b,prisoners_dilemma,abstract_game_theory,0,emotional,action_a,cooperate,action_a,,1,False,prisoners_dilemma_abstract_game_theory_var_0,results/evaluations/results_llama3.2_1b.csv,1353,action_a,cooperate,1cb93b1510f5ff2bb86142fa99aa092ae1d4ac5b8fb1d30601107709751c3573
llama3.2:1b,prisoners_dilemma,abstract_game_theory,0,generic,action_a,cooperate,action_a,,1,False,prisoners_dilemma_abstract_game_theory_var_0,results/evaluations/results_llama3.2_1b.csv,1351,action_a,cooperate,8b4ecc1e593827dc9951e798d328ad505bc28fdf7ae439fdc16756477836a8ac
llama3.2:1b,prisoners_dilemma,abstract_game_theory,0,rational,action_a,cooperate,action_a,,1,False,prisoners_dilemma_abstract_game_theory_var_0,results/evaluations/results_llama3.2_1b.csv,1352,action_a,cooperate,46f8790836c794b10152e458d52fff7635f44183ef47319eac563a750c28d6f1
llama3.2:1b,prisoners_dilemma,abstract_game_theory,1,emotional,action_b,defect,action_a,,0,True,prisoners_dilemma_abstract_game_theory_var_1,results/evaluations/results_llama3.2_1b.csv,1356,action_b,defect,3d244dcdf4d2753c808c55fe77cb38cbd2568cdf2af292de3fc7579b867cc852
llama3.2:1b,prisoners_dilemma,abstract_game_theory,1,generic,action_b,defect,action_a,,0,True,prisoners_dilemma_abstract_game_theory_var_1,results/evaluations/results_llama3.2_1b.csv,1354,action_b,defect,5899fbf9508648a25ee71966d642b373f035f3c8f2d8ef162f0bdbb7940d3e30
llama3.2:1b,prisoners_dilemma,abstract_game_theory,1,rational,action_b,defect,action_a,,0,True,prisoners_dilemma_abstract_game_theory_var_1,results/evaluations/results_llama3.2_1b.csv,1355,action_b,defect,fd3612947ded38f3f6f3d29b6fd086109d8a68668fc5b8aee75eafd35ee2a869
llama3.2:1b,prisoners_dilemma,abstract_game_theory,10,emotional,action_a,cooperate,action_a,,1,False,prisoners_dilemma_abstract_game_theory_var_10,results/evaluations/results_llama3.2_1b.csv,1383,action_a,cooperate,d5079e18475634e6ae702a7a1da3f8700f7cbc23d5674044074ed56293090a1f
llama3.2:1b,prisoners_dilemma,abstract_game_theory,10,generic,action_a,cooperate,action_a,,1,False,prisoners_dilemma_abstract_game_theory_var_10,results/evaluations/results_llama3.2_1b.csv,1381,action_a,cooperate,2bcb626fc9e5ddd7136126df4f651e1feedd99f545011c8039936f8c54a2b837
llama3.2:1b,prisoners_dilemma,abstract_game_theory,10,rational,action_a,cooperate,action_a,,1,False,prisoners_dilemma_abstract_game_theory_var_10,results/evaluations/results_llama3.2_1b.csv,1382,action_a,cooperate,ea770593fd6ccabdf48b87bb1146962a8e0697bf118e3bb94727040f5a6bc0d7
llama3.2:1b,prisoners_dilemma,abstract_game_theory,11,emotional,action_b,defect,action_a,,0,True,prisoners_dilemma_abstract_game_theory_var_11,results/evaluations/results_llama3.2_1b.csv,1386,action_b,defect,1667ffab83d68dca46e95b5a644fbb6dd73d1562112f44338786a8096e5b00c3
llama3.2:1b,prisoners_dilemma,abstract_game_theory,11,generic,action_b,defect,action_a,,0,True,prisoners_dilemma_abstract_game_theory_var_11,results/evaluations/results_llama3.2_1b.csv,1384,action_b,defect,2bbd1df49d48a780dda9264c64af042580940f9412a8ef5e7ac317c31483a2d6
llama3.2:1b,prisoners_dilemma,abstract_game_theory,11,rational,action_b,defect,action_a,,0,True,prisoners_dilemma_abstract_game_theory_var_11,results/evaluations/results_llama3.2_1b.csv,1385,action_b,defect,641aed46a1584cecadca7a4bf36a15ca70ca13a0ac054f3e9204edcdf1092074
llama3.2:1b,prisoners_dilemma,abstract_game_theory,12,emotional,action_a,cooperate,action_a,,1,False,prisoners_dilemma_abstract_game_theory_var_12,results/evaluations/results_llama3.2_1b.csv,1389,action_a,cooperate,30e879fffb015629a4c7345c8b50afb56ea18c9708de928bdbaebed8367faa82
llama3.2:1b,prisoners_dilemma,abstract_game_theory,12,generic,action_a,cooperate,action_a,,1,False,prisoners_dilemma_abstract_game_theory_var_12,results/evaluations/results_llama3.2_1b.csv,1387,action_a,cooperate,207a3a45ebf5a81d6fbae7e13ace15caea100f75a3bf62bff381db18eeb85b11
llama3.2:1b,prisoners_dilemma,abstract_game_theory,12,rational,action_a,cooperate,action_a,,1,False,prisoners_dilemma_abstract_game_theory_var_12,results/evaluations/results_llama3.2_1b.csv,1388,action_a,cooperate,9b94b57f84c842c892901056142f614cedbd5505fa881ce63cf23b7f53408944
llama3.2:1b,prisoners_dilemma,abstract_game_theory,13,emotional,action_b,defect,action_a,,0,True,prisoners_dilemma_abstract_game_theory_var_13,results/evaluations/results_llama3.2_1b.csv,1392,action_b,defect,65c10eea59872094c2e8100ced320b31fbb370a3b92f2eea6091efa90b898963
llama3.2:1b,prisoners_dilemma,abstract_game_theory,13,generic,action_b,defect,action_a,,0,True,prisoners_dilemma_abstract_game_theory_var_13,results/evaluations/results_llama3.2_1b.csv,1390,action_b,defect,c7cf234863b259c24103629f1803c8b75c1f937787f977ed7c2ad280dba13b69
llama3.2:1b,prisoners_dilemma,abstract_game_theory,13,rational,action_b,defect,action_a,,0,True,prisoners_dilemma_abstract_game_theory_var_13,results/evaluations/results_llama3.2_1b.csv,1391,action_b,defect,1dcad34a88dbd380e45007d6ad2c45d24ea0c5837626dcff154a38fdcdcc3dd9
llama3.2:1b,prisoners_dilemma,abstract_game_theory,14,emotional,action_a,cooperate,action_a,,1,False,prisoners_dilemma_abstract_game_theory_var_14,results/evaluations/results_llama3.2_1b.csv,1395,action_a,cooperate,5f080b323837d4c2491d39a1f7577dd35965bb61d8cf88d48266b7f2917f1a04
llama3.2:1b,prisoners_dilemma,abstract_game_theory,14,generic,action_a,cooperate,action_a,,1,False,prisoners_dilemma_abstract_game_theory_var_14,results/evaluations/results_llama3.2_1b.csv,1393,action_a,cooperate,f4fe02dd687f1ff2ff3e4f918470df1a259c4005fe394a0439cab623c2842058
llama3.2:1b,prisoners_dilemma,abstract_game_theory,14,rational,action_a,cooperate,action_a,,1,False,prisoners_dilemma_abstract_game_theory_var_14,results/evaluations/results_llama3.2_1b.csv,1394,action_a,cooperate,b930df9ffb72a53996c5d6ff241dddb0dc397f4190380c1bbf0926fe46c92494
llama3.2:1b,prisoners_dilemma,abstract_game_theory,15,emotional,action_b,defect,action_a,,0,True,prisoners_dilemma_abstract_game_theory_var_15,results/evaluations/results_llama3.2_1b.csv,1398,action_b,defect,e8f4d07db3b5c4f17490a5e519bb4861fad7439cfdadcb6068741619558d406b
llama3.2:1b,prisoners_dilemma,abstract_game_theory,15,generic,action_b,defect,action_a,,0,True,prisoners_dilemma_abstract_game_theory_var_15,results/evaluations/results_llama3.2_1b.csv,1396,action_b,defect,4494364128b50b96aca3a138d0b592acc4deece28fa473f2e548c34153914ac9
llama3.2:1b,prisoners_dilemma,abstract_game_theory,15,rational,action_b,defect,action_a,,0,True,prisoners_dilemma_abstract_game_theory_var_15,results/evaluations/results_llama3.2_1b.csv,1397,action_b,defect,8deee9773d780809810a8fc49c3a72e8739d4872c1261e928eef9a7521022c78
llama3.2:1b,prisoners_dilemma,abstract_game_theory,16,emotional,action_a,cooperate,action_a,,1,False,prisoners_dilemma_abstract_game_theory_var_16,results/evaluations/results_llama3.2_1b.csv,1401,action_a,cooperate,a5a595641720d8de02d9c4838096a0ce0b9048b2f791545656be2cd4ec9394d1
llama3.2:1b,prisoners_dilemma,abstract_game_theory,16,generic,action_a,cooperate,action_a,,1,False,prisoners_dilemma_abstract_game_theory_var_16,results/evaluations/results_llama3.2_1b.csv,1399,action_a,cooperate,0f2ee7377631f30dcdc6a74591e8febf377451d09462cfe10d6a9e52d5792aa9
llama3.2:1b,prisoners_dilemma,abstract_game_theory,16,rational,action_a,cooperate,action_a,,1,False,prisoners_dilemma_abstract_game_theory_var_16,results/evaluations/results_llama3.2_1b.csv,1400,action_a,cooperate,c44289ce04ccc3b30b095ed7c94f5f9c83ee1fc6a4b33241337b226fecf87e18
llama3.2:1b,prisoners_dilemma,abstract_game_theory,17,emotional,action_b,defect,action_a,,0,True,prisoners_dilemma_abstract_game_theory_var_17,results/evaluations/results_llama3.2_1b.csv,1404,action_b,defect,69be09460bbcce4e1d7aad6768a138457e8a3a2d0d353a28ff00dba063b8a042
llama3.2:1b,prisoners_dilemma,abstract_game_theory,17,generic,action_b,defect,action_a,,0,True,prisoners_dilemma_abstract_game_theory_var_17,results/evaluations/results_llama3.2_1b.csv,1402,action_b,defect,46df53766a3b3720dc94fa42a4288a670e26ee9e81eb332f7249b5a9af8d4240
llama3.2:1b,prisoners_dilemma,abstract_game_theory,17,rational,action_b,defect,action_a,,0,True,prisoners_dilemma_abstract_game_theory_var_17,results/evaluations/results_llama3.2_1b.csv,1403,action_b,defect,b67ab62172a9669d7a1bbe069ae3058577146af95e0ab4ddb2e5792b5b591a0e
llama3.2:1b,prisoners_dilemma,abstract_game_theory,18,emotional,action_a,cooperate,action_a,,1,False,prisoners_dilemma_abstract_game_theory_var_18,results/evaluations/results_llama3.2_1b.csv,1407,action_a,cooperate,103ff1cf3d9aebface19a38734eb0bd0b64643f2103428635b987177659ba482
llama3.2:1b,prisoners_dilemma,abstract_game_theory,18,generic,action_a,cooperate,action_a,,1,False,prisoners_dilemma_abstract_game_theory_var_18,results/evaluations/results_llama3.2_1b.csv,1405,action_a,cooperate,7aa52edcab432f68e0d6b828e0aade8d8fe0dea2067da58bdf14a12552a4659d
llama3.2:1b,prisoners_dilemma,abstract_game_theory,18,rational,action_a,cooperate,action_a,,1,False,prisoners_dilemma_abstract_game_theory_var_18,results/evaluations/results_llama3.2_1b.csv,1406,action_a,cooperate,c24fb793d40e3a092ebed6a18eab4084d28daae2d29ed665404c675f7b1c7ed2
llama3.2:1b,prisoners_dilemma,abstract_game_theory,19,emotional,action_b,defect,action_a,,0,True,prisoners_dilemma_abstract_game_theory_var_19,results/evaluations/results_llama3.2_1b.csv,1410,action_b,defect,405d74002c9a54bd943aa859e783f399652f900bc582adaa989d6e2673b3f71c
llama3.2:1b,prisoners_dilemma,abstract_game_theory,19,generic,action_b,defect,action_a,,0,True,prisoners_dilemma_abstract_game_theory_var_19,results/evaluations/results_llama3.2_1b.csv,1408,action_b,defect,fa046d31acd4746edeeb78fbbce11a021ef48583d521c18830528236ad3fbec0
llama3.2:1b,prisoners_dilemma,abstract_game_theory,19,rational,action_b,defect,action_a,,0,True,prisoners_dilemma_abstract_game_theory_var_19,results/evaluations/results_llama3.2_1b.csv,1409,action_b,defect,06759841707523f2a3e3f0e10425a5047a2edcb53cead2178cdcec65b1790fc8
llama3.2:1b,prisoners_dilemma,abstract_game_theory,2,emotional,action_a,cooperate,action_a,,1,False,prisoners_dilemma_abstract_game_theory_var_2,results/evaluations/results_llama3.2_1b.csv,1359,action_a,cooperate,85e79fad98f20514fdd2ccc712b6f4197459663767868765f5eb7b36779df4ef
llama3.2:1b,prisoners_dilemma,abstract_game_theory,2,generic,action_a,cooperate,action_a,,1,False,prisoners_dilemma_abstract_game_theory_var_2,results/evaluations/results_llama3.2_1b.csv,1357,action_a,cooperate,57c5abb11eaef521509c4b204b914f18dd7f38004a85417f62b103f20e144474
llama3.2:1b,prisoners_dilemma,abstract_game_theory,2,rational,action_a,cooperate,action_a,,1,False,prisoners_dilemma_abstract_game_theory_var_2,results/evaluations/results_llama3.2_1b.csv,1358,action_a,cooperate,00d78f876cb65e66df531d4a7d1b72a43a82aa5f78f059fdb74849c789dd4fb4
llama3.2:1b,prisoners_dilemma,abstract_game_theory,20,emotional,action_a,cooperate,action_a,,1,False,prisoners_dilemma_abstract_game_theory_var_20,results/evaluations/results_llama3.2_1b.csv,1413,action_a,cooperate,934382bcc13b6decc2642b22fd4dd19411d4851b66e25526a6366991efe454b9
llama3.2:1b,prisoners_dilemma,abstract_game_theory,20,generic,action_a,cooperate,action_a,,1,False,prisoners_dilemma_abstract_game_theory_var_20,results/evaluations/results_llama3.2_1b.csv,1411,action_a,cooperate,fed3f4490e18cad8d8613448815a0e781bcadb8eabeb5b6df9f381e546ad9804
llama3.2:1b,prisoners_dilemma,abstract_game_theory,20,rational,action_a,cooperate,action_a,,1,False,prisoners_dilemma_abstract_game_theory_var_20,results/evaluations/results_llama3.2_1b.csv,1412,action_a,cooperate,05cede88e88785f58c6637f73d6b4d323fddc4d185c778c9929812946b3c37f0
llama3.2:1b,prisoners_dilemma,abstract_game_theory,21,emotional,action_b,defect,action_a,,0,True,prisoners_dilemma_abstract_game_theory_var_21,results/evaluations/results_llama3.2_1b.csv,1416,action_b,defect,3cc9939c25ecdc7d6af2f7b0f14b659025aefa26cad7d7e60cc54402748e9f3e
llama3.2:1b,prisoners_dilemma,abstract_game_theory,21,generic,action_b,defect,action_a,,0,True,prisoners_dilemma_abstract_game_theory_var_21,results/evaluations/results_llama3.2_1b.csv,1414,action_b,defect,271875002d899c86c0e6c8cbe62eb0e439c3a52c4a4c816a2f616594d0c4b6aa
llama3.2:1b,prisoners_dilemma,abstract_game_theory,21,rational,action_b,defect,action_a,,0,True,prisoners_dilemma_abstract_game_theory_var_21,results/evaluations/results_llama3.2_1b.csv,1415,action_b,defect,8479b51f8f358dcca07f9b142a12285dbfddd86b7755fec0c4c2960deb71df7e
llama3.2:1b,prisoners_dilemma,abstract_game_theory,22,emotional,action_a,cooperate,action_a,,1,False,prisoners_dilemma_abstract_game_theory_var_22,results/evaluations/results_llama3.2_1b.csv,1419,action_a,cooperate,5b07dc2f1028b8c9e88aec0e6472dac16e9e177661809e64c18483cd0ffe1b1c
llama3.2:1b,prisoners_dilemma,abstract_game_theory,22,generic,action_a,cooperate,action_a,,1,False,prisoners_dilemma_abstract_game_theory_var_22,results/evaluations/results_llama3.2_1b.csv,1417,action_a,cooperate,3bd8cbeafe5be3cbaf2560c3fa89ef8d85faa86ef408525b2bfe38636212261b
llama3.2:1b,prisoners_dilemma,abstract_game_theory,22,rational,action_a,cooperate,action_a,,1,False,prisoners_dilemma_abstract_game_theory_var_22,results/evaluations/results_llama3.2_1b.csv,1418,action_a,cooperate,4e8002b62e0e3de2f4cb8e6ac12d5f3fd0afd745d03117a550e9758c4fcc6706
llama3.2:1b,prisoners_dilemma,abstract_game_theory,23,emotional,action_b,defect,action_a,,0,True,prisoners_dilemma_abstract_game_theory_var_23,results/evaluations/results_llama3.2_1b.csv,1422,action_b,defect,fbe8656d6bd09be5b61484aa610e50f6fbca647347ae19e3f263cacc384ddc71
llama3.2:1b,prisoners_dilemma,abstract_game_theory,23,generic,action_b,defect,action_a,,0,True,prisoners_dilemma_abstract_game_theory_var_23,results/evaluations/results_llama3.2_1b.csv,1420,action_b,defect,0dbbc6c18430f781a5369a2f6bfa1256de5d3d0b526190880b180008bb7f77ae
llama3.2:1b,prisoners_dilemma,abstract_game_theory,23,rational,action_b,defect,action_a,,0,True,prisoners_dilemma_abstract_game_theory_var_23,results/evaluations/results_llama3.2_1b.csv,1421,action_b,defect,aff60eae7657e0da0679b31d3d0703bbc2efe12581ee550f9cf5d4aca22bddd8
llama3.2:1b,prisoners_dilemma,abstract_game_theory,24,emotional,action_a,cooperate,action_a,,1,False,prisoners_dilemma_abstract_game_theory_var_24,results/evaluations/results_llama3.2_1b.csv,1425,action_a,cooperate,549eb6852c260be2e87a79f502938dc923ea8ba8dfb3f9aaaf201ccee7439526
llama3.2:1b,prisoners_dilemma,abstract_game_theory,24,generic,action_a,cooperate,action_a,,1,False,prisoners_dilemma_abstract_game_theory_var_24,results/evaluations/results_llama3.2_1b.csv,1423,action_a,cooperate,267526abcc4d34ee2e25df062396154bb2cd8ce94cbf427ba319e8bf12d4ee24
llama3.2:1b,prisoners_dilemma,abstract_game_theory,24,rational,action_a,cooperate,action_a,,1,False,prisoners_dilemma_abstract_game_theory_var_24,results/evaluations/results_llama3.2_1b.csv,1424,action_a,cooperate,5b25c1d0bb152d2ab3cae71eac6d35a2bfb5b267bc864d9a8e60a4660ee93f6c
llama3.2:1b,prisoners_dilemma,abstract_game_theory,25,emotional,action_b,defect,action_a,,0,True,prisoners_dilemma_abstract_game_theory_var_25,results/evaluations/results_llama3.2_1b.csv,1428,action_b,defect,e773ef32a56d5ce2b113bff28d9b08091fb061832c2add16e94de455595c5b06
llama3.2:1b,prisoners_dilemma,abstract_game_theory,25,generic,action_b,defect,action_a,,0,True,prisoners_dilemma_abstract_game_theory_var_25,results/evaluations/results_llama3.2_1b.csv,1426,action_b,defect,9851539a8e627ab9c9ab95cf11793b020c936691788bbc35eac3d6e1a97f6bf3
llama3.2:1b,prisoners_dilemma,abstract_game_theory,25,rational,action_b,defect,action_a,,0,True,prisoners_dilemma_abstract_game_theory_var_25,results/evaluations/results_llama3.2_1b.csv,1427,action_b,defect,91c7a7ec3d625b7a2b66ba0741b67db15e4b56bb7edb463124e332fb6a57a0d3
llama3.2:1b,prisoners_dilemma,abstract_game_theory,26,emotional,action_a,cooperate,action_a,,1,False,prisoners_dilemma_abstract_game_theory_var_26,results/evaluations/results_llama3.2_1b.csv,1431,action_a,cooperate,9d61468a356eae5314a6cf6f6f347b69d0db11db4f98fe93ade4c5646320a77f
llama3.2:1b,prisoners_dilemma,abstract_game_theory,26,generic,action_a,cooperate,action_a,,1,False,prisoners_dilemma_abstract_game_theory_var_26,results/evaluations/results_llama3.2_1b.csv,1429,action_a,cooperate,0050ad1d97c6346fe690800cac87de472d090487d4a1d97fded8b77ca502797f
llama3.2:1b,prisoners_dilemma,abstract_game_theory,26,rational,action_a,cooperate,action_a,,1,False,prisoners_dilemma_abstract_game_theory_var_26,results/evaluations/results_llama3.2_1b.csv,1430,action_a,cooperate,83c491baed8284f2dc374cb6f919d5f2819c1f1afa59109fe2f4da16be408b3f
llama3.2:1b,prisoners_dilemma,abstract_game_theory,27,emotional,action_b,defect,action_a,,0,True,prisoners_dilemma_abstract_game_theory_var_27,results/evaluations/results_llama3.2_1b.csv,1434,action_b,defect,371214d2518b010bdd0e7299efbd00d4c237505aa10fa4d406e008bc3d27399d
llama3.2:1b,prisoners_dilemma,abstract_game_theory,27,generic,action_b,defect,action_a,,0,True,prisoners_dilemma_abstract_game_theory_var_27,results/evaluations/results_llama3.2_1b.csv,1432,action_b,defect,e8f676a6f4186046851d7c338dab06730213a63c5bbde391b9c2d8d88af0383a
llama3.2:1b,prisoners_dilemma,abstract_game_theory,27,rational,action_b,defect,action_a,,0,True,prisoners_dilemma_abstract_game_theory_var_27,results/evaluations/results_llama3.2_1b.csv,1433,action_b,defect,a4d54d9a1ab2c36664cd2279b547fae46506bbf7f08b4b92f9244ccfe866e45f
llama3.2:1b,prisoners_dilemma,abstract_game_theory,28,emotional,action_a,cooperate,action_a,,1,False,prisoners_dilemma_abstract_game_theory_var_28,results/evaluations/results_llama3.2_1b.csv,1437,action_a,cooperate,2a8d8b7fd142526fcfaebf68d00c386d9f967e701d59947e1d53343e3d0ed6bb
llama3.2:1b,prisoners_dilemma,abstract_game_theory,28,generic,action_a,cooperate,action_a,,1,False,prisoners_dilemma_abstract_game_theory_var_28,results/evaluations/results_llama3.2_1b.csv,1435,action_a,cooperate,c51e1d2ac1679dd6882d9ed942d505d4301745f9abbea3cb319c46cec3894026
llama3.2:1b,prisoners_dilemma,abstract_game_theory,28,rational,action_a,cooperate,action_a,,1,False,prisoners_dilemma_abstract_game_theory_var_28,results/evaluations/results_llama3.2_1b.csv,1436,action_a,cooperate,5ea61c91b2cde0c0e89cd99baa9c4b7bb031e9ed1264551375669bd6de86b377
llama3.2:1b,prisoners_dilemma,abstract_game_theory,29,emotional,action_b,defect,action_a,,0,True,prisoners_dilemma_abstract_game_theory_var_29,results/evaluations/results_llama3.2_1b.csv,1440,action_b,defect,635a2fe24bfb899a8750bd2adb3e2311fbc60975248cadb7bc6baf72b4eedfd2
llama3.2:1b,prisoners_dilemma,abstract_game_theory,29,generic,action_b,defect,action_a,,0,True,prisoners_dilemma_abstract_game_theory_var_29,results/evaluations/results_llama3.2_1b.csv,1438,action_b,defect,7cc4ff3519faa88a8179e2d0f4ccbd6608f13838bb56523d254bcc4e20e151dd
llama3.2:1b,prisoners_dilemma,abstract_game_theory,29,rational,action_b,defect,action_a,,0,True,prisoners_dilemma_abstract_game_theory_var_29,results/evaluations/results_llama3.2_1b.csv,1439,action_b,defect,f791e0d8b6185e9419d34bf41830f7aab5be0b7e1942b5231edbb71a1c974eb9
llama3.2:1b,prisoners_dilemma,abstract_game_theory,3,emotional,action_b,defect,action_a,,0,True,prisoners_dilemma_abstract_game_theory_var_3,results/evaluations/results_llama3.2_1b.csv,1362,action_b,defect,4f4960dd0139a2f919acbaf7f83e92bf8b9b2175ee02acc0150f6259b842ca1e
llama3.2:1b,prisoners_dilemma,abstract_game_theory,3,generic,action_b,defect,action_a,,0,True,prisoners_dilemma_abstract_game_theory_var_3,results/evaluations/results_llama3.2_1b.csv,1360,action_b,defect,284849bab4ebaa79a18f7109f02baa5bd99ad613a3967351e188037c27815da9
llama3.2:1b,prisoners_dilemma,abstract_game_theory,3,rational,action_b,defect,action_a,,0,True,prisoners_dilemma_abstract_game_theory_var_3,results/evaluations/results_llama3.2_1b.csv,1361,action_b,defect,875fd2fed36bda3bb3705926f60e267a19590dfbb3a94edbd1e4414a9cf597da
llama3.2:1b,prisoners_dilemma,abstract_game_theory,4,emotional,action_a,cooperate,action_a,,1,False,prisoners_dilemma_abstract_game_theory_var_4,results/evaluations/results_llama3.2_1b.csv,1365,action_a,cooperate,b5f2b0695f597fc4e7d30883efea4a7cdacc94c21cd6224075fa83aaba0da014
llama3.2:1b,prisoners_dilemma,abstract_game_theory,4,generic,action_a,cooperate,action_a,,1,False,prisoners_dilemma_abstract_game_theory_var_4,results/evaluations/results_llama3.2_1b.csv,1363,action_a,cooperate,1af3b1f3cfa678cdfa2dd923ab5b054b9df566f55f028696c346b90a300bf819
llama3.2:1b,prisoners_dilemma,abstract_game_theory,4,rational,action_a,cooperate,action_a,,1,False,prisoners_dilemma_abstract_game_theory_var_4,results/evaluations/results_llama3.2_1b.csv,1364,action_a,cooperate,930afe1c7180533718ec612e79bb1ef601084792312fd67e55dee12107277f23
llama3.2:1b,prisoners_dilemma,abstract_game_theory,5,emotional,action_b,defect,action_a,,0,True,prisoners_dilemma_abstract_game_theory_var_5,results/evaluations/results_llama3.2_1b.csv,1368,action_b,defect,7089c0b4fc00fb6a791eb5e4d48f593afc17b5e73badf52beb6722d7398be937
llama3.2:1b,prisoners_dilemma,abstract_game_theory,5,generic,action_b,defect,action_a,,0,True,prisoners_dilemma_abstract_game_theory_var_5,results/evaluations/results_llama3.2_1b.csv,1366,action_b,defect,f59023a768e78a74f57a4ae3b9673d298a489556b7d0a746f06f361f61721f49
llama3.2:1b,prisoners_dilemma,abstract_game_theory,5,rational,action_b,defect,action_a,,0,True,prisoners_dilemma_abstract_game_theory_var_5,results/evaluations/results_llama3.2_1b.csv,1367,action_b,defect,65220e62167766336c1dad414ea0369bbdecd669dcaf3bba1918b0985cbef581
llama3.2:1b,prisoners_dilemma,abstract_game_theory,6,emotional,action_a,cooperate,action_a,,1,False,prisoners_dilemma_abstract_game_theory_var_6,results/evaluations/results_llama3.2_1b.csv,1371,action_a,cooperate,022ec6b21a90d606a2b3aaca1265a235bf250b0f79f007a4d87189d023bb08e8
llama3.2:1b,prisoners_dilemma,abstract_game_theory,6,generic,action_a,cooperate,action_a,,1,False,prisoners_dilemma_abstract_game_theory_var_6,results/evaluations/results_llama3.2_1b.csv,1369,action_a,cooperate,a7a4feedea4f97a1bd658790d9f623dbf6d431b7b2d2ee43494386b32cf6e9da
llama3.2:1b,prisoners_dilemma,abstract_game_theory,6,rational,action_a,cooperate,action_a,,1,False,prisoners_dilemma_abstract_game_theory_var_6,results/evaluations/results_llama3.2_1b.csv,1370,action_a,cooperate,7c966311a32e86e979e4ad9ce6f70b6b3df2a25e0380083539c18c9d7b0870d1
llama3.2:1b,prisoners_dilemma,abstract_game_theory,7,emotional,action_b,defect,action_a,,0,True,prisoners_dilemma_abstract_game_theory_var_7,results/evaluations/results_llama3.2_1b.csv,1374,action_b,defect,2d3676a53ba464abc8d65ec07262eebca13860de8e033b62039bdf853baa9e97
llama3.2:1b,prisoners_dilemma,abstract_game_theory,7,generic,action_b,defect,action_a,,0,True,prisoners_dilemma_abstract_game_theory_var_7,results/evaluations/results_llama3.2_1b.csv,1372,action_b,defect,bdc42a7a11ca906bab6d779ac1b973e6a13f7cb54c99f9bb4f4212982928b3d1
llama3.2:1b,prisoners_dilemma,abstract_game_theory,7,rational,action_b,defect,action_a,,0,True,prisoners_dilemma_abstract_game_theory_var_7,results/evaluations/results_llama3.2_1b.csv,1373,action_b,defect,6262cacd2f77b10430178c3f8bc66d18da3ae77cec512125654690149574b3ac
llama3.2:1b,prisoners_dilemma,abstract_game_theory,8,emotional,action_a,cooperate,action_a,,1,False,prisoners_dilemma_abstract_game_theory_var_8,results/evaluations/results_llama3.2_1b.csv,1377,action_a,cooperate,38bbffaae5fc34e1d5a815c38223386b986f74d5195047ff68477f5496a5e078
llama3.2:1b,prisoners_dilemma,abstract_game_theory,8,generic,action_a,cooperate,action_a,,1,False,prisoners_dilemma_abstract_game_theory_var_8,results/evaluations/results_llama3.2_1b.csv,1375,action_a,cooperate,80526a4ca1a2b1daad22ca29234ad6ede370a2ca3a70f6411cf482f77fe6c42e
llama3.2:1b,prisoners_dilemma,abstract_game_theory,8,rational,action_a,cooperate,action_a,,1,False,prisoners_dilemma_abstract_game_theory_var_8,results/evaluations/results_llama3.2_1b.csv,1376,action_a,cooperate,aa4447000f6b6ea7d3f07d6fc481bd0c87caaadc1f2a2ac6678086f7ede2d71b
llama3.2:1b,prisoners_dilemma,abstract_game_theory,9,emotional,action_b,defect,action_a,,0,True,prisoners_dilemma_abstract_game_theory_var_9,results/evaluations/results_llama3.2_1b.csv,1380,action_b,defect,0cf6ebc521a4d0752d712b94d9da050e67753e0c0420f1cd9305ba18fbb362d8
llama3.2:1b,prisoners_dilemma,abstract_game_theory,9,generic,action_b,defect,action_a,,0,True,prisoners_dilemma_abstract_game_theory_var_9,results/evaluations/results_llama3.2_1b.csv,1378,action_b,defect,3d5ccb2d89a3b7e55c21b0ad645e5f2e55ba8cb2f29b8d338bc97df4faa50354
llama3.2:1b,prisoners_dilemma,abstract_game_theory,9,rational,action_b,defect,action_a,,0,True,prisoners_dilemma_abstract_game_theory_var_9,results/evaluations/results_llama3.2_1b.csv,1379,action_b,defect,d9c0928c5cd167abbd22833fa7ec443046cc2b74af54f874f9205c9645b6f227
llama3.2:1b,prisoners_dilemma,business,0,emotional,action_a,cooperate,action_a,,1,False,prisoners_dilemma_business_var_0,results/evaluations/results_llama3.2_1b.csv,1443,action_a,cooperate,0af2e15b40275bc174dcd1420be34c714621859a0ba66741cf0e82830d77af34
llama3.2:1b,prisoners_dilemma,business,0,generic,action_a,cooperate,action_a,,1,False,prisoners_dilemma_business_var_0,results/evaluations/results_llama3.2_1b.csv,1441,action_a,cooperate,9d08eaa170dd38284f369f29a1b3fe5757fad56c83b465acdfb9eab58da09fb9
llama3.2:1b,prisoners_dilemma,business,0,rational,action_a,cooperate,action_a,,1,False,prisoners_dilemma_business_var_0,results/evaluations/results_llama3.2_1b.csv,1442,action_a,cooperate,7f8ee6988f7e096bb822040ba632dc624ed0e91670e5678e33cce9a2605b799b
llama3.2:1b,prisoners_dilemma,business,1,emotional,action_b,defect,action_a,,0,True,prisoners_dilemma_business_var_1,results/evaluations/results_llama3.2_1b.csv,1446,action_b,defect,6c863bde427f07d8b66b7dfec59e180c73b3cc849b13673dd9e54408c92027b3
llama3.2:1b,prisoners_dilemma,business,1,generic,action_b,defect,action_a,,0,True,prisoners_dilemma_business_var_1,results/evaluations/results_llama3.2_1b.csv,1444,action_b,defect,b254ba6f3c05da23019320e41552be55ab416c8dc52e0f08ac144652ff6f4658
llama3.2:1b,prisoners_dilemma,business,1,rational,action_b,defect,action_a,,0,True,prisoners_dilemma_business_var_1,results/evaluations/results_llama3.2_1b.csv,1445,action_b,defect,57ae408b88b49fa9e203b09de1c2e04959655b54e7addf1df10a4063f201d8b8
llama3.2:1b,prisoners_dilemma,business,10,emotional,action_a,cooperate,action_a,,1,False,prisoners_dilemma_business_var_10,results/evaluations/results_llama3.2_1b.csv,1473,action_a,cooperate,3346172fa5d55ed30c947342f7ced14a605abb6cb8be90d75718b9aef6a9b7fa
llama3.2:1b,prisoners_dilemma,business,10,generic,action_a,cooperate,action_a,,1,False,prisoners_dilemma_business_var_10,results/evaluations/results_llama3.2_1b.csv,1471,action_a,cooperate,70afe310e2269a8aa35feb632aab76de02a869b665d9d69600be535959a8629a
llama3.2:1b,prisoners_dilemma,business,10,rational,action_a,cooperate,action_a,,1,False,prisoners_dilemma_business_var_10,results/evaluations/results_llama3.2_1b.csv,1472,action_a,cooperate,13a789967d0ee0b7acbebdc45187a5356b2829e9d42567bab6e1d48db3a30834
llama3.2:1b,prisoners_dilemma,business,11,emotional,action_b,defect,action_a,,0,True,prisoners_dilemma_business_var_11,results/evaluations/results_llama3.2_1b.csv,1476,action_b,defect,65484568e47ca3ed32da11c01bbe187b69c5d5802cdabcc10026cef9d91f392b
llama3.2:1b,prisoners_dilemma,business,11,generic,action_b,defect,action_a,,0,True,prisoners_dilemma_business_var_11,results/evaluations/results_llama3.2_1b.csv,1474,action_b,defect,1ed516982e76ad2fe002410759baf351cbb798142ee4edae9efa6612a3091869
llama3.2:1b,prisoners_dilemma,business,11,rational,action_b,defect,action_a,,0,True,prisoners_dilemma_business_var_11,results/evaluations/results_llama3.2_1b.csv,1475,action_b,defect,bdf2fc2105530970febac737370c0be211a8663f5d45f2fedd8c593566da357e
llama3.2:1b,prisoners_dilemma,business,12,emotional,action_a,cooperate,action_a,,1,False,prisoners_dilemma_business_var_12,results/evaluations/results_llama3.2_1b.csv,1479,action_a,cooperate,fc738cffdd4f3cd698d10155f2d97589c68244c5c493dc7aef10d6b88b193d33
llama3.2:1b,prisoners_dilemma,business,12,generic,action_a,cooperate,action_a,,1,False,prisoners_dilemma_business_var_12,results/evaluations/results_llama3.2_1b.csv,1477,action_a,cooperate,b2af0f62d38133418d06e42e301eec1e3181efbdabe784ce30458cbedf79276e
llama3.2:1b,prisoners_dilemma,business,12,rational,action_a,cooperate,action_a,,1,False,prisoners_dilemma_business_var_12,results/evaluations/results_llama3.2_1b.csv,1478,action_a,cooperate,ef440e7711b103109ab92607024c97b187dc0dbbfeb5a99a6b928684c5f8c746
llama3.2:1b,prisoners_dilemma,business,13,emotional,action_b,defect,action_a,,0,True,prisoners_dilemma_business_var_13,results/evaluations/results_llama3.2_1b.csv,1482,action_b,defect,5b3c8b52a1c0b9e79532a3da19a4189df848e595201eea9012161b9deb4698d6
llama3.2:1b,prisoners_dilemma,business,13,generic,action_b,defect,action_a,,0,True,prisoners_dilemma_business_var_13,results/evaluations/results_llama3.2_1b.csv,1480,action_b,defect,a420e26c39b0cb46c47b93275be34edd938d174ff1dbdfc1b62cba5de82861fd
llama3.2:1b,prisoners_dilemma,business,13,rational,action_b,defect,action_a,,0,True,prisoners_dilemma_business_var_13,results/evaluations/results_llama3.2_1b.csv,1481,action_b,defect,9d498506c36c8b3416d3ef6bc36be063d65d28540d5be23049e3b3828b4e3460
llama3.2:1b,prisoners_dilemma,business,14,emotional,action_a,cooperate,action_a,,1,False,prisoners_dilemma_business_var_14,results/evaluations/results_llama3.2_1b.csv,1485,action_a,cooperate,0ea3321d8e87b404869d871bacdeacb92a894bb6b9462365bf45e17ac42dbd08
llama3.2:1b,prisoners_dilemma,business,14,generic,action_a,cooperate,action_a,,1,False,prisoners_dilemma_business_var_14,results/evaluations/results_llama3.2_1b.csv,1483,action_a,cooperate,57225d056d4e12f38b2e97e6bdbb2eafe41f488d87b0434ff529ed53954071f8
llama3.2:1b,prisoners_dilemma,business,14,rational,action_a,cooperate,action_a,,1,False,prisoners_dilemma_business_var_14,results/evaluations/results_llama3.2_1b.csv,1484,action_a,cooperate,fdaea765a55207cb9532be26a58e3f0c15b195955c0757c49c31722a5ad5d888
llama3.2:1b,prisoners_dilemma,business,15,emotional,action_b,defect,action_a,,0,True,prisoners_dilemma_business_var_15,results/evaluations/results_llama3.2_1b.csv,1488,action_b,defect,a01ff4830ea0a96e95e33a1430b20225d8759b3c8bbba1027ff218bbd104ce51
llama3.2:1b,prisoners_dilemma,business,15,generic,action_b,defect,action_a,,0,True,prisoners_dilemma_business_var_15,results/evaluations/results_llama3.2_1b.csv,1486,action_b,defect,9c928e2a1f0a35b0ab551f084e71f7e6f55ca17091462a5d3528ef7f63e6fa2c
llama3.2:1b,prisoners_dilemma,business,15,rational,action_b,defect,action_a,,0,True,prisoners_dilemma_business_var_15,results/evaluations/results_llama3.2_1b.csv,1487,action_b,defect,97e9fc504a54be0032eb6906d9afd1a6a65e23af8c1e5b90bdd091dfafb3f9a6
llama3.2:1b,prisoners_dilemma,business,16,emotional,action_a,cooperate,action_a,,1,False,prisoners_dilemma_business_var_16,results/evaluations/results_llama3.2_1b.csv,1491,action_a,cooperate,f53883a625b35f9ae293fd9773fa2738ac757003b9de9d853c07cb3546967cbb
llama3.2:1b,prisoners_dilemma,business,16,generic,action_a,cooperate,action_a,,1,False,prisoners_dilemma_business_var_16,results/evaluations/results_llama3.2_1b.csv,1489,action_a,cooperate,aab6269d5dde80d5ba50d0360503bd8b84c99211ab6a153121c42274643627c7
llama3.2:1b,prisoners_dilemma,business,16,rational,action_a,cooperate,action_a,,1,False,prisoners_dilemma_business_var_16,results/evaluations/results_llama3.2_1b.csv,1490,action_a,cooperate,6d84e54ce82c921d5316f90aa86a8f44d7f68a6fc8232cde9a820a6d78bf3696
llama3.2:1b,prisoners_dilemma,business,17,emotional,action_b,defect,action_a,,0,True,prisoners_dilemma_business_var_17,results/evaluations/results_llama3.2_1b.csv,1494,action_b,defect,9660d5b53ae7f5f436100ddebad80a437a36e780ca774cb48a5dfdbe56aa4500
llama3.2:1b,prisoners_dilemma,business,17,generic,action_b,defect,action_a,,0,True,prisoners_dilemma_business_var_17,results/evaluations/results_llama3.2_1b.csv,1492,action_b,defect,1ae3ff388a40b0796fbbd244bd1a2ba8a9c0d95be6aef0193f3a9aaa446f92de
llama3.2:1b,prisoners_dilemma,business,17,rational,action_b,defect,action_a,,0,True,prisoners_dilemma_business_var_17,results/evaluations/results_llama3.2_1b.csv,1493,action_b,defect,0370f08a0610e6e45e72fbb84fe7f7bffe454c91b9a198c526dd07a96b7f8d0c
llama3.2:1b,prisoners_dilemma,business,18,emotional,action_a,cooperate,action_a,,1,False,prisoners_dilemma_business_var_18,results/evaluations/results_llama3.2_1b.csv,1497,action_a,cooperate,d8722075eaae63f43ff21b91df1ea627a11c53d942590b2802ba6996acf55d98
llama3.2:1b,prisoners_dilemma,business,18,generic,action_a,cooperate,action_a,,1,False,prisoners_dilemma_business_var_18,results/evaluations/results_llama3.2_1b.csv,1495,action_a,cooperate,8d79893274778f414135f78120bb3b9dcb7a6984e359c24b887f14c1aeaef0a2
llama3.2:1b,prisoners_dilemma,business,18,rational,action_a,cooperate,action_a,,1,False,prisoners_dilemma_business_var_18,results/evaluations/results_llama3.2_1b.csv,1496,action_a,cooperate,4abc71d27de9831efa5031f982fc8ba7ae2a30b4dd24ae8f26b31c01be6ded44
llama3.2:1b,prisoners_dilemma,business,19,emotional,action_b,defect,action_a,,0,True,prisoners_dilemma_business_var_19,results/evaluations/results_llama3.2_1b.csv,1500,action_b,defect,0a7cf467dda80f146b1dd02e2f2313e180dbe915302831ed5b46ba3217b8b8f2
llama3.2:1b,prisoners_dilemma,business,19,generic,action_b,defect,action_a,,0,True,prisoners_dilemma_business_var_19,results/evaluations/results_llama3.2_1b.csv,1498,action_b,defect,aa32286ffc3a0b4120d7c7bebdc73ab45193a5c6c01ad612c858e08f9d4b5837
llama3.2:1b,prisoners_dilemma,business,19,rational,action_b,defect,action_a,,0,True,prisoners_dilemma_business_var_19,results/evaluations/results_llama3.2_1b.csv,1499,action_b,defect,864dacb1fa9ba79fb56581cf8fa139c6596b65c90513d2398b3cf5f1a10db55f
llama3.2:1b,prisoners_dilemma,business,2,emotional,action_a,cooperate,action_a,,1,False,prisoners_dilemma_business_var_2,results/evaluations/results_llama3.2_1b.csv,1449,action_a,cooperate,72f677bceb6c5a3889941281c92a58516d655bb4bf1a67e644dba1cd7bc732a4
llama3.2:1b,prisoners_dilemma,business,2,generic,action_a,cooperate,action_a,,1,False,prisoners_dilemma_business_var_2,results/evaluations/results_llama3.2_1b.csv,1447,action_a,cooperate,e5ce0085b1d44a40a28e016aa73b7f089d6e96ac897d00e6615a8e0f35ee2abc
llama3.2:1b,prisoners_dilemma,business,2,rational,action_a,cooperate,action_a,,1,False,prisoners_dilemma_business_var_2,results/evaluations/results_llama3.2_1b.csv,1448,action_a,cooperate,905fcb87156eb2a13304ec61f523dd52410c0e8cde2d90d4c2173993335f87d9
llama3.2:1b,prisoners_dilemma,business,20,emotional,action_a,cooperate,action_a,,1,False,prisoners_dilemma_business_var_20,results/evaluations/results_llama3.2_1b.csv,1503,action_a,cooperate,cc89ebb0093c235c907251f2d0bbdeed2cf19283d8aa0a38c5c9d924fd05d588
llama3.2:1b,prisoners_dilemma,business,20,generic,action_a,cooperate,action_a,,1,False,prisoners_dilemma_business_var_20,results/evaluations/results_llama3.2_1b.csv,1501,action_a,cooperate,2cab22649c86c49a67cf35fd83f2c2aa22af6698192fb2be23ecd9a0a00f144a
llama3.2:1b,prisoners_dilemma,business,20,rational,action_a,cooperate,action_a,,1,False,prisoners_dilemma_business_var_20,results/evaluations/results_llama3.2_1b.csv,1502,action_a,cooperate,836456d6107a05c0ceb319978d955d72c9542e1d8f3f1599bf5f8dc84b2f6b08
llama3.2:1b,prisoners_dilemma,business,21,emotional,action_b,defect,action_a,,0,True,prisoners_dilemma_business_var_21,results/evaluations/results_llama3.2_1b.csv,1506,action_b,defect,976f62a58f9edc8667db8cb8b569d797e5f7b02efab46519ee316b68251c7363
llama3.2:1b,prisoners_dilemma,business,21,generic,action_b,defect,action_a,,0,True,prisoners_dilemma_business_var_21,results/evaluations/results_llama3.2_1b.csv,1504,action_b,defect,34ebaa8c35c0f64a50e1628bcb5b300df7138ac93957441ce47be1d4c036993f
llama3.2:1b,prisoners_dilemma,business,21,rational,action_b,defect,action_a,,0,True,prisoners_dilemma_business_var_21,results/evaluations/results_llama3.2_1b.csv,1505,action_b,defect,0675b025f5e25a512e8fd256d02f185d889489170cb48d021548909716c3a031
llama3.2:1b,prisoners_dilemma,business,22,emotional,action_a,cooperate,action_a,,1,False,prisoners_dilemma_business_var_22,results/evaluations/results_llama3.2_1b.csv,1509,action_a,cooperate,afb87b242f312bbcedf03c086c444410f71665c19e982da4d90d055018a84cf1
llama3.2:1b,prisoners_dilemma,business,22,generic,action_a,cooperate,action_a,,1,False,prisoners_dilemma_business_var_22,results/evaluations/results_llama3.2_1b.csv,1507,action_a,cooperate,619d53558a7c957a485fe48b24f75812ca1d5a89f9984a4bfa1505e472b8e329
llama3.2:1b,prisoners_dilemma,business,22,rational,action_a,cooperate,action_a,,1,False,prisoners_dilemma_business_var_22,results/evaluations/results_llama3.2_1b.csv,1508,action_a,cooperate,b14daf48a8a9dbf31dc5048a78fb19c37d9d01c2c97b8e1d81047562bf3dc1f8
llama3.2:1b,prisoners_dilemma,business,23,emotional,action_b,defect,action_a,,0,True,prisoners_dilemma_business_var_23,results/evaluations/results_llama3.2_1b.csv,1512,action_b,defect,eef0ea63eeab084f52ec2659a3aa1ed53fc25feb9df67055cb09c1bf5585f213
llama3.2:1b,prisoners_dilemma,business,23,generic,action_b,defect,action_a,,0,True,prisoners_dilemma_business_var_23,results/evaluations/results_llama3.2_1b.csv,1510,action_b,defect,f1d5298947a06e30f89dd394629bb7fe74ac61ffb0cdd9c6d8d68d299dabc47a
llama3.2:1b,prisoners_dilemma,business,23,rational,action_b,defect,action_a,,0,True,prisoners_dilemma_business_var_23,results/evaluations/results_llama3.2_1b.csv,1511,action_b,defect,55ea968d58a519a2f9def9ba278394e7288205b15a80960670472262869621fe
llama3.2:1b,prisoners_dilemma,business,24,emotional,action_a,cooperate,action_a,,1,False,prisoners_dilemma_business_var_24,results/evaluations/results_llama3.2_1b.csv,1515,action_a,cooperate,e0c3762e14b8b01d074342622dd76334f958db6b22a7a48865b714f7aa69522a
llama3.2:1b,prisoners_dilemma,business,24,generic,action_a,cooperate,action_a,,1,False,prisoners_dilemma_business_var_24,results/evaluations/results_llama3.2_1b.csv,1513,action_a,cooperate,7e7f060dbb1a4c75cef5a436923fa9204d4f293bde7e16d0501d0487a6d2f293
llama3.2:1b,prisoners_dilemma,business,24,rational,action_a,cooperate,action_a,,1,False,prisoners_dilemma_business_var_24,results/evaluations/results_llama3.2_1b.csv,1514,action_a,cooperate,5996b0c3e3bc052b4e2329f20fe7c5337afb67fdfa219820028d70979a80bef5
llama3.2:1b,prisoners_dilemma,business,25,emotional,action_b,defect,action_a,,0,True,prisoners_dilemma_business_var_25,results/evaluations/results_llama3.2_1b.csv,1518,action_b,defect,111d49f7f8e5556074f37a3ac8798c87fa0606d4995237ca99cb1252ebe9e058
llama3.2:1b,prisoners_dilemma,business,25,generic,action_b,defect,action_a,,0,True,prisoners_dilemma_business_var_25,results/evaluations/results_llama3.2_1b.csv,1516,action_b,defect,166740d3b782d533dc71b6ea7f21b7557479cf0105d4b21852415fbe4bad352b
llama3.2:1b,prisoners_dilemma,business,25,rational,action_b,defect,action_a,,0,True,prisoners_dilemma_business_var_25,results/evaluations/results_llama3.2_1b.csv,1517,action_b,defect,8a060630392031c2184763521d0b564bbdc45caf98a97c2ff15e7e49cf960a3c
llama3.2:1b,prisoners_dilemma,business,26,emotional,action_a,cooperate,action_a,,1,False,prisoners_dilemma_business_var_26,results/evaluations/results_llama3.2_1b.csv,1521,action_a,cooperate,cd074cbf731eedbb0f80ae8c4645639e983612f1a9ef265c461fa9c7ed1a5ad6
llama3.2:1b,prisoners_dilemma,business,26,generic,action_a,cooperate,action_a,,1,False,prisoners_dilemma_business_var_26,results/evaluations/results_llama3.2_1b.csv,1519,action_a,cooperate,f8456e2c21d4f89d74822d7fc42745a46eea468bf3138f82715dd31d66cc491a
llama3.2:1b,prisoners_dilemma,business,26,rational,action_a,cooperate,action_a,,1,False,prisoners_dilemma_business_var_26,results/evaluations/results_llama3.2_1b.csv,1520,action_a,cooperate,ed02a852b6a3c9cc2b1d60fd7e9c4f38038a5ba5df467eba8faf8f844383ac2a
llama3.2:1b,prisoners_dilemma,business,27,emotional,action_b,defect,action_a,,0,True,prisoners_dilemma_business_var_27,results/evaluations/results_llama3.2_1b.csv,1524,action_b,defect,dd28761b82891cb392390502697c4baa4e173040a2cf87ef185dd9616adc1d42
llama3.2:1b,prisoners_dilemma,business,27,generic,action_b,defect,action_a,,0,True,prisoners_dilemma_business_var_27,results/evaluations/results_llama3.2_1b.csv,1522,action_b,defect,68b06e9a8620bd7c1ca7f09773d6ca7dc70637c9fa5e805b09506d6f138fe54c
llama3.2:1b,prisoners_dilemma,business,27,rational,action_b,defect,action_a,,0,True,prisoners_dilemma_business_var_27,results/evaluations/results_llama3.2_1b.csv,1523,action_b,defect,da78de75ae17cbeee5e1c7fd0407dcd8a666d49c8e44c00f482d2333602edc93
llama3.2:1b,prisoners_dilemma,business,28,emotional,action_a,cooperate,action_a,,1,False,prisoners_dilemma_business_var_28,results/evaluations/results_llama3.2_1b.csv,1527,action_a,cooperate,96f45168c18a01e9745f19c1e7f38dc5165d53ba680a37916541bc007b8779b8
llama3.2:1b,prisoners_dilemma,business,28,generic,action_a,cooperate,action_a,,1,False,prisoners_dilemma_business_var_28,results/evaluations/results_llama3.2_1b.csv,1525,action_a,cooperate,fbb7ae8f1e27c2cf9ca3d256094eb164d410cc9d4b0cadce1d3852394dc6faf1
llama3.2:1b,prisoners_dilemma,business,28,rational,action_a,cooperate,action_a,,1,False,prisoners_dilemma_business_var_28,results/evaluations/results_llama3.2_1b.csv,1526,action_a,cooperate,2c66b34be4023115c4958f1384ff794e4661d3cbcaa66d4d22e7af7e837d721a
llama3.2:1b,prisoners_dilemma,business,29,emotional,action_b,defect,action_a,,0,True,prisoners_dilemma_business_var_29,results/evaluations/results_llama3.2_1b.csv,1530,action_b,defect,c5a8b3b222d9a414015bdaf9c8d31c2b6cbfcd5235877884099065cd7e2c4513
llama3.2:1b,prisoners_dilemma,business,29,generic,action_b,defect,action_a,,0,True,prisoners_dilemma_business_var_29,results/evaluations/results_llama3.2_1b.csv,1528,action_b,defect,e68b275f43ed185be9f6e0163f94596c62bc3aed70f4d534dae968633fbc84bd
llama3.2:1b,prisoners_dilemma,business,29,rational,action_b,defect,action_a,,0,True,prisoners_dilemma_business_var_29,results/evaluations/results_llama3.2_1b.csv,1529,action_b,defect,c4be851fed4d1ba85a70f73a8270667ca97cfe20d415a11120af4d70b8cd8c22
llama3.2:1b,prisoners_dilemma,business,3,emotional,action_b,defect,action_a,,0,True,prisoners_dilemma_business_var_3,results/evaluations/results_llama3.2_1b.csv,1452,action_b,defect,ea3de34ec65ad8388d3f6036b1bf7bba7361652e693fea78f7ff5765a30b9271
llama3.2:1b,prisoners_dilemma,business,3,generic,action_b,defect,action_a,,0,True,prisoners_dilemma_business_var_3,results/evaluations/results_llama3.2_1b.csv,1450,action_b,defect,92acfb0508671e3f603f3dc4b4013fd31b0b00477d70b5e3d77beb0f7da55075
llama3.2:1b,prisoners_dilemma,business,3,rational,action_b,defect,action_a,,0,True,prisoners_dilemma_business_var_3,results/evaluations/results_llama3.2_1b.csv,1451,action_b,defect,9f887616761bfcecf1bde4dfbaebbebfb1227f282c30b7dde443ebfb8979e420
llama3.2:1b,prisoners_dilemma,business,4,emotional,action_a,cooperate,action_a,,1,False,prisoners_dilemma_business_var_4,results/evaluations/results_llama3.2_1b.csv,1455,action_a,cooperate,1122dbf2bc8df7d19553b402a45ccb257ea53aac5d902b2e2921a892b9f23509
llama3.2:1b,prisoners_dilemma,business,4,generic,action_a,cooperate,action_a,,1,False,prisoners_dilemma_business_var_4,results/evaluations/results_llama3.2_1b.csv,1453,action_a,cooperate,6e4d45d26fc62c914c2f227d22e0c7b52c5c411c352643044e007be6d2fa3317
llama3.2:1b,prisoners_dilemma,business,4,rational,action_a,cooperate,action_a,,1,False,prisoners_dilemma_business_var_4,results/evaluations/results_llama3.2_1b.csv,1454,action_a,cooperate,5ea052d42a4f8dd1ae50dc9131a080d0de210a03aa733ce48ed85ed349a8efe3
llama3.2:1b,prisoners_dilemma,business,5,emotional,action_b,defect,action_a,,0,True,prisoners_dilemma_business_var_5,results/evaluations/results_llama3.2_1b.csv,1458,action_b,defect,91bbc8d8a300c630337a987233e9cf2c188a112b71845287ac61ca1acc582c78
llama3.2:1b,prisoners_dilemma,business,5,generic,action_b,defect,action_a,,0,True,prisoners_dilemma_business_var_5,results/evaluations/results_llama3.2_1b.csv,1456,action_b,defect,9ed7b50e6e59ab5a02dcd2e512e80ea42e9e67ce430d3a24a7ff4f6059f0b73e
llama3.2:1b,prisoners_dilemma,business,5,rational,action_b,defect,action_a,,0,True,prisoners_dilemma_business_var_5,results/evaluations/results_llama3.2_1b.csv,1457,action_b,defect,e335633d34e54a18ae1b3790133229ed4c54079eceecc08449668eb651a36fa2
llama3.2:1b,prisoners_dilemma,business,6,emotional,action_a,cooperate,action_a,,1,False,prisoners_dilemma_business_var_6,results/evaluations/results_llama3.2_1b.csv,1461,action_a,cooperate,aaf1a9d0fcee8e8c91aa6744796a9c8998e6fe620d2cfdc318b876b4630124ec
llama3.2:1b,prisoners_dilemma,business,6,generic,action_a,cooperate,action_a,,1,False,prisoners_dilemma_business_var_6,results/evaluations/results_llama3.2_1b.csv,1459,action_a,cooperate,7a8ae88f0d73214c86447fbf5b9f484b0b3dee791aed62acf2afbff2124cd1f4
llama3.2:1b,prisoners_dilemma,business,6,rational,action_a,cooperate,action_a,,1,False,prisoners_dilemma_business_var_6,results/evaluations/results_llama3.2_1b.csv,1460,action_a,cooperate,99faaf4e1daa87beb2b89209add5c2c957f0098965d9a6a8913cda1c35c0620e
llama3.2:1b,prisoners_dilemma,business,7,emotional,action_b,defect,action_a,,0,True,prisoners_dilemma_business_var_7,results/evaluations/results_llama3.2_1b.csv,1464,action_b,defect,6e20611323af791b08c3769a1095cd80cc4382052f61eac4f5e7c159422e9e1c
llama3.2:1b,prisoners_dilemma,business,7,generic,action_b,defect,action_a,,0,True,prisoners_dilemma_business_var_7,results/evaluations/results_llama3.2_1b.csv,1462,action_b,defect,cd83ef8f17b971cd039f6f3ca90cad0216adc35f6c9bcb72408c3b4ba1e891f6
llama3.2:1b,prisoners_dilemma,business,7,rational,action_b,defect,action_a,,0,True,prisoners_dilemma_business_var_7,results/evaluations/results_llama3.2_1b.csv,1463,action_b,defect,9ec7c4ddacb58fdddfda7f3fdef9d4c34553c4169570d7097d1ba1d0c557950d
llama3.2:1b,prisoners_dilemma,business,8,emotional,action_a,cooperate,action_a,,1,False,prisoners_dilemma_business_var_8,results/evaluations/results_llama3.2_1b.csv,1467,action_a,cooperate,005e4bddda42ac34d097cb6abcc8ac24f5e6e002b45452ff4ae7ad5bb9cf5c5f
llama3.2:1b,prisoners_dilemma,business,8,generic,action_a,cooperate,action_a,,1,False,prisoners_dilemma_business_var_8,results/evaluations/results_llama3.2_1b.csv,1465,action_a,cooperate,fa38bc092bbafb40de7f0126ccdaf5775379388053d52f283487e78210e35021
llama3.2:1b,prisoners_dilemma,business,8,rational,action_a,cooperate,action_a,,1,False,prisoners_dilemma_business_var_8,results/evaluations/results_llama3.2_1b.csv,1466,action_a,cooperate,3b1e0ea65ec73e282cb40b245fd0d656540e822a6471e80d8d1f08e419292c77
llama3.2:1b,prisoners_dilemma,business,9,emotional,action_b,defect,action_a,,0,True,prisoners_dilemma_business_var_9,results/evaluations/results_llama3.2_1b.csv,1470,action_b,defect,c441ff5eb82903f76db9cae77fa2993e466010a638c7a9c1bf6800c80f303214
llama3.2:1b,prisoners_dilemma,business,9,generic,action_b,defect,action_a,,0,True,prisoners_dilemma_business_var_9,results/evaluations/results_llama3.2_1b.csv,1468,action_b,defect,2bc2dcc4328db2220b9c56fd38545e3a0520c4c8b80a53316844b7a434a0fe8f
llama3.2:1b,prisoners_dilemma,business,9,rational,action_b,defect,action_a,,0,True,prisoners_dilemma_business_var_9,results/evaluations/results_llama3.2_1b.csv,1469,action_b,defect,acb10d4994e80f163409ecccc003db3c9b198f42b4d4378065462ec621e2dbbb
llama3.2:1b,prisoners_dilemma,family fight,0,emotional,action_a,cooperate,action_a,,1,False,prisoners_dilemma_family fight_var_0,results/evaluations/results_llama3.2_1b.csv,1533,action_a,cooperate,40762560ed40491cac3b4a35a1fd30e122afb44c5550aad0be16db1296b7652f
llama3.2:1b,prisoners_dilemma,family fight,0,generic,action_a,cooperate,action_a,,1,False,prisoners_dilemma_family fight_var_0,results/evaluations/results_llama3.2_1b.csv,1531,action_a,cooperate,0a95c92067878648ec9628ec6b98ac2ea1a2d2629860064586ef7e30fce7cd8b
llama3.2:1b,prisoners_dilemma,family fight,0,rational,action_a,cooperate,action_a,,1,False,prisoners_dilemma_family fight_var_0,results/evaluations/results_llama3.2_1b.csv,1532,action_a,cooperate,d72f1c804a5b429b28c573f1da7b1907863ec63338d8b2b817ef41dbe67c7598
llama3.2:1b,prisoners_dilemma,family fight,1,emotional,action_b,defect,action_a,,0,True,prisoners_dilemma_family fight_var_1,results/evaluations/results_llama3.2_1b.csv,1536,action_b,defect,f8865df8703bc48cc3d4e8340ee5a2df771c9a92874a4e08a08fe6f56a8e17c4
llama3.2:1b,prisoners_dilemma,family fight,1,generic,action_b,defect,action_a,,0,True,prisoners_dilemma_family fight_var_1,results/evaluations/results_llama3.2_1b.csv,1534,action_b,defect,3e01810217a2976f5c337885721fab16935d2f825511b1dcf2a7dea03b0480c5
llama3.2:1b,prisoners_dilemma,family fight,1,rational,action_b,defect,action_a,,0,True,prisoners_dilemma_family fight_var_1,results/evaluations/results_llama3.2_1b.csv,1535,action_b,defect,e056373905756fa03eb839c20b24686fafa6043a46224721a42ca15dc07dc7c1
llama3.2:1b,prisoners_dilemma,family fight,10,emotional,action_a,cooperate,action_a,,1,False,prisoners_dilemma_family fight_var_10,results/evaluations/results_llama3.2_1b.csv,1563,action_a,cooperate,36bb3d35c56594de7a56db5033656990092f3e331f84ff7eda1ab6a6e951c4c1
llama3.2:1b,prisoners_dilemma,family fight,10,generic,action_a,cooperate,action_a,,1,False,prisoners_dilemma_family fight_var_10,results/evaluations/results_llama3.2_1b.csv,1561,action_a,cooperate,372bb79ac3339e30a0f5827466d8d186833049550e7932eae353e66142967a5f
llama3.2:1b,prisoners_dilemma,family fight,10,rational,action_a,cooperate,action_a,,1,False,prisoners_dilemma_family fight_var_10,results/evaluations/results_llama3.2_1b.csv,1562,action_a,cooperate,9b81bcd414e23372ed1c231b0150b9111ceff94f3e9941420acb426e8fbe2c67
llama3.2:1b,prisoners_dilemma,family fight,11,emotional,action_b,defect,action_a,,0,True,prisoners_dilemma_family fight_var_11,results/evaluations/results_llama3.2_1b.csv,1566,action_b,defect,62e05c83bbc639d6808b1c2115124899f7c75023e393962f28d900f609a466da
llama3.2:1b,prisoners_dilemma,family fight,11,generic,action_b,defect,action_a,,0,True,prisoners_dilemma_family fight_var_11,results/evaluations/results_llama3.2_1b.csv,1564,action_b,defect,b44af3f19ec3959752578f00a524edfba50ff8748ea52e4d91f32f5c19d04115
llama3.2:1b,prisoners_dilemma,family fight,11,rational,action_b,defect,action_a,,0,True,prisoners_dilemma_family fight_var_11,results/evaluations/results_llama3.2_1b.csv,1565,action_b,defect,b4cafa174c7aca1e89115f6b6cac8a9b450cf3f1435633cdca1540a996aa15e3
llama3.2:1b,prisoners_dilemma,family fight,12,emotional,action_a,cooperate,action_a,,1,False,prisoners_dilemma_family fight_var_12,results/evaluations/results_llama3.2_1b.csv,1569,action_a,cooperate,af5091232738be1050777b24b8e5076507c71f10525e9daa71b370a8f66ba602
llama3.2:1b,prisoners_dilemma,family fight,12,generic,action_a,cooperate,action_a,,1,False,prisoners_dilemma_family fight_var_12,results/evaluations/results_llama3.2_1b.csv,1567,action_a,cooperate,f9a7a915617633dcbdbf55f9b541361e403b9d14c1950fb5ca94ed9c7baba1f6
llama3.2:1b,prisoners_dilemma,family fight,12,rational,action_a,cooperate,action_a,,1,False,prisoners_dilemma_family fight_var_12,results/evaluations/results_llama3.2_1b.csv,1568,action_a,cooperate,5e96183a8213178494f8ac1dc88a7516f91e51a72b63e8214c265f086b37f2a2
llama3.2:1b,prisoners_dilemma,family fight,13,emotional,action_b,defect,action_a,,0,True,prisoners_dilemma_family fight_var_13,results/evaluations/results_llama3.2_1b.csv,1572,action_b,defect,6c0e074356177c8e1b22741f43e8d3772e41ec3158227b560757328641ff9794
llama3.2:1b,prisoners_dilemma,family fight,13,generic,action_b,defect,action_a,,0,True,prisoners_dilemma_family fight_var_13,results/evaluations/results_llama3.2_1b.csv,1570,action_b,defect,4335daef4e547700b57a9f5ecff2a053163a0415c4e92867aa6a64a92d125ede
llama3.2:1b,prisoners_dilemma,family fight,13,rational,action_b,defect,action_a,,0,True,prisoners_dilemma_family fight_var_13,results/evaluations/results_llama3.2_1b.csv,1571,action_b,defect,2a25a68b5369cca65a2002cba83cfcc8dd1db54e36378d3f587417fd37928e9b
llama3.2:1b,prisoners_dilemma,family fight,14,emotional,action_a,cooperate,action_a,,1,False,prisoners_dilemma_family fight_var_14,results/evaluations/results_llama3.2_1b.csv,1575,action_a,cooperate,1601bd812c03f868544eefb3a510863413dfa98e1a7f92ab8db3caca9a05682f
llama3.2:1b,prisoners_dilemma,family fight,14,generic,action_a,cooperate,action_a,,1,False,prisoners_dilemma_family fight_var_14,results/evaluations/results_llama3.2_1b.csv,1573,action_a,cooperate,c0a9878c78df787b47363daf8012514c9475653fa538e26f8c1d229462ae76d3
llama3.2:1b,prisoners_dilemma,family fight,14,rational,action_a,cooperate,action_a,,1,False,prisoners_dilemma_family fight_var_14,results/evaluations/results_llama3.2_1b.csv,1574,action_a,cooperate,b13e9c7246177c3b7d57f0a1baefef3c7753eff2cc2396616e7c58244882ef33
llama3.2:1b,prisoners_dilemma,family fight,15,emotional,action_b,defect,action_a,,0,True,prisoners_dilemma_family fight_var_15,results/evaluations/results_llama3.2_1b.csv,1578,action_b,defect,9e536f1f14ff5d7ab0127d3284626b17031214f99c48ee5455582ee89bf9e2bb
llama3.2:1b,prisoners_dilemma,family fight,15,generic,action_b,defect,action_a,,0,True,prisoners_dilemma_family fight_var_15,results/evaluations/results_llama3.2_1b.csv,1576,action_b,defect,a167ead8627dbd75abb99f3760239cfbf54933f032e5d58bbeba969290d85dd8
llama3.2:1b,prisoners_dilemma,family fight,15,rational,action_b,defect,action_a,,0,True,prisoners_dilemma_family fight_var_15,results/evaluations/results_llama3.2_1b.csv,1577,action_b,defect,5d538fdad214defa3f064a44ecaf52de45c881635c9a429006b0f36e35b3d397
llama3.2:1b,prisoners_dilemma,family fight,16,emotional,action_a,cooperate,action_a,,1,False,prisoners_dilemma_family fight_var_16,results/evaluations/results_llama3.2_1b.csv,1581,action_a,cooperate,c8d7f7f4d8a4d81b9ae1be84115bfe3187cba47c1784418fad6462a7cad046f1
llama3.2:1b,prisoners_dilemma,family fight,16,generic,action_a,cooperate,action_a,,1,False,prisoners_dilemma_family fight_var_16,results/evaluations/results_llama3.2_1b.csv,1579,action_a,cooperate,393479b41bd34285d971c1951cbd9c929886400e54debf250e2a598b65574b40
llama3.2:1b,prisoners_dilemma,family fight,16,rational,action_a,cooperate,action_a,,1,False,prisoners_dilemma_family fight_var_16,results/evaluations/results_llama3.2_1b.csv,1580,action_a,cooperate,dd32693422b79b7cc3b61e96b13c13391ead7fce990446b95a06af771b29b121
llama3.2:1b,prisoners_dilemma,family fight,17,emotional,action_b,defect,action_a,,0,True,prisoners_dilemma_family fight_var_17,results/evaluations/results_llama3.2_1b.csv,1584,action_b,defect,d2fb9be884e212ceeff27a2d9e7abb32c9ade1a6b267d80a1e85670d682e15c7
llama3.2:1b,prisoners_dilemma,family fight,17,generic,action_b,defect,action_a,,0,True,prisoners_dilemma_family fight_var_17,results/evaluations/results_llama3.2_1b.csv,1582,action_b,defect,a5c5c8d637cd0f2570c4c8ee473802fcfcce153b06c1598ca9aec71673f4c5e2
llama3.2:1b,prisoners_dilemma,family fight,17,rational,action_b,defect,action_a,,0,True,prisoners_dilemma_family fight_var_17,results/evaluations/results_llama3.2_1b.csv,1583,action_b,defect,10bbd5777e71f7bf8ae2e609a34b308a09b34ccbd3df7edbd897dc8bc22d2d9b
llama3.2:1b,prisoners_dilemma,family fight,18,emotional,action_a,cooperate,action_a,,1,False,prisoners_dilemma_family fight_var_18,results/evaluations/results_llama3.2_1b.csv,1587,action_a,cooperate,29928d775c12c58032a65716c1552c06e50ca380b2a64d2aab72e9b8cc4f5604
llama3.2:1b,prisoners_dilemma,family fight,18,generic,action_a,cooperate,action_a,,1,False,prisoners_dilemma_family fight_var_18,results/evaluations/results_llama3.2_1b.csv,1585,action_a,cooperate,de79b3da845e8f5d197fdc58105b38fe411ac74224158c0f079ca51e87654d15
llama3.2:1b,prisoners_dilemma,family fight,18,rational,action_a,cooperate,action_a,,1,False,prisoners_dilemma_family fight_var_18,results/evaluations/results_llama3.2_1b.csv,1586,action_a,cooperate,a19fd7e08494cb67634d03abd130ae65dad2abc5e603d9fed0a1b211b103a86f
llama3.2:1b,prisoners_dilemma,family fight,19,emotional,action_b,defect,action_a,,0,True,prisoners_dilemma_family fight_var_19,results/evaluations/results_llama3.2_1b.csv,1590,action_b,defect,08926b06eefeb50bd778d3bfab279d4010d2dc6073f18690d12af459c00d6538
llama3.2:1b,prisoners_dilemma,family fight,19,generic,action_b,defect,action_a,,0,True,prisoners_dilemma_family fight_var_19,results/evaluations/results_llama3.2_1b.csv,1588,action_b,defect,7e411206ce19841592ffa481b1b31757cc93bdaa9ce5578e185c4166bba37164
llama3.2:1b,prisoners_dilemma,family fight,19,rational,action_b,defect,action_a,,0,True,prisoners_dilemma_family fight_var_19,results/evaluations/results_llama3.2_1b.csv,1589,action_b,defect,9c0b9b864480ef7a13840496e9538824db3e0199c84ee028a01311179674bd17
llama3.2:1b,prisoners_dilemma,family fight,2,emotional,action_a,cooperate,action_a,,1,False,prisoners_dilemma_family fight_var_2,results/evaluations/results_llama3.2_1b.csv,1539,action_a,cooperate,9b03a8b63c241b4bdc661d0eec60f7b2249f7ce005a649fa0209740233d29895
llama3.2:1b,prisoners_dilemma,family fight,2,generic,action_a,cooperate,action_a,,1,False,prisoners_dilemma_family fight_var_2,results/evaluations/results_llama3.2_1b.csv,1537,action_a,cooperate,d9b018d8b32b1b451e671db91485cec7ce88d044780c400081ceb290501654a1
llama3.2:1b,prisoners_dilemma,family fight,2,rational,action_a,cooperate,action_a,,1,False,prisoners_dilemma_family fight_var_2,results/evaluations/results_llama3.2_1b.csv,1538,action_a,cooperate,348d12fecad10ade1ad88df1b656ed1d48c9b6f98ebcf75f4cd261bb8ac286f7
llama3.2:1b,prisoners_dilemma,family fight,20,emotional,action_a,cooperate,action_a,,1,False,prisoners_dilemma_family fight_var_20,results/evaluations/results_llama3.2_1b.csv,1593,action_a,cooperate,89bb4794142bbfdebcdad15438130f19c7fb355244d98018a3e5d5608022484e
llama3.2:1b,prisoners_dilemma,family fight,20,generic,action_a,cooperate,action_a,,1,False,prisoners_dilemma_family fight_var_20,results/evaluations/results_llama3.2_1b.csv,1591,action_a,cooperate,299b4c31165a072f64e53b9c82e07aa1da8f79a9775a76f185f4c03bfb696407
llama3.2:1b,prisoners_dilemma,family fight,20,rational,action_a,cooperate,action_a,,1,False,prisoners_dilemma_family fight_var_20,results/evaluations/results_llama3.2_1b.csv,1592,action_a,cooperate,b3969797d0f087075602b3248e65c5857ac725271bca75ff676e2b12f407f978
llama3.2:1b,prisoners_dilemma,family fight,21,emotional,action_b,defect,action_a,,0,True,prisoners_dilemma_family fight_var_21,results/evaluations/results_llama3.2_1b.csv,1596,action_b,defect,a0ccfa4961459cb5abf2d91a48142d7543d1310900a2cf59e8380a6728408538
llama3.2:1b,prisoners_dilemma,family fight,21,generic,action_b,defect,action_a,,0,True,prisoners_dilemma_family fight_var_21,results/evaluations/results_llama3.2_1b.csv,1594,action_b,defect,52372132720b50cf9ac3065d8d92d08726bb28dc6d377419b956e6e7737abf06
llama3.2:1b,prisoners_dilemma,family fight,21,rational,action_b,defect,action_a,,0,True,prisoners_dilemma_family fight_var_21,results/evaluations/results_llama3.2_1b.csv,1595,action_b,defect,1588f80d3b25f401d8e367a8c81e90931600269e698b2c06097a206be284cd57
llama3.2:1b,prisoners_dilemma,family fight,22,emotional,action_a,cooperate,action_a,,1,False,prisoners_dilemma_family fight_var_22,results/evaluations/results_llama3.2_1b.csv,1599,action_a,cooperate,50a5b2797bc2efb43e8b82ec22cae489acb13719255e332a61bd2c437d7d8e0a
llama3.2:1b,prisoners_dilemma,family fight,22,generic,action_a,cooperate,action_a,,1,False,prisoners_dilemma_family fight_var_22,results/evaluations/results_llama3.2_1b.csv,1597,action_a,cooperate,da093ec3ee1bf24ba12c582d532fc7aaafd1db1805aa831a7231495bae7ccc3f
llama3.2:1b,prisoners_dilemma,family fight,22,rational,action_a,cooperate,action_a,,1,False,prisoners_dilemma_family fight_var_22,results/evaluations/results_llama3.2_1b.csv,1598,action_a,cooperate,c2e4a30986e2e244c4321fe131872bb4c3a0f064223cd4f398725611159b1eb8
llama3.2:1b,prisoners_dilemma,family fight,23,emotional,action_b,defect,action_a,,0,True,prisoners_dilemma_family fight_var_23,results/evaluations/results_llama3.2_1b.csv,1602,action_b,defect,6d92948fe556f66a14bfc87c3c73606875fe6a7c66cbe12c797b3a03f0f47dac
llama3.2:1b,prisoners_dilemma,family fight,23,generic,action_b,defect,action_a,,0,True,prisoners_dilemma_family fight_var_23,results/evaluations/results_llama3.2_1b.csv,1600,action_b,defect,39080759bce98a0121058e53477bf7ebe26430f731fa12c5b115e67b40ef58a9
llama3.2:1b,prisoners_dilemma,family fight,23,rational,action_b,defect,action_a,,0,True,prisoners_dilemma_family fight_var_23,results/evaluations/results_llama3.2_1b.csv,1601,action_b,defect,a1b6bf4c6ae376296e1a323635c8a05605d29c73b8dc68ffe44801c567f1705c
llama3.2:1b,prisoners_dilemma,family fight,24,emotional,action_a,cooperate,action_a,,1,False,prisoners_dilemma_family fight_var_24,results/evaluations/results_llama3.2_1b.csv,1605,action_a,cooperate,b0c685279d37a9cc2795634ca1c6d206d3bb1708e5116086cc44bfd78792b9b7
llama3.2:1b,prisoners_dilemma,family fight,24,generic,action_a,cooperate,action_a,,1,False,prisoners_dilemma_family fight_var_24,results/evaluations/results_llama3.2_1b.csv,1603,action_a,cooperate,ebaf8d2f93ea60da7109112692152069ee30bb62bed1a98bc1719cd319f705f6
llama3.2:1b,prisoners_dilemma,family fight,24,rational,action_a,cooperate,action_a,,1,False,prisoners_dilemma_family fight_var_24,results/evaluations/results_llama3.2_1b.csv,1604,action_a,cooperate,ecf2d9259a0acf42d0f5b8094ed0c150a26672eb9c348f69ff312cc2001014e7
llama3.2:1b,prisoners_dilemma,family fight,25,emotional,action_b,defect,action_a,,0,True,prisoners_dilemma_family fight_var_25,results/evaluations/results_llama3.2_1b.csv,1608,action_b,defect,089732195ae61a2442db881fe1d3a217e34a96e0e5934d86543246e026c9f042
llama3.2:1b,prisoners_dilemma,family fight,25,generic,action_b,defect,action_a,,0,True,prisoners_dilemma_family fight_var_25,results/evaluations/results_llama3.2_1b.csv,1606,action_b,defect,544672392c6e79ba9873afd7da907515376459f4cdb7e286ab7ba7cf0f5aefdd
llama3.2:1b,prisoners_dilemma,family fight,25,rational,action_b,defect,action_a,,0,True,prisoners_dilemma_family fight_var_25,results/evaluations/results_llama3.2_1b.csv,1607,action_b,defect,621e1225198dd20fe16157898008b4c5b0af7d6c5e49179f633f98603d0bf3f5
llama3.2:1b,prisoners_dilemma,family fight,26,emotional,action_a,cooperate,action_a,,1,False,prisoners_dilemma_family fight_var_26,results/evaluations/results_llama3.2_1b.csv,1611,action_a,cooperate,47af94cd9c985170505f3e1e0d33a54a2b678aae1507bfcfe280a028f1b4c0ff
llama3.2:1b,prisoners_dilemma,family fight,26,generic,action_a,cooperate,action_a,,1,False,prisoners_dilemma_family fight_var_26,results/evaluations/results_llama3.2_1b.csv,1609,action_a,cooperate,15a50de7927b662289071ac427a74fc2617f8c0585619dbc65b9eb70ed767261
llama3.2:1b,prisoners_dilemma,family fight,26,rational,action_a,cooperate,action_a,,1,False,prisoners_dilemma_family fight_var_26,results/evaluations/results_llama3.2_1b.csv,1610,action_a,cooperate,7931e1ce872ca10c7964e8fe39d36f30fe3f968cccef8ebbad066a46f26a33b1
llama3.2:1b,prisoners_dilemma,family fight,27,emotional,action_b,defect,action_a,,0,True,prisoners_dilemma_family fight_var_27,results/evaluations/results_llama3.2_1b.csv,1614,action_b,defect,ef087d1b585d20db74776475d621279a5663bd1fe5776d304117e3dd49e7c109
llama3.2:1b,prisoners_dilemma,family fight,27,generic,action_b,defect,action_a,,0,True,prisoners_dilemma_family fight_var_27,results/evaluations/results_llama3.2_1b.csv,1612,action_b,defect,b8ea64ca1a049a6438c99685f85538300af9fad2be0dd4875bdfe728bec412ab
llama3.2:1b,prisoners_dilemma,family fight,27,rational,action_b,defect,action_a,,0,True,prisoners_dilemma_family fight_var_27,results/evaluations/results_llama3.2_1b.csv,1613,action_b,defect,7ab24d72862dbd51dab06057c56547cce8113d62e5c243ac307b7c3f360948d5
llama3.2:1b,prisoners_dilemma,family fight,28,emotional,action_a,cooperate,action_a,,1,False,prisoners_dilemma_family fight_var_28,results/evaluations/results_llama3.2_1b.csv,1617,action_a,cooperate,1b63dca7e70377c2d5bb4f058a21cdff7e6a93ba485af9ca553c691882902ce0
llama3.2:1b,prisoners_dilemma,family fight,28,generic,action_a,cooperate,action_a,,1,False,prisoners_dilemma_family fight_var_28,results/evaluations/results_llama3.2_1b.csv,1615,action_a,cooperate,5ed1488d7fc54b15cb8c2433d72006ed20fb218d79bd6123424357f2c66a369b
llama3.2:1b,prisoners_dilemma,family fight,28,rational,action_a,cooperate,action_a,,1,False,prisoners_dilemma_family fight_var_28,results/evaluations/results_llama3.2_1b.csv,1616,action_a,cooperate,d25856b754b24b69f416419b602ef501af2622d8229d1460783550ca119e18cf
llama3.2:1b,prisoners_dilemma,family fight,29,emotional,action_b,defect,action_a,,0,True,prisoners_dilemma_family fight_var_29,results/evaluations/results_llama3.2_1b.csv,1620,action_b,defect,e7c4fe468715fa871fb0a4ec10cd1a66ef4bcf0ef7d3973b0a3bbce7fc504fec
llama3.2:1b,prisoners_dilemma,family fight,29,generic,action_b,defect,action_a,,0,True,prisoners_dilemma_family fight_var_29,results/evaluations/results_llama3.2_1b.csv,1618,action_b,defect,6c6e1c4d212e053b3fc086f2f8914ab39c47b5bd7ea1ff80d97265ddbecded78
llama3.2:1b,prisoners_dilemma,family fight,29,rational,action_b,defect,action_a,,0,True,prisoners_dilemma_family fight_var_29,results/evaluations/results_llama3.2_1b.csv,1619,action_b,defect,cbc343bc1f64264c5d3cfae750ac803725bd17e147aed7774b3719507a725774
llama3.2:1b,prisoners_dilemma,family fight,3,emotional,action_b,defect,action_a,,0,True,prisoners_dilemma_family fight_var_3,results/evaluations/results_llama3.2_1b.csv,1542,action_b,defect,37c63d378f0d1e06661cab85d7d3b76aa5fa8d2d9797343ff39dc50ebfa009bc
llama3.2:1b,prisoners_dilemma,family fight,3,generic,action_b,defect,action_a,,0,True,prisoners_dilemma_family fight_var_3,results/evaluations/results_llama3.2_1b.csv,1540,action_b,defect,9c966b2a919a9923758bc22df7f6e17fac1643ee2b2ad70d3c7cf89d39aec37b
llama3.2:1b,prisoners_dilemma,family fight,3,rational,action_b,defect,action_a,,0,True,prisoners_dilemma_family fight_var_3,results/evaluations/results_llama3.2_1b.csv,1541,action_b,defect,4f1568e62c0e6f6b12d2f25be55e6904485c7c8433fce24d3d0d23a2a55ca7f0
llama3.2:1b,prisoners_dilemma,family fight,4,emotional,action_a,cooperate,action_a,,1,False,prisoners_dilemma_family fight_var_4,results/evaluations/results_llama3.2_1b.csv,1545,action_a,cooperate,69739fb5ab5ef340c0c3d0aae43d6ade257c508a6bb94a43de750e7021f1ab32
llama3.2:1b,prisoners_dilemma,family fight,4,generic,action_a,cooperate,action_a,,1,False,prisoners_dilemma_family fight_var_4,results/evaluations/results_llama3.2_1b.csv,1543,action_a,cooperate,5027422a80a4e18287e2d46844b237291cdcf9d086c2fa9bbbdd18536605129e
llama3.2:1b,prisoners_dilemma,family fight,4,rational,action_a,cooperate,action_a,,1,False,prisoners_dilemma_family fight_var_4,results/evaluations/results_llama3.2_1b.csv,1544,action_a,cooperate,8c49c752bccdd4f1eda3cf99de91d5b10e145dcd16db215edb6fba71a113a6c6
llama3.2:1b,prisoners_dilemma,family fight,5,emotional,action_b,defect,action_a,,0,True,prisoners_dilemma_family fight_var_5,results/evaluations/results_llama3.2_1b.csv,1548,action_b,defect,29a3315ac35ccc34f11d154ed6ba02efe03f761c73c257fa6f0bb8431f7feb6a
llama3.2:1b,prisoners_dilemma,family fight,5,generic,action_b,defect,action_a,,0,True,prisoners_dilemma_family fight_var_5,results/evaluations/results_llama3.2_1b.csv,1546,action_b,defect,86d4dd35e6b280fea30222f938782c2c03c166bce61865d8984e80bda48f1967
llama3.2:1b,prisoners_dilemma,family fight,5,rational,action_b,defect,action_a,,0,True,prisoners_dilemma_family fight_var_5,results/evaluations/results_llama3.2_1b.csv,1547,action_b,defect,7b510ccbecbff29c28ad22cc95de52b9e2fc6cb51d7acb5e81169e069174b4ed
llama3.2:1b,prisoners_dilemma,family fight,6,emotional,action_a,cooperate,action_a,,1,False,prisoners_dilemma_family fight_var_6,results/evaluations/results_llama3.2_1b.csv,1551,action_a,cooperate,b7ccf77b2893114f5008bc3d7ac6ce889db54b5fa2873017ef5bc4fac10e456e
llama3.2:1b,prisoners_dilemma,family fight,6,generic,action_a,cooperate,action_a,,1,False,prisoners_dilemma_family fight_var_6,results/evaluations/results_llama3.2_1b.csv,1549,action_a,cooperate,f33c15c1b8037d809561dfb7a3a5af795ac2aff072ffe137fd188b17cebe9d96
llama3.2:1b,prisoners_dilemma,family fight,6,rational,action_a,cooperate,action_a,,1,False,prisoners_dilemma_family fight_var_6,results/evaluations/results_llama3.2_1b.csv,1550,action_a,cooperate,977af0d3fb5e4e02ab7104456d3a1e53ad065506e129bcbc79de90742d2e8128
llama3.2:1b,prisoners_dilemma,family fight,7,emotional,action_b,defect,action_a,,0,True,prisoners_dilemma_family fight_var_7,results/evaluations/results_llama3.2_1b.csv,1554,action_b,defect,e7f116f53d88f1a4b376441232f5625f7410bc38500e17eb90d47d79f50066f1
llama3.2:1b,prisoners_dilemma,family fight,7,generic,action_b,defect,action_a,,0,True,prisoners_dilemma_family fight_var_7,results/evaluations/results_llama3.2_1b.csv,1552,action_b,defect,05b0c5c15dc40d468bf0a7b3cf7124c070d6d7cde04930fc8b8120a87b1d4da5
llama3.2:1b,prisoners_dilemma,family fight,7,rational,action_b,defect,action_a,,0,True,prisoners_dilemma_family fight_var_7,results/evaluations/results_llama3.2_1b.csv,1553,action_b,defect,02fef4a50217db06a0ae8bff604420ec01c266fb6322be34126db7e611f48015
llama3.2:1b,prisoners_dilemma,family fight,8,emotional,action_a,cooperate,action_a,,1,False,prisoners_dilemma_family fight_var_8,results/evaluations/results_llama3.2_1b.csv,1557,action_a,cooperate,57b156cfeb5fd18995d999b1a06ebc97fcbe886ff2d07b7063d4954eacd6d500
llama3.2:1b,prisoners_dilemma,family fight,8,generic,action_a,cooperate,action_a,,1,False,prisoners_dilemma_family fight_var_8,results/evaluations/results_llama3.2_1b.csv,1555,action_a,cooperate,76ea4a05a6f48aaad9666b8b2ea36dd0380643883fcd0c4aeac82cee5986a2a8
llama3.2:1b,prisoners_dilemma,family fight,8,rational,action_a,cooperate,action_a,,1,False,prisoners_dilemma_family fight_var_8,results/evaluations/results_llama3.2_1b.csv,1556,action_a,cooperate,f813eaef1fa8c915e183e9cc46faab0fc371dcc29bd2b0d95636ce650fdc74a7
llama3.2:1b,prisoners_dilemma,family fight,9,emotional,action_b,defect,action_a,,0,True,prisoners_dilemma_family fight_var_9,results/evaluations/results_llama3.2_1b.csv,1560,action_b,defect,d0dab9d021ce15d1f0dfc11945164c8883f1c208620350036c1b3cda5127ed60
llama3.2:1b,prisoners_dilemma,family fight,9,generic,action_b,defect,action_a,,0,True,prisoners_dilemma_family fight_var_9,results/evaluations/results_llama3.2_1b.csv,1558,action_b,defect,7fc2dffe944e1266c454db4db0f61cb26f40ddda3713c2866d999d61ec42f7b5
llama3.2:1b,prisoners_dilemma,family fight,9,rational,action_b,defect,action_a,,0,True,prisoners_dilemma_family fight_var_9,results/evaluations/results_llama3.2_1b.csv,1559,action_b,defect,cc2b064cfba7ee5f62d912ec99c63a234a343e9b3d079f786fb5404cb8a5c51c
llama3.2:1b,prisoners_dilemma,game_show,0,emotional,action_a,cooperate,action_a,,1,False,prisoners_dilemma_game_show_var_0,results/evaluations/results_llama3.2_1b.csv,1623,action_a,cooperate,d4947712177322537d004bd81e3ebe2d8d79bd223e6e923cf591d0512304e88d
llama3.2:1b,prisoners_dilemma,game_show,0,generic,action_a,cooperate,action_a,,1,False,prisoners_dilemma_game_show_var_0,results/evaluations/results_llama3.2_1b.csv,1621,action_a,cooperate,923a552907d83f6a850a76346010c4a5389b0e98d76f4314834b1579857bb9e4
llama3.2:1b,prisoners_dilemma,game_show,0,rational,action_a,cooperate,action_a,,1,False,prisoners_dilemma_game_show_var_0,results/evaluations/results_llama3.2_1b.csv,1622,action_a,cooperate,5b85dae70c49f6211a45f6998993b3fa4691e9b89ab5ec726750ad850f85eb3b
llama3.2:1b,prisoners_dilemma,game_show,1,emotional,action_b,defect,action_a,,0,True,prisoners_dilemma_game_show_var_1,results/evaluations/results_llama3.2_1b.csv,1626,action_b,defect,2c96abcd37efa4fa0aef0369aef5e450dc54d99a20c37b5707c1a33ac746afaf
llama3.2:1b,prisoners_dilemma,game_show,1,generic,action_b,defect,action_a,,0,True,prisoners_dilemma_game_show_var_1,results/evaluations/results_llama3.2_1b.csv,1624,action_b,defect,b899ee24d3c1f496f73b27d1eb916285541a5a8c4c1f4f2e2559a65dd4b7cca4
llama3.2:1b,prisoners_dilemma,game_show,1,rational,action_b,defect,action_a,,0,True,prisoners_dilemma_game_show_var_1,results/evaluations/results_llama3.2_1b.csv,1625,action_b,defect,6593c7af06d0b739a49805159c8768b97b8ba0d21d9cfb21b628e9ea50276293
llama3.2:1b,prisoners_dilemma,game_show,10,emotional,action_a,cooperate,action_a,,1,False,prisoners_dilemma_game_show_var_10,results/evaluations/results_llama3.2_1b.csv,1653,action_a,cooperate,03432a756a6874e79f8960f7e76b81b68309221fc63decaaee3dba8f265b42b9
llama3.2:1b,prisoners_dilemma,game_show,10,generic,action_a,cooperate,action_a,,1,False,prisoners_dilemma_game_show_var_10,results/evaluations/results_llama3.2_1b.csv,1651,action_a,cooperate,6b8acd088907b40dde432604eeb48ab725f2188f7f53aad96c3e58511a22c623
llama3.2:1b,prisoners_dilemma,game_show,10,rational,action_a,cooperate,action_a,,1,False,prisoners_dilemma_game_show_var_10,results/evaluations/results_llama3.2_1b.csv,1652,action_a,cooperate,097f8dafc5615f228bb4d4967d010b193cc2c0cc5675b8df430a6b4c654ab091
llama3.2:1b,prisoners_dilemma,game_show,11,emotional,action_b,defect,action_a,,0,True,prisoners_dilemma_game_show_var_11,results/evaluations/results_llama3.2_1b.csv,1656,action_b,defect,6bb9375cb03dd5a671326b7e0f679e00fa69130adfc8dc9818eb86fc4dcfb049
llama3.2:1b,prisoners_dilemma,game_show,11,generic,action_b,defect,action_a,,0,True,prisoners_dilemma_game_show_var_11,results/evaluations/results_llama3.2_1b.csv,1654,action_b,defect,1c0578775d226206de0373bcf62ba953fa43747605bc348f84665b2b6220a78d
llama3.2:1b,prisoners_dilemma,game_show,11,rational,action_b,defect,action_a,,0,True,prisoners_dilemma_game_show_var_11,results/evaluations/results_llama3.2_1b.csv,1655,action_b,defect,5794cbed58b6f50f7f34e77bd4cc53b9c63416b5eaa58e79bef1651e60266d81
llama3.2:1b,prisoners_dilemma,game_show,12,emotional,action_a,cooperate,action_a,,1,False,prisoners_dilemma_game_show_var_12,results/evaluations/results_llama3.2_1b.csv,1659,action_a,cooperate,178bd7015100576a12bdf3f29597b4c95f1bc0715d63414f806ed3fc058261a5
llama3.2:1b,prisoners_dilemma,game_show,12,generic,action_a,cooperate,action_a,,1,False,prisoners_dilemma_game_show_var_12,results/evaluations/results_llama3.2_1b.csv,1657,action_a,cooperate,4dcbedd26a6513ab825583763255b59bb3ea16d808ef28ab42ee3f5381dedf9a
llama3.2:1b,prisoners_dilemma,game_show,12,rational,action_a,cooperate,action_a,,1,False,prisoners_dilemma_game_show_var_12,results/evaluations/results_llama3.2_1b.csv,1658,action_a,cooperate,be07e3e700230b6b7ae307935abb3172981453cf23bc521807e669167438e9e2
llama3.2:1b,prisoners_dilemma,game_show,13,emotional,action_b,defect,action_a,,0,True,prisoners_dilemma_game_show_var_13,results/evaluations/results_llama3.2_1b.csv,1662,action_b,defect,b0505d982a1516203cf2a00c1af5d637459ba1a5673f68f3d33630bbe425de3a
llama3.2:1b,prisoners_dilemma,game_show,13,generic,action_b,defect,action_a,,0,True,prisoners_dilemma_game_show_var_13,results/evaluations/results_llama3.2_1b.csv,1660,action_b,defect,5e67abc1c91cfad522b31688c83c4c28926dee5bd609517e5a7c52f056a518c1
llama3.2:1b,prisoners_dilemma,game_show,13,rational,action_b,defect,action_a,,0,True,prisoners_dilemma_game_show_var_13,results/evaluations/results_llama3.2_1b.csv,1661,action_b,defect,dac8837f9519737e0cb628650bbeb5acc01a08a06d5d96f85c6f86aad48f6bbd
llama3.2:1b,prisoners_dilemma,game_show,14,emotional,action_a,cooperate,action_a,,1,False,prisoners_dilemma_game_show_var_14,results/evaluations/results_llama3.2_1b.csv,1665,action_a,cooperate,4ef62ced29643bc8e83871cad527545fac796113d56b019550409bec28469a49
llama3.2:1b,prisoners_dilemma,game_show,14,generic,action_a,cooperate,action_a,,1,False,prisoners_dilemma_game_show_var_14,results/evaluations/results_llama3.2_1b.csv,1663,action_a,cooperate,5e7e01d80983b35e21165a1ab5b736d080746ee8b76097de6aa96701b01e0f98
llama3.2:1b,prisoners_dilemma,game_show,14,rational,action_a,cooperate,action_a,,1,False,prisoners_dilemma_game_show_var_14,results/evaluations/results_llama3.2_1b.csv,1664,action_a,cooperate,ce8a95869f32abcaff847d6cdaacc1e1ff211858b46eae78cfbe96fa2f019397
llama3.2:1b,prisoners_dilemma,game_show,15,emotional,action_b,defect,action_a,,0,True,prisoners_dilemma_game_show_var_15,results/evaluations/results_llama3.2_1b.csv,1668,action_b,defect,a2e2091dab476a5494653633c5d71cd202771d9bedc08f332f863dce9f713222
llama3.2:1b,prisoners_dilemma,game_show,15,generic,action_b,defect,action_a,,0,True,prisoners_dilemma_game_show_var_15,results/evaluations/results_llama3.2_1b.csv,1666,action_b,defect,88ee699745af633a67218c2a19f0047c01cc9208437cdb7ce8ae182e841664e7
llama3.2:1b,prisoners_dilemma,game_show,15,rational,action_b,defect,action_a,,0,True,prisoners_dilemma_game_show_var_15,results/evaluations/results_llama3.2_1b.csv,1667,action_b,defect,6fcd5d38d818b2dd88c6216d757cbb69e52e9a08384a7f99cd8fabaa0414bece
llama3.2:1b,prisoners_dilemma,game_show,16,emotional,action_a,cooperate,action_a,,1,False,prisoners_dilemma_game_show_var_16,results/evaluations/results_llama3.2_1b.csv,1671,action_a,cooperate,a69e7b1a9c13aa9c9ecb3b134ef057addcc14d696f227aee677d2387528781ed
llama3.2:1b,prisoners_dilemma,game_show,16,generic,action_a,cooperate,action_a,,1,False,prisoners_dilemma_game_show_var_16,results/evaluations/results_llama3.2_1b.csv,1669,action_a,cooperate,e4e167c401779a3547a634bf756855520ff363747f33ff617fc8e9177871111f
llama3.2:1b,prisoners_dilemma,game_show,16,rational,action_a,cooperate,action_a,,1,False,prisoners_dilemma_game_show_var_16,results/evaluations/results_llama3.2_1b.csv,1670,action_a,cooperate,e809f109e8e103787cd38b94ecbf3d457fbf5367914c195b0a5740aaa447c850
llama3.2:1b,prisoners_dilemma,game_show,17,emotional,action_b,defect,action_a,,0,True,prisoners_dilemma_game_show_var_17,results/evaluations/results_llama3.2_1b.csv,1674,action_b,defect,4dc38618aba33d91c0cf351fd5e045a4b74f59a5217ea0ab312a0601bee750fe
llama3.2:1b,prisoners_dilemma,game_show,17,generic,action_b,defect,action_a,,0,True,prisoners_dilemma_game_show_var_17,results/evaluations/results_llama3.2_1b.csv,1672,action_b,defect,b1e3f415d04ecaab39ea60a34cbeb668f1cea4947eb5c40f9a1d0e461ca6549e
llama3.2:1b,prisoners_dilemma,game_show,17,rational,action_b,defect,action_a,,0,True,prisoners_dilemma_game_show_var_17,results/evaluations/results_llama3.2_1b.csv,1673,action_b,defect,42f4da62b4b8c39637313ab194a80c293ce1e881b3a6066a33f00cf2d827d382
llama3.2:1b,prisoners_dilemma,game_show,18,emotional,action_a,cooperate,action_a,,1,False,prisoners_dilemma_game_show_var_18,results/evaluations/results_llama3.2_1b.csv,1677,action_a,cooperate,f022da23cf6f021eb104781944733baa62261a50c4e1b8a02b88ebcc8a8ec873
llama3.2:1b,prisoners_dilemma,game_show,18,generic,action_a,cooperate,action_a,,1,False,prisoners_dilemma_game_show_var_18,results/evaluations/results_llama3.2_1b.csv,1675,action_a,cooperate,6d4c39ceaf3fabc2e759e202d1fc84f2157c87aeeedf920234f9aa94a3333b6c
llama3.2:1b,prisoners_dilemma,game_show,18,rational,action_a,cooperate,action_a,,1,False,prisoners_dilemma_game_show_var_18,results/evaluations/results_llama3.2_1b.csv,1676,action_a,cooperate,67f5cc15bfb7e530b243d3c71d27d3c234221aae854d93bce5d5fa3cadaeb595
llama3.2:1b,prisoners_dilemma,game_show,19,emotional,action_b,defect,action_a,,0,True,prisoners_dilemma_game_show_var_19,results/evaluations/results_llama3.2_1b.csv,1680,action_b,defect,b38ca188298a5f860aea94f1a3ec95b6f37e815e450820a7b677cff1abb87c80
llama3.2:1b,prisoners_dilemma,game_show,19,generic,action_b,defect,action_a,,0,True,prisoners_dilemma_game_show_var_19,results/evaluations/results_llama3.2_1b.csv,1678,action_b,defect,97321308f56762675967c73920bd474853b0ff36b73d36bb828447aa0bb58d8c
llama3.2:1b,prisoners_dilemma,game_show,19,rational,action_b,defect,action_a,,0,True,prisoners_dilemma_game_show_var_19,results/evaluations/results_llama3.2_1b.csv,1679,action_b,defect,7ab8213f62e0bc7f8e12d16acaa2a9bf47e54ebcd5103e9753c2412e1e34adda
llama3.2:1b,prisoners_dilemma,game_show,2,emotional,action_a,cooperate,action_a,,1,False,prisoners_dilemma_game_show_var_2,results/evaluations/results_llama3.2_1b.csv,1629,action_a,cooperate,e6491d01eba03bbf105d953734b3cb1f5ef8e1846c8a5d6f405ab74c7403e6a3
llama3.2:1b,prisoners_dilemma,game_show,2,generic,action_a,cooperate,action_a,,1,False,prisoners_dilemma_game_show_var_2,results/evaluations/results_llama3.2_1b.csv,1627,action_a,cooperate,00fa9a022ca12a107adfabb568fb46adda1da4aa7762956639dfbe5173babc95
llama3.2:1b,prisoners_dilemma,game_show,2,rational,action_a,cooperate,action_a,,1,False,prisoners_dilemma_game_show_var_2,results/evaluations/results_llama3.2_1b.csv,1628,action_a,cooperate,1cf5e389d5d89c7e0fea86cdc01eb3ac5d50d340646f6e5f9f4654f3a2de192f
llama3.2:1b,prisoners_dilemma,game_show,20,emotional,action_a,cooperate,action_a,,1,False,prisoners_dilemma_game_show_var_20,results/evaluations/results_llama3.2_1b.csv,1683,action_a,cooperate,9ca31502ac36baea72636e1cc1903a8ec47c83c77df630f78bf0dc739ce5494a
llama3.2:1b,prisoners_dilemma,game_show,20,generic,action_a,cooperate,action_a,,1,False,prisoners_dilemma_game_show_var_20,results/evaluations/results_llama3.2_1b.csv,1681,action_a,cooperate,4e96b8ddc59b9941b4c7bef68fd53bc19c81770365dccff768751ec390ad72cf
llama3.2:1b,prisoners_dilemma,game_show,20,rational,action_a,cooperate,action_a,,1,False,prisoners_dilemma_game_show_var_20,results/evaluations/results_llama3.2_1b.csv,1682,action_a,cooperate,ebd12cbbf48bfc5c16d7dea893e8a7e6a6907ea9f5f976368d4838ee54642a75
llama3.2:1b,prisoners_dilemma,game_show,21,emotional,action_b,defect,action_a,,0,True,prisoners_dilemma_game_show_var_21,results/evaluations/results_llama3.2_1b.csv,1686,action_b,defect,16e7f88f1a628662074217c819c72bcdafad17965c3b72bb6918c0b7ba4cb3bf
llama3.2:1b,prisoners_dilemma,game_show,21,generic,action_b,defect,action_a,,0,True,prisoners_dilemma_game_show_var_21,results/evaluations/results_llama3.2_1b.csv,1684,action_b,defect,eea9cf1e47dc711774f71fef887f1b22d9ddbab41e8d5175e2b3858a4d61778b
llama3.2:1b,prisoners_dilemma,game_show,21,rational,action_b,defect,action_a,,0,True,prisoners_dilemma_game_show_var_21,results/evaluations/results_llama3.2_1b.csv,1685,action_b,defect,db67adaa9f3d8d4c26b9a2348055ba67c2050f9365751eae35ba9fdfac453931
llama3.2:1b,prisoners_dilemma,game_show,22,emotional,action_a,cooperate,action_a,,1,False,prisoners_dilemma_game_show_var_22,results/evaluations/results_llama3.2_1b.csv,1689,action_a,cooperate,46a806a05505b7f19e10d055c153fc7afed857c4acafc8d70ceaa5fc88a5e681
llama3.2:1b,prisoners_dilemma,game_show,22,generic,action_a,cooperate,action_a,,1,False,prisoners_dilemma_game_show_var_22,results/evaluations/results_llama3.2_1b.csv,1687,action_a,cooperate,ce19d0bf2497f87b0bd4cc91af5ee18b8541eaa63aa48c1c709171bf172a140b
llama3.2:1b,prisoners_dilemma,game_show,22,rational,action_a,cooperate,action_a,,1,False,prisoners_dilemma_game_show_var_22,results/evaluations/results_llama3.2_1b.csv,1688,action_a,cooperate,47d498f379ae710554c9629b15c8e450604ac42e566f572a59d96a836b808b9e
llama3.2:1b,prisoners_dilemma,game_show,23,emotional,action_b,defect,action_a,,0,True,prisoners_dilemma_game_show_var_23,results/evaluations/results_llama3.2_1b.csv,1692,action_b,defect,03c82c4eef94c7621e05f13953251561dca0f930f06af9bd7cb555434ee71c02
llama3.2:1b,prisoners_dilemma,game_show,23,generic,action_b,defect,action_a,,0,True,prisoners_dilemma_game_show_var_23,results/evaluations/results_llama3.2_1b.csv,1690,action_b,defect,f2eb3980fdf418dc094c1271e0946c8ed765d930f3aa4545b2cb3f4a32e4dada
llama3.2:1b,prisoners_dilemma,game_show,23,rational,action_b,defect,action_a,,0,True,prisoners_dilemma_game_show_var_23,results/evaluations/results_llama3.2_1b.csv,1691,action_b,defect,21cab619ab42e643aca0082b4e020af5dadbddc7efaf7d1b733f817b7d5d371b
llama3.2:1b,prisoners_dilemma,game_show,24,emotional,action_a,cooperate,action_a,,1,False,prisoners_dilemma_game_show_var_24,results/evaluations/results_llama3.2_1b.csv,1695,action_a,cooperate,74fa33e85247002d80791783d45a65a69cc5fd21ab10dbd1f1dae25f224872d3
llama3.2:1b,prisoners_dilemma,game_show,24,generic,action_a,cooperate,action_a,,1,False,prisoners_dilemma_game_show_var_24,results/evaluations/results_llama3.2_1b.csv,1693,action_a,cooperate,a8fe30b3f197e5e70ec18d7477659cdd7da4a3f7e77a4cb3b1bc9f569ca7496b
llama3.2:1b,prisoners_dilemma,game_show,24,rational,action_a,cooperate,action_a,,1,False,prisoners_dilemma_game_show_var_24,results/evaluations/results_llama3.2_1b.csv,1694,action_a,cooperate,d82b004d49649e7d5d1e759da100f7bd5745df79d6063a0c3ed25001e17958ef
llama3.2:1b,prisoners_dilemma,game_show,25,emotional,action_b,defect,action_a,,0,True,prisoners_dilemma_game_show_var_25,results/evaluations/results_llama3.2_1b.csv,1698,action_b,defect,5c5892b9c3774b5c35d85e89525ed5ceeb6b0235857f8949eb208cc5e139968d
llama3.2:1b,prisoners_dilemma,game_show,25,generic,action_b,defect,action_a,,0,True,prisoners_dilemma_game_show_var_25,results/evaluations/results_llama3.2_1b.csv,1696,action_b,defect,0c7e269f79111fc3c1ab8fe881f065de279b028988f80cdedc8d1ed6e5ad597e
llama3.2:1b,prisoners_dilemma,game_show,25,rational,action_b,defect,action_a,,0,True,prisoners_dilemma_game_show_var_25,results/evaluations/results_llama3.2_1b.csv,1697,action_b,defect,6a723051f58edfc8d9fef05a10908bfd95e100abf2cb38fc5a80e854534000dc
llama3.2:1b,prisoners_dilemma,game_show,26,emotional,action_a,cooperate,action_a,,1,False,prisoners_dilemma_game_show_var_26,results/evaluations/results_llama3.2_1b.csv,1701,action_a,cooperate,0a3531dcbc405fe22f5ec5514a5ec59c70df5f07ebfdf7155f648f2e8fababb4
llama3.2:1b,prisoners_dilemma,game_show,26,generic,action_a,cooperate,action_a,,1,False,prisoners_dilemma_game_show_var_26,results/evaluations/results_llama3.2_1b.csv,1699,action_a,cooperate,7281cb71e5d2306b9d1d602f2dfb3465971887a9065d84f7b7f8efbe359685ed
llama3.2:1b,prisoners_dilemma,game_show,26,rational,action_a,cooperate,action_a,,1,False,prisoners_dilemma_game_show_var_26,results/evaluations/results_llama3.2_1b.csv,1700,action_a,cooperate,18889a1cc26537b2a727a19016a8e577ce93e24cb00df57335551ddd256269fb
llama3.2:1b,prisoners_dilemma,game_show,27,emotional,action_b,defect,action_a,,0,True,prisoners_dilemma_game_show_var_27,results/evaluations/results_llama3.2_1b.csv,1704,action_b,defect,2b5bd94585ae6e35a8f877183bd37cfa7c41c7c86dbd5109340d6f2941f7e93e
llama3.2:1b,prisoners_dilemma,game_show,27,generic,action_b,defect,action_a,,0,True,prisoners_dilemma_game_show_var_27,results/evaluations/results_llama3.2_1b.csv,1702,action_b,defect,14b028f4686b22b906a4f6b33e975fc04a6ee47b9888bc36c27a72f2c774d62d
llama3.2:1b,prisoners_dilemma,game_show,27,rational,action_b,defect,action_a,,0,True,prisoners_dilemma_game_show_var_27,results/evaluations/results_llama3.2_1b.csv,1703,action_b,defect,11c14b7b1b6d6a58d0b24ff06267bcf850103c8afc100b24e0eed3d568416b0a
llama3.2:1b,prisoners_dilemma,game_show,28,emotional,action_a,cooperate,action_a,,1,False,prisoners_dilemma_game_show_var_28,results/evaluations/results_llama3.2_1b.csv,1707,action_a,cooperate,71fc55248367093adbde6eb3c2eabe51acefd10217018988f7eed33c541bebae
llama3.2:1b,prisoners_dilemma,game_show,28,generic,action_a,cooperate,action_a,,1,False,prisoners_dilemma_game_show_var_28,results/evaluations/results_llama3.2_1b.csv,1705,action_a,cooperate,ca551042f2af792604b81842ce71d85d65a8b925dbebe5c92a697e22db01ca5b
llama3.2:1b,prisoners_dilemma,game_show,28,rational,action_a,cooperate,action_a,,1,False,prisoners_dilemma_game_show_var_28,results/evaluations/results_llama3.2_1b.csv,1706,action_a,cooperate,c94eac389837900b20c432efc58b0af6a9c4869f5c1b414c746ad5adfbbf6123
llama3.2:1b,prisoners_dilemma,game_show,29,emotional,action_b,defect,action_a,,0,True,prisoners_dilemma_game_show_var_29,results/evaluations/results_llama3.2_1b.csv,1710,action_b,defect,403ebf19d0bbc65409ed0b53dcd6b86722df0a7016c7be39cf5c9627569142f5
llama3.2:1b,prisoners_dilemma,game_show,29,generic,action_b,defect,action_a,,0,True,prisoners_dilemma_game_show_var_29,results/evaluations/results_llama3.2_1b.csv,1708,action_b,defect,024f4c07d75f3b0291d1f4b618fbbfa198fe5c50d56c65e779900dcdea781d6f
llama3.2:1b,prisoners_dilemma,game_show,29,rational,action_b,defect,action_a,,0,True,prisoners_dilemma_game_show_var_29,results/evaluations/results_llama3.2_1b.csv,1709,action_b,defect,4d761c0055c81ad47bbaf7d1c58b085e702a376d73b1d320de974d47cd5eaece
llama3.2:1b,prisoners_dilemma,game_show,3,emotional,action_b,defect,action_a,,0,True,prisoners_dilemma_game_show_var_3,results/evaluations/results_llama3.2_1b.csv,1632,action_b,defect,7bce7add9ef0a2b09320cec5d15a84d16d640c1e00af0bbd6b63b721dc74590c
llama3.2:1b,prisoners_dilemma,game_show,3,generic,action_b,defect,action_a,,0,True,prisoners_dilemma_game_show_var_3,results/evaluations/results_llama3.2_1b.csv,1630,action_b,defect,1a3118b744a2f148c56e5763a11c3892f7ab1606988a9e79330299d30f76c6b2
llama3.2:1b,prisoners_dilemma,game_show,3,rational,action_b,defect,action_a,,0,True,prisoners_dilemma_game_show_var_3,results/evaluations/results_llama3.2_1b.csv,1631,action_b,defect,662f0fcba70c025b1c2597dc296e9be171ddf98eeb4596840fb0e96ed2963486
llama3.2:1b,prisoners_dilemma,game_show,4,emotional,action_a,cooperate,action_a,,1,False,prisoners_dilemma_game_show_var_4,results/evaluations/results_llama3.2_1b.csv,1635,action_a,cooperate,c952932bd9efd73bdc64b424a436a4803f22eaab258b0ea7e136d07e9b38d7e3
llama3.2:1b,prisoners_dilemma,game_show,4,generic,action_a,cooperate,action_a,,1,False,prisoners_dilemma_game_show_var_4,results/evaluations/results_llama3.2_1b.csv,1633,action_a,cooperate,8858b5bdd29810644286f447df67482d3515c40c2c0c66b2c892f2d858731233
llama3.2:1b,prisoners_dilemma,game_show,4,rational,action_a,cooperate,action_a,,1,False,prisoners_dilemma_game_show_var_4,results/evaluations/results_llama3.2_1b.csv,1634,action_a,cooperate,9a31c3acfd56937ff54e0c1caf1cc740e6d4d4a0e2d3fc38390267b8bc31b295
llama3.2:1b,prisoners_dilemma,game_show,5,emotional,action_b,defect,action_a,,0,True,prisoners_dilemma_game_show_var_5,results/evaluations/results_llama3.2_1b.csv,1638,action_b,defect,29646f2bb2526009fe4fbfaed3b1000aa8187272238b1f2b0f091c4b0feab16b
llama3.2:1b,prisoners_dilemma,game_show,5,generic,action_b,defect,action_a,,0,True,prisoners_dilemma_game_show_var_5,results/evaluations/results_llama3.2_1b.csv,1636,action_b,defect,848225cf205a0f9ebdf8682276a1bf6c5d4c028a00dca124b80654230a49c5aa
llama3.2:1b,prisoners_dilemma,game_show,5,rational,action_b,defect,action_a,,0,True,prisoners_dilemma_game_show_var_5,results/evaluations/results_llama3.2_1b.csv,1637,action_b,defect,d7c5a7ac9ba5ef842363714259db582d435fd32069b6bafa730a0f815de55189
llama3.2:1b,prisoners_dilemma,game_show,6,emotional,action_a,cooperate,action_a,,1,False,prisoners_dilemma_game_show_var_6,results/evaluations/results_llama3.2_1b.csv,1641,action_a,cooperate,1c516b84f4eb4b266c64b6ec5853b2b15a68b23ab44ecbabf042cfd3aebef2cc
llama3.2:1b,prisoners_dilemma,game_show,6,generic,action_a,cooperate,action_a,,1,False,prisoners_dilemma_game_show_var_6,results/evaluations/results_llama3.2_1b.csv,1639,action_a,cooperate,70dd9538771ba7e3fc0b55c942fa63c56dd103a543637e4b324aa5cce36f6717
llama3.2:1b,prisoners_dilemma,game_show,6,rational,action_a,cooperate,action_a,,1,False,prisoners_dilemma_game_show_var_6,results/evaluations/results_llama3.2_1b.csv,1640,action_a,cooperate,efcf046a2ebf90474fcc40cdb9fdacacf6f86a3a3e3026de132b5cd4e17de5eb
llama3.2:1b,prisoners_dilemma,game_show,7,emotional,action_b,defect,action_a,,0,True,prisoners_dilemma_game_show_var_7,results/evaluations/results_llama3.2_1b.csv,1644,action_b,defect,8bdbcb8ea3fec7c7325a14b967d72fe5808b5979acbfa148e780f122d54ff130
llama3.2:1b,prisoners_dilemma,game_show,7,generic,action_b,defect,action_a,,0,True,prisoners_dilemma_game_show_var_7,results/evaluations/results_llama3.2_1b.csv,1642,action_b,defect,4a88a3cd6338dcd082385d61e3a8bfcbc5bb4790c4daaf10bed05cb34a057f23
llama3.2:1b,prisoners_dilemma,game_show,7,rational,action_b,defect,action_a,,0,True,prisoners_dilemma_game_show_var_7,results/evaluations/results_llama3.2_1b.csv,1643,action_b,defect,d76aa2b4210c7312c6331fe63ac5ca67236a3c325c012a001b2bdd2961048d5d
llama3.2:1b,prisoners_dilemma,game_show,8,emotional,action_a,cooperate,action_a,,1,False,prisoners_dilemma_game_show_var_8,results/evaluations/results_llama3.2_1b.csv,1647,action_a,cooperate,f091e11ced70d1859e688934ca0e0d0723a65a8409aef65e32fcb779ccf25329
llama3.2:1b,prisoners_dilemma,game_show,8,generic,action_a,cooperate,action_a,,1,False,prisoners_dilemma_game_show_var_8,results/evaluations/results_llama3.2_1b.csv,1645,action_a,cooperate,1bb83b813696a625d6665c447e8aa34ab5bcc38fe8cf620211d12c6017262f5e
llama3.2:1b,prisoners_dilemma,game_show,8,rational,action_a,cooperate,action_a,,1,False,prisoners_dilemma_game_show_var_8,results/evaluations/results_llama3.2_1b.csv,1646,action_a,cooperate,2b0c9259de9b6537ffba9259a4f9a30b47a5512e2e22fa8c704465a0891f747e
llama3.2:1b,prisoners_dilemma,game_show,9,emotional,action_b,defect,action_a,,0,True,prisoners_dilemma_game_show_var_9,results/evaluations/results_llama3.2_1b.csv,1650,action_b,defect,26c90e6caa80496471bc304584c0b053ba99b309cd8624ab69529e41ca7fb4d2
llama3.2:1b,prisoners_dilemma,game_show,9,generic,action_b,defect,action_a,,0,True,prisoners_dilemma_game_show_var_9,results/evaluations/results_llama3.2_1b.csv,1648,action_b,defect,6c3a244ab020adf5d61e076f63a2eba741f226eb54921ae237aed14c7f47cb21
llama3.2:1b,prisoners_dilemma,game_show,9,rational,action_b,defect,action_a,,0,True,prisoners_dilemma_game_show_var_9,results/evaluations/results_llama3.2_1b.csv,1649,action_b,defect,49dd56697ae9cc87286b07f6279c242f8b48d6e4fd8644f65393e03dd61a11bc
llama3.2:1b,prisoners_dilemma,war,0,emotional,action_a,cooperate,action_a,,1,False,prisoners_dilemma_war_var_0,results/evaluations/results_llama3.2_1b.csv,1713,action_a,cooperate,16208e78d00fee86af83ddcf42b5918b7c87fb04216a1c0f1ee50146e85931c1
llama3.2:1b,prisoners_dilemma,war,0,generic,action_a,cooperate,action_a,,1,False,prisoners_dilemma_war_var_0,results/evaluations/results_llama3.2_1b.csv,1711,action_a,cooperate,543e7ef4e2216fdb1302ab1cf711e9fa0d0e0bb1431019b3a031a38c156d627a
llama3.2:1b,prisoners_dilemma,war,0,rational,action_a,cooperate,action_a,,1,False,prisoners_dilemma_war_var_0,results/evaluations/results_llama3.2_1b.csv,1712,action_a,cooperate,c8e3c4a0367b8c29bd3df59514f74b9bfb683539129b73d35afc752c4cfbbb48
llama3.2:1b,prisoners_dilemma,war,1,emotional,action_b,defect,action_a,,0,True,prisoners_dilemma_war_var_1,results/evaluations/results_llama3.2_1b.csv,1716,action_b,defect,d8e19c16fdf3e3ed5e52848ad3d4cfff3ef1cebc9aa520acabc5b867766866fa
llama3.2:1b,prisoners_dilemma,war,1,generic,action_b,defect,action_a,,0,True,prisoners_dilemma_war_var_1,results/evaluations/results_llama3.2_1b.csv,1714,action_b,defect,d510c263e2c2d8526d94b29d5fe10126192bc81d3de19c9a99c72e4e6050be6a
llama3.2:1b,prisoners_dilemma,war,1,rational,action_b,defect,action_a,,0,True,prisoners_dilemma_war_var_1,results/evaluations/results_llama3.2_1b.csv,1715,action_b,defect,32aaa7d805c858ac453e816d853f1f33e40a28cd9962301a4a79573263874f75
llama3.2:1b,prisoners_dilemma,war,10,emotional,action_a,cooperate,action_a,,1,False,prisoners_dilemma_war_var_10,results/evaluations/results_llama3.2_1b.csv,1743,action_a,cooperate,33d26162ac04a4ab0a0b3805d2fc80bbb681726e141f6c80ced2fcde1404d256
llama3.2:1b,prisoners_dilemma,war,10,generic,action_a,cooperate,action_a,,1,False,prisoners_dilemma_war_var_10,results/evaluations/results_llama3.2_1b.csv,1741,action_a,cooperate,d11a416a0a49d45ccd4463361c55e118ea72520492002f25fc53679e6e2bed86
llama3.2:1b,prisoners_dilemma,war,10,rational,action_a,cooperate,action_a,,1,False,prisoners_dilemma_war_var_10,results/evaluations/results_llama3.2_1b.csv,1742,action_a,cooperate,51a36bf62545d15db034b01df7d150e984dd89ac8739775a88f71313455e63db
llama3.2:1b,prisoners_dilemma,war,11,emotional,action_b,defect,action_a,,0,True,prisoners_dilemma_war_var_11,results/evaluations/results_llama3.2_1b.csv,1746,action_b,defect,5c9bf829293001c0862a50cb4f811dbdcf079669bf5e3fe5ed970efdc3c76979
llama3.2:1b,prisoners_dilemma,war,11,generic,action_b,defect,action_a,,0,True,prisoners_dilemma_war_var_11,results/evaluations/results_llama3.2_1b.csv,1744,action_b,defect,b2cc1ae27df0d378904e9737d9762c6e60567fee629795a13356315701b44fb0
llama3.2:1b,prisoners_dilemma,war,11,rational,action_b,defect,action_a,,0,True,prisoners_dilemma_war_var_11,results/evaluations/results_llama3.2_1b.csv,1745,action_b,defect,f5c92c97f0562af3764642e91e6f8fe6be16742292a065558cb803bbd5079922
llama3.2:1b,prisoners_dilemma,war,12,emotional,action_a,cooperate,action_a,,1,False,prisoners_dilemma_war_var_12,results/evaluations/results_llama3.2_1b.csv,1749,action_a,cooperate,4e37f6a6da845efdaa26c690a4a5578881391dc9356430d2c617f9631bf04af0
llama3.2:1b,prisoners_dilemma,war,12,generic,action_a,cooperate,action_a,,1,False,prisoners_dilemma_war_var_12,results/evaluations/results_llama3.2_1b.csv,1747,action_a,cooperate,9719ef5e17984a97fbbb614925b733cb2cadaf531acef5bd93b1c1b61e9245be
llama3.2:1b,prisoners_dilemma,war,12,rational,action_a,cooperate,action_a,,1,False,prisoners_dilemma_war_var_12,results/evaluations/results_llama3.2_1b.csv,1748,action_a,cooperate,106618e338d1cd8dd096a583d122b0aa24712000852ca981c8fd510eaad539bd
llama3.2:1b,prisoners_dilemma,war,13,emotional,action_b,defect,action_a,,0,True,prisoners_dilemma_war_var_13,results/evaluations/results_llama3.2_1b.csv,1752,action_b,defect,5df03a288bcb941e85e505c17128b78c3c1b82bd5148bb650f5151c29bdd0a73
llama3.2:1b,prisoners_dilemma,war,13,generic,action_b,defect,action_a,,0,True,prisoners_dilemma_war_var_13,results/evaluations/results_llama3.2_1b.csv,1750,action_b,defect,b76cedbe335cd4d0fb9c3dcede67e98870689d486de87943d5b71686cbf0a7f1
llama3.2:1b,prisoners_dilemma,war,13,rational,action_b,defect,action_a,,0,True,prisoners_dilemma_war_var_13,results/evaluations/results_llama3.2_1b.csv,1751,action_b,defect,36bcb7944e1eebc7bd80ebe94bcf5a821bd013ebb6ebba7362f3af7d47a35ea3
llama3.2:1b,prisoners_dilemma,war,14,emotional,action_a,cooperate,action_a,,1,False,prisoners_dilemma_war_var_14,results/evaluations/results_llama3.2_1b.csv,1755,action_a,cooperate,5b12198660675f1fe2673ed5cb1b1ca3a37cc3a853e29bd5d2cb30b4fa0be455
llama3.2:1b,prisoners_dilemma,war,14,generic,action_a,cooperate,action_a,,1,False,prisoners_dilemma_war_var_14,results/evaluations/results_llama3.2_1b.csv,1753,action_a,cooperate,3f0cd210a748720233abd645085b4e7700f391ba3046509d5caa4eb7516dabe5
llama3.2:1b,prisoners_dilemma,war,14,rational,action_a,cooperate,action_a,,1,False,prisoners_dilemma_war_var_14,results/evaluations/results_llama3.2_1b.csv,1754,action_a,cooperate,62df8bc0f92fc1e4109a85e27341c2a870a0bf416a56a98c78eba3d72c083e72
llama3.2:1b,prisoners_dilemma,war,15,emotional,action_b,defect,action_a,,0,True,prisoners_dilemma_war_var_15,results/evaluations/results_llama3.2_1b.csv,1758,action_b,defect,6967043d0810df4d15bac39a7c0239239fdd3f1b2ec895912ba28be5900d50ea
llama3.2:1b,prisoners_dilemma,war,15,generic,action_b,defect,action_a,,0,True,prisoners_dilemma_war_var_15,results/evaluations/results_llama3.2_1b.csv,1756,action_b,defect,ddb0062910eec0ba4b84acb6060dc179a27f8d4f20964b00a5265ab1d5380be4
llama3.2:1b,prisoners_dilemma,war,15,rational,action_b,defect,action_a,,0,True,prisoners_dilemma_war_var_15,results/evaluations/results_llama3.2_1b.csv,1757,action_b,defect,039f0a8f41c094a5787af3b652eafa2b0aa6c890331764a369fac8860b1d9fa6
llama3.2:1b,prisoners_dilemma,war,16,emotional,action_a,cooperate,action_a,,1,False,prisoners_dilemma_war_var_16,results/evaluations/results_llama3.2_1b.csv,1761,action_a,cooperate,bf5c14895840a987eae92f9f984fedcae0f0c9aa071b1376e0bdd29b86f020d5
llama3.2:1b,prisoners_dilemma,war,16,generic,action_a,cooperate,action_a,,1,False,prisoners_dilemma_war_var_16,results/evaluations/results_llama3.2_1b.csv,1759,action_a,cooperate,611691dc2559e1b3635c633aacafa25fe7cb754979b3e299ff3f79219d749e28
llama3.2:1b,prisoners_dilemma,war,16,rational,action_a,cooperate,action_a,,1,False,prisoners_dilemma_war_var_16,results/evaluations/results_llama3.2_1b.csv,1760,action_a,cooperate,0988d42533418e232f3bd423cf126fd4142e774ceaeaced69b34534ec65f52b9
llama3.2:1b,prisoners_dilemma,war,17,emotional,action_b,defect,action_a,,0,True,prisoners_dilemma_war_var_17,results/evaluations/results_llama3.2_1b.csv,1764,action_b,defect,e851c8434bab4779084a311b5a25822f60f64eb984f1a874144534c19f6f8759
llama3.2:1b,prisoners_dilemma,war,17,generic,action_b,defect,action_a,,0,True,prisoners_dilemma_war_var_17,results/evaluations/results_llama3.2_1b.csv,1762,action_b,defect,7c7d5a6bcdd90d6640dccba0bf2646169ddcfff11dce5500ca8c836db81d4ac6
llama3.2:1b,prisoners_dilemma,war,17,rational,action_b,defect,action_a,,0,True,prisoners_dilemma_war_var_17,results/evaluations/results_llama3.2_1b.csv,1763,action_b,defect,5eafd6ba0265b1fb671951816a665a13bc0300a251c16a6f053a6fa1dad25fe4
llama3.2:1b,prisoners_dilemma,war,18,emotional,action_a,cooperate,action_a,,1,False,prisoners_dilemma_war_var_18,results/evaluations/results_llama3.2_1b.csv,1767,action_a,cooperate,b046593ef17464de253a3c88e6f0b2b2dd9e24a2de345581fe3409c306a383e7
llama3.2:1b,prisoners_dilemma,war,18,generic,action_a,cooperate,action_a,,1,False,prisoners_dilemma_war_var_18,results/evaluations/results_llama3.2_1b.csv,1765,action_a,cooperate,002e4d608b1a9efe734bb662db13b2b3a4c84e4084c520d601562519ba231cf5
llama3.2:1b,prisoners_dilemma,war,18,rational,action_a,cooperate,action_a,,1,False,prisoners_dilemma_war_var_18,results/evaluations/results_llama3.2_1b.csv,1766,action_a,cooperate,f674993f30c65ec55e5e511bc7069678749cf49633542925ae3094c189f69a90
llama3.2:1b,prisoners_dilemma,war,19,emotional,action_b,defect,action_a,,0,True,prisoners_dilemma_war_var_19,results/evaluations/results_llama3.2_1b.csv,1770,action_b,defect,35aef627253c928e1190ecdb17f02ea31a77a34050b367c3ca62760b2db6fb30
llama3.2:1b,prisoners_dilemma,war,19,generic,action_b,defect,action_a,,0,True,prisoners_dilemma_war_var_19,results/evaluations/results_llama3.2_1b.csv,1768,action_b,defect,afef0df2b52933c448fa64f668cef9dde0445d5abfa008d902813208bb80bac7
llama3.2:1b,prisoners_dilemma,war,19,rational,action_b,defect,action_a,,0,True,prisoners_dilemma_war_var_19,results/evaluations/results_llama3.2_1b.csv,1769,action_b,defect,05d47f6495ac1b97c8dbba3f4146dfe98d981febc761d59167d205602d8968fb
llama3.2:1b,prisoners_dilemma,war,2,emotional,action_a,cooperate,action_a,,1,False,prisoners_dilemma_war_var_2,results/evaluations/results_llama3.2_1b.csv,1719,action_a,cooperate,1cbc0ce3daeee59bcccf8a46a2afaaffc86cdbd07bc086c6202c44bab119b2d2
llama3.2:1b,prisoners_dilemma,war,2,generic,action_a,cooperate,action_a,,1,False,prisoners_dilemma_war_var_2,results/evaluations/results_llama3.2_1b.csv,1717,action_a,cooperate,3ef7d8eb71f583a101ffd6714c13d3bfdc7651f7a4fb8dac79e5b4191057772c
llama3.2:1b,prisoners_dilemma,war,2,rational,action_a,cooperate,action_a,,1,False,prisoners_dilemma_war_var_2,results/evaluations/results_llama3.2_1b.csv,1718,action_a,cooperate,8e9720ffbc45b26edcc7c92ad039f74c2bf0a7cfb5d600964982e86d7310b980
llama3.2:1b,prisoners_dilemma,war,20,emotional,action_a,cooperate,action_a,,1,False,prisoners_dilemma_war_var_20,results/evaluations/results_llama3.2_1b.csv,1773,action_a,cooperate,e89d4208adeb0418e1cd208825c22dc3957b9c5b42a7965b431a7c227c32cfc0
llama3.2:1b,prisoners_dilemma,war,20,generic,action_a,cooperate,action_a,,1,False,prisoners_dilemma_war_var_20,results/evaluations/results_llama3.2_1b.csv,1771,action_a,cooperate,b1601c5fea792b513be064c0368230a754c83bf513d35453e2677c21ee65b024
llama3.2:1b,prisoners_dilemma,war,20,rational,action_a,cooperate,action_a,,1,False,prisoners_dilemma_war_var_20,results/evaluations/results_llama3.2_1b.csv,1772,action_a,cooperate,bab72bac6cb93eb693591b9923eeee7f245e12a44a8a88583674d481ad92239e
llama3.2:1b,prisoners_dilemma,war,21,emotional,action_b,defect,action_a,,0,True,prisoners_dilemma_war_var_21,results/evaluations/results_llama3.2_1b.csv,1776,action_b,defect,3e827dc7c2e68903cac4c4b38ca54da79c81141b377b968c0cc41741ce12ff50
llama3.2:1b,prisoners_dilemma,war,21,generic,action_b,defect,action_a,,0,True,prisoners_dilemma_war_var_21,results/evaluations/results_llama3.2_1b.csv,1774,action_b,defect,7db7650ceed994d2b539c711e17bd278af13d4cfebeecf520afc85e8ab6aac72
llama3.2:1b,prisoners_dilemma,war,21,rational,action_b,defect,action_a,,0,True,prisoners_dilemma_war_var_21,results/evaluations/results_llama3.2_1b.csv,1775,action_b,defect,2b9f6de98cd5b0c1f80c053b175f53b4c6938b5cf4b6861c35c5fe53c6689068
llama3.2:1b,prisoners_dilemma,war,22,emotional,action_a,cooperate,action_a,,1,False,prisoners_dilemma_war_var_22,results/evaluations/results_llama3.2_1b.csv,1779,action_a,cooperate,ae044fa07f71ca9bc5d44a42af0f4b4fe3aad726bd17d497a755cd18169d4132
llama3.2:1b,prisoners_dilemma,war,22,generic,action_a,cooperate,action_a,,1,False,prisoners_dilemma_war_var_22,results/evaluations/results_llama3.2_1b.csv,1777,action_a,cooperate,33c78f27ac0b57e4427faaf88cf5e1dffd63f030f5b9cd0e22991a98937992a4
llama3.2:1b,prisoners_dilemma,war,22,rational,action_a,cooperate,action_a,,1,False,prisoners_dilemma_war_var_22,results/evaluations/results_llama3.2_1b.csv,1778,action_a,cooperate,930f0d195d8f72f9e04bb3025946316e8db793b7252dd4e1815a41e776bcf912
llama3.2:1b,prisoners_dilemma,war,23,emotional,action_b,defect,action_a,,0,True,prisoners_dilemma_war_var_23,results/evaluations/results_llama3.2_1b.csv,1782,action_b,defect,e177aa75b54ccac693a9375ce46cc528084337a933ef1fe9aaa9afeaf99ae117
llama3.2:1b,prisoners_dilemma,war,23,generic,action_b,defect,action_a,,0,True,prisoners_dilemma_war_var_23,results/evaluations/results_llama3.2_1b.csv,1780,action_b,defect,b627ebadbf1364fab2b1e5f007a201288314f80194c7a65045daf4638f9dfeda
llama3.2:1b,prisoners_dilemma,war,23,rational,action_b,defect,action_a,,0,True,prisoners_dilemma_war_var_23,results/evaluations/results_llama3.2_1b.csv,1781,action_b,defect,61f08d30493f129b0fce8f63db1b90cb373c674a48a59e8c68a6217534003277
llama3.2:1b,prisoners_dilemma,war,24,emotional,action_a,cooperate,action_a,,1,False,prisoners_dilemma_war_var_24,results/evaluations/results_llama3.2_1b.csv,1785,action_a,cooperate,152d35fd4adf416e0203b11e8354eef42772994c91788cef42fb5e5f12ff70bd
llama3.2:1b,prisoners_dilemma,war,24,generic,action_a,cooperate,action_a,,1,False,prisoners_dilemma_war_var_24,results/evaluations/results_llama3.2_1b.csv,1783,action_a,cooperate,9ddfe3e66b9dd4e2ef795c0ae52e4fba93b4b1db49a6966db4e83c129f8ca698
llama3.2:1b,prisoners_dilemma,war,24,rational,action_a,cooperate,action_a,,1,False,prisoners_dilemma_war_var_24,results/evaluations/results_llama3.2_1b.csv,1784,action_a,cooperate,9ebfe8c5e615d23f5edb3720e68abdc4863e571a5cf166da23c578dbe47be3be
llama3.2:1b,prisoners_dilemma,war,25,emotional,action_b,defect,action_a,,0,True,prisoners_dilemma_war_var_25,results/evaluations/results_llama3.2_1b.csv,1788,action_b,defect,f7a077e9d1e1137a77bb7ba8a26674f32e228aa55f2aedb69ab6a6b6cf5a7391
llama3.2:1b,prisoners_dilemma,war,25,generic,action_b,defect,action_a,,0,True,prisoners_dilemma_war_var_25,results/evaluations/results_llama3.2_1b.csv,1786,action_b,defect,3f220833b3aa9a0beee070517214c0b035a303da2ee26dd2ba4e7fa42ff16912
llama3.2:1b,prisoners_dilemma,war,25,rational,action_b,defect,action_a,,0,True,prisoners_dilemma_war_var_25,results/evaluations/results_llama3.2_1b.csv,1787,action_b,defect,7da075772c0f43a770b6230ee901f4ba18ad01bc890595b3d25cdded92a132f5
llama3.2:1b,prisoners_dilemma,war,26,emotional,action_a,cooperate,action_a,,1,False,prisoners_dilemma_war_var_26,results/evaluations/results_llama3.2_1b.csv,1791,action_a,cooperate,57febbd9e664fe434b9026b309dc9ec789bce51881b7ea8bf0c2752fceb57056
llama3.2:1b,prisoners_dilemma,war,26,generic,action_a,cooperate,action_a,,1,False,prisoners_dilemma_war_var_26,results/evaluations/results_llama3.2_1b.csv,1789,action_a,cooperate,820b872af8bc09b05baf05c316cbca75cccf197b1307eaa77eae0f962d993782
llama3.2:1b,prisoners_dilemma,war,26,rational,action_a,cooperate,action_a,,1,False,prisoners_dilemma_war_var_26,results/evaluations/results_llama3.2_1b.csv,1790,action_a,cooperate,4b80bfeaa86b090e340588d58fc4918dcec220c59a10313febb36f0bed9557a6
llama3.2:1b,prisoners_dilemma,war,27,emotional,action_b,defect,action_a,,0,True,prisoners_dilemma_war_var_27,results/evaluations/results_llama3.2_1b.csv,1794,action_b,defect,4d2f21248892f2aa0f97b2a11ebcb67bb09423a566fdae0dbb9deb618eb9bb73
llama3.2:1b,prisoners_dilemma,war,27,generic,action_b,defect,action_a,,0,True,prisoners_dilemma_war_var_27,results/evaluations/results_llama3.2_1b.csv,1792,action_b,defect,160ff4eecb7219023be6707dd8df7d0f2b128b68f7048b273d10170c05600b7c
llama3.2:1b,prisoners_dilemma,war,27,rational,action_b,defect,action_a,,0,True,prisoners_dilemma_war_var_27,results/evaluations/results_llama3.2_1b.csv,1793,action_b,defect,3e2b4a630028efb4e5c40170f6892543a6dfa4417309e4aac205e47b75d7bf53
llama3.2:1b,prisoners_dilemma,war,28,emotional,action_a,cooperate,action_a,,1,False,prisoners_dilemma_war_var_28,results/evaluations/results_llama3.2_1b.csv,1797,action_a,cooperate,0bf6d4e5961a077e83baabb3f958df72c6ef72a4c88a3fab922741e29711a03b
llama3.2:1b,prisoners_dilemma,war,28,generic,action_a,cooperate,action_a,,1,False,prisoners_dilemma_war_var_28,results/evaluations/results_llama3.2_1b.csv,1795,action_a,cooperate,f2a8325beaef79356f25811b247926b4253a5db7f4f10e5dc3aa8f1d13ff2a97
llama3.2:1b,prisoners_dilemma,war,28,rational,action_a,cooperate,action_a,,1,False,prisoners_dilemma_war_var_28,results/evaluations/results_llama3.2_1b.csv,1796,action_a,cooperate,704aa92b90607e8f8124a88abce8a15f91503d88c85c1ca2dc5ed80c61a927ca
llama3.2:1b,prisoners_dilemma,war,29,emotional,action_b,defect,action_a,,0,True,prisoners_dilemma_war_var_29,results/evaluations/results_llama3.2_1b.csv,1800,action_b,defect,650262d6c8cf29ff64c36e19cc6e349dde2d6f5877c11e6a9b07150102138345
llama3.2:1b,prisoners_dilemma,war,29,generic,action_b,defect,action_a,,0,True,prisoners_dilemma_war_var_29,results/evaluations/results_llama3.2_1b.csv,1798,action_b,defect,72097491e66cfa02a5f116c43cfc1fc16997ffa66fc81e1c241bfb1e3e7b2a10
llama3.2:1b,prisoners_dilemma,war,29,rational,action_b,defect,action_a,,0,True,prisoners_dilemma_war_var_29,results/evaluations/results_llama3.2_1b.csv,1799,action_b,defect,93cd09898af13918f3b1df35061ecb7ba8fb26523b9c8b4390b4a69b72cee129
llama3.2:1b,prisoners_dilemma,war,3,emotional,action_b,defect,action_a,,0,True,prisoners_dilemma_war_var_3,results/evaluations/results_llama3.2_1b.csv,1722,action_b,defect,027a8dfd90d90939378c6c9097525b3f5f4f6b4812ffc5ff8f9e58e5f7f481ef
llama3.2:1b,prisoners_dilemma,war,3,generic,action_b,defect,action_a,,0,True,prisoners_dilemma_war_var_3,results/evaluations/results_llama3.2_1b.csv,1720,action_b,defect,9be3d356a3e5d790439d3697ca251308cda02c891e1bdbae886e27d2da5c2122
llama3.2:1b,prisoners_dilemma,war,3,rational,action_b,defect,action_a,,0,True,prisoners_dilemma_war_var_3,results/evaluations/results_llama3.2_1b.csv,1721,action_b,defect,8375806c4c1c3c04668f19f117ce2a94ef18c4a156fdbe2d1248444642c59f6b
llama3.2:1b,prisoners_dilemma,war,4,emotional,action_a,cooperate,action_a,,1,False,prisoners_dilemma_war_var_4,results/evaluations/results_llama3.2_1b.csv,1725,action_a,cooperate,0aafb8bcaf340f5c438e2f57d3265be0e624e0b3b871ce9fd561e57991a7a705
llama3.2:1b,prisoners_dilemma,war,4,generic,action_a,cooperate,action_a,,1,False,prisoners_dilemma_war_var_4,results/evaluations/results_llama3.2_1b.csv,1723,action_a,cooperate,8da0fc3c5d37052be992759c30280f38cc0d2929e986f70985d624c3bb918551
llama3.2:1b,prisoners_dilemma,war,4,rational,action_a,cooperate,action_a,,1,False,prisoners_dilemma_war_var_4,results/evaluations/results_llama3.2_1b.csv,1724,action_a,cooperate,abea70190d9ab3de6d912b00b07b7773eb646ce04ec22d78317bb423aed965fb
llama3.2:1b,prisoners_dilemma,war,5,emotional,action_b,defect,action_a,,0,True,prisoners_dilemma_war_var_5,results/evaluations/results_llama3.2_1b.csv,1728,action_b,defect,4350e94d2e19ec0f63d58130427025f66644d6e98cb6f5a226c7d4667ba51166
llama3.2:1b,prisoners_dilemma,war,5,generic,action_b,defect,action_a,,0,True,prisoners_dilemma_war_var_5,results/evaluations/results_llama3.2_1b.csv,1726,action_b,defect,39d3f41f50e76c8863ba5568de3f067826cc0f9e8c2cbd9c79e26017049540c3
llama3.2:1b,prisoners_dilemma,war,5,rational,action_b,defect,action_a,,0,True,prisoners_dilemma_war_var_5,results/evaluations/results_llama3.2_1b.csv,1727,action_b,defect,2a9b7bd48ca1244401d193ef0a596d10a9850c09ad1f0d6738115ff156a4592a
llama3.2:1b,prisoners_dilemma,war,6,emotional,action_a,cooperate,action_a,,1,False,prisoners_dilemma_war_var_6,results/evaluations/results_llama3.2_1b.csv,1731,action_a,cooperate,d5be98ea83146a89c864087d3a52de20b9a9368f80465d77b971c3f98ffc7dfa
llama3.2:1b,prisoners_dilemma,war,6,generic,action_a,cooperate,action_a,,1,False,prisoners_dilemma_war_var_6,results/evaluations/results_llama3.2_1b.csv,1729,action_a,cooperate,10386c6916b2ec90356a33a3ba5c0dfea801c95e4a971eec52ae5c106308729d
llama3.2:1b,prisoners_dilemma,war,6,rational,action_a,cooperate,action_a,,1,False,prisoners_dilemma_war_var_6,results/evaluations/results_llama3.2_1b.csv,1730,action_a,cooperate,c5b461d7936d09423a0200480605cdcc98a656b9d9495222917a26fce8b0d78e
llama3.2:1b,prisoners_dilemma,war,7,emotional,action_b,defect,action_a,,0,True,prisoners_dilemma_war_var_7,results/evaluations/results_llama3.2_1b.csv,1734,action_b,defect,55cff3dba47e2e371552d92e5b08ea9cf896bab3f2524ca51caaec54a92eb6d3
llama3.2:1b,prisoners_dilemma,war,7,generic,action_b,defect,action_a,,0,True,prisoners_dilemma_war_var_7,results/evaluations/results_llama3.2_1b.csv,1732,action_b,defect,2d9a25bd69cf1f31a965374a7179ebc11ac08ffc130499c00db777d626d6c87c
llama3.2:1b,prisoners_dilemma,war,7,rational,action_b,defect,action_a,,0,True,prisoners_dilemma_war_var_7,results/evaluations/results_llama3.2_1b.csv,1733,action_b,defect,9b2665e98359cf24a0fb5b8644110471b950c067a29765a0217d8c961e2a295f
llama3.2:1b,prisoners_dilemma,war,8,emotional,action_a,cooperate,action_a,,1,False,prisoners_dilemma_war_var_8,results/evaluations/results_llama3.2_1b.csv,1737,action_a,cooperate,fccc022df4a78359b8d6cb589b60c0081e99ecf980f958d956716c998a8f1af1
llama3.2:1b,prisoners_dilemma,war,8,generic,action_a,cooperate,action_a,,1,False,prisoners_dilemma_war_var_8,results/evaluations/results_llama3.2_1b.csv,1735,action_a,cooperate,02667c3fd9d78f2644068361e637c7f73fdae30d3b6c80c9facf0dba29a6f75f
llama3.2:1b,prisoners_dilemma,war,8,rational,action_a,cooperate,action_a,,1,False,prisoners_dilemma_war_var_8,results/evaluations/results_llama3.2_1b.csv,1736,action_a,cooperate,7ed05db47ce7e402d77fed099e8d5a35b0c6c5486bfa0840cce5759918ce8e6f
llama3.2:1b,prisoners_dilemma,war,9,emotional,action_b,defect,action_a,,0,True,prisoners_dilemma_war_var_9,results/evaluations/results_llama3.2_1b.csv,1740,action_b,defect,cb3908840ef2147a0e79a51d5d9898551da3e8abebf7fab3692e836f7c7b949d
llama3.2:1b,prisoners_dilemma,war,9,generic,action_b,defect,action_a,,0,True,prisoners_dilemma_war_var_9,results/evaluations/results_llama3.2_1b.csv,1738,action_b,defect,07ce6c83d935f2a62aa2f63137b9d1e10986176e0abb213517f04f5b5a23211d
llama3.2:1b,prisoners_dilemma,war,9,rational,action_b,defect,action_a,,0,True,prisoners_dilemma_war_var_9,results/evaluations/results_llama3.2_1b.csv,1739,action_b,defect,8dd60ae5a9269afcaba310e5492a4bb83e53a7108c7f20efbfb12cbceb779ce5
llama3.2:1b,stag_hunt,abstract_game_theory,0,emotional,action_a,hunt_stag,action_a,,1,False,stag_hunt_abstract_game_theory_var_0,results/evaluations/results_llama3.2_1b.csv,1803,action_a,hunt_stag,f487a19d727af8367d95bd2723d84c48fcd7d486497687e4a64fa0d4501376dc
llama3.2:1b,stag_hunt,abstract_game_theory,0,generic,action_a,hunt_stag,action_a,,1,False,stag_hunt_abstract_game_theory_var_0,results/evaluations/results_llama3.2_1b.csv,1801,action_a,hunt_stag,102e80d11529dbe7a9e0e92e4dc0761101d55270fa568da54a5286aadf242fe3
llama3.2:1b,stag_hunt,abstract_game_theory,0,rational,action_a,hunt_stag,action_a,,1,False,stag_hunt_abstract_game_theory_var_0,results/evaluations/results_llama3.2_1b.csv,1802,action_a,hunt_stag,f67c004fc5fe7ce42009eed11c19b3aab8c1beae0ccd8af6853365c2894d95b3
llama3.2:1b,stag_hunt,abstract_game_theory,1,emotional,action_b,hunt_hare,action_a,,0,True,stag_hunt_abstract_game_theory_var_1,results/evaluations/results_llama3.2_1b.csv,1806,action_b,hunt_hare,9c33371896baa4c3d6ba513353d32a296580d242239a238412d1ae0d657ae742
llama3.2:1b,stag_hunt,abstract_game_theory,1,generic,action_b,hunt_hare,action_a,,0,True,stag_hunt_abstract_game_theory_var_1,results/evaluations/results_llama3.2_1b.csv,1804,action_b,hunt_hare,27db8fd131826f09efd48e81fd9c33c2007cb330f6ad8639e816aea20d83aafb
llama3.2:1b,stag_hunt,abstract_game_theory,1,rational,action_b,hunt_hare,action_a,,0,True,stag_hunt_abstract_game_theory_var_1,results/evaluations/results_llama3.2_1b.csv,1805,action_b,hunt_hare,e31889541c967a26e435aa4cab9273e78f21ccd3c91e83ceadee3791f7c13fe2
llama3.2:1b,stag_hunt,abstract_game_theory,10,emotional,action_a,hunt_stag,action_a,,1,False,stag_hunt_abstract_game_theory_var_10,results/evaluations/results_llama3.2_1b.csv,1833,action_a,hunt_stag,26a155a6cf78fb0a433a630f36801bb863d2b16e7d32ec7e239454251e656182
llama3.2:1b,stag_hunt,abstract_game_theory,10,generic,action_a,hunt_stag,action_a,,1,False,stag_hunt_abstract_game_theory_var_10,results/evaluations/results_llama3.2_1b.csv,1831,action_a,hunt_stag,4b24d71bfefcec9ee3106cf641933140fadaf008ff1ed392c99373f167c9db6f
llama3.2:1b,stag_hunt,abstract_game_theory,10,rational,action_a,hunt_stag,action_a,,1,False,stag_hunt_abstract_game_theory_var_10,results/evaluations/results_llama3.2_1b.csv,1832,action_a,hunt_stag,f864de490af68d0d87c10e2391a4d1e6558b8b8cb54c2d08f5169a56aed7b521
llama3.2:1b,stag_hunt,abstract_game_theory,11,emotional,action_b,hunt_hare,action_a,,0,True,stag_hunt_abstract_game_theory_var_11,results/evaluations/results_llama3.2_1b.csv,1836,action_b,hunt_hare,e2bc0ca547b5ce8ebc6be1c9c10abb4790491fae5a3fe97b856909325321f447
llama3.2:1b,stag_hunt,abstract_game_theory,11,generic,action_b,hunt_hare,action_a,,0,True,stag_hunt_abstract_game_theory_var_11,results/evaluations/results_llama3.2_1b.csv,1834,action_b,hunt_hare,4bd6bc4849221b27e03f8d854b28399f7e8c323167b98e4c023ed334a81208ed
llama3.2:1b,stag_hunt,abstract_game_theory,11,rational,action_b,hunt_hare,action_a,,0,True,stag_hunt_abstract_game_theory_var_11,results/evaluations/results_llama3.2_1b.csv,1835,action_b,hunt_hare,232dddbbeec532ae1b37f0088d4525c67b57dc39aad08386a41fad0f96f0feeb
llama3.2:1b,stag_hunt,abstract_game_theory,12,emotional,action_a,hunt_stag,action_a,,1,False,stag_hunt_abstract_game_theory_var_12,results/evaluations/results_llama3.2_1b.csv,1839,action_a,hunt_stag,870b5617837bf0dbc5f83812ca235442f031f338d902b8f2102d1ac31e642089
llama3.2:1b,stag_hunt,abstract_game_theory,12,generic,action_a,hunt_stag,action_a,,1,False,stag_hunt_abstract_game_theory_var_12,results/evaluations/results_llama3.2_1b.csv,1837,action_a,hunt_stag,696ab183417bc1f19ec29e5c123c85f76206a0a753a89764a3aacef626aeef5c
llama3.2:1b,stag_hunt,abstract_game_theory,12,rational,action_a,hunt_stag,action_a,,1,False,stag_hunt_abstract_game_theory_var_12,results/evaluations/results_llama3.2_1b.csv,1838,action_a,hunt_stag,4957a04551d80d3f6438365142c288586918f1974e211d90e901e55c12e2e4c5
llama3.2:1b,stag_hunt,abstract_game_theory,13,emotional,action_b,hunt_hare,action_a,,0,True,stag_hunt_abstract_game_theory_var_13,results/evaluations/results_llama3.2_1b.csv,1842,action_b,hunt_hare,778a23956587de97fe618ec9ce49678199166399e0ab0c3348db3e33b6f26524
llama3.2:1b,stag_hunt,abstract_game_theory,13,generic,action_b,hunt_hare,action_a,,0,True,stag_hunt_abstract_game_theory_var_13,results/evaluations/results_llama3.2_1b.csv,1840,action_b,hunt_hare,6a338ff746da6c212385cc24a171397b2df309d4a60efcb21110c61f191adad8
llama3.2:1b,stag_hunt,abstract_game_theory,13,rational,action_b,hunt_hare,action_a,,0,True,stag_hunt_abstract_game_theory_var_13,results/evaluations/results_llama3.2_1b.csv,1841,action_b,hunt_hare,e680b36b473f1607c6cdf2df132efc83ac651d3fcaa0cd397650a820240fef86
llama3.2:1b,stag_hunt,abstract_game_theory,14,emotional,action_a,hunt_stag,action_a,,1,False,stag_hunt_abstract_game_theory_var_14,results/evaluations/results_llama3.2_1b.csv,1845,action_a,hunt_stag,8b915835afdb6e57f096603914948a3901ebf3f9f87eb9f4d32b8337a059a58f
llama3.2:1b,stag_hunt,abstract_game_theory,14,generic,action_a,hunt_stag,action_a,,1,False,stag_hunt_abstract_game_theory_var_14,results/evaluations/results_llama3.2_1b.csv,1843,action_a,hunt_stag,57d5337d4f01f7fa47e5adfe85b0fe654f6fd67c5b16b70851b8648854ea931e
llama3.2:1b,stag_hunt,abstract_game_theory,14,rational,action_a,hunt_stag,action_a,,1,False,stag_hunt_abstract_game_theory_var_14,results/evaluations/results_llama3.2_1b.csv,1844,action_a,hunt_stag,8466c89e248c315ef2fa13c7adbf8ca80cadba87d53ad51a53d4881aaff386f2
llama3.2:1b,stag_hunt,abstract_game_theory,15,emotional,action_b,hunt_hare,action_a,,0,True,stag_hunt_abstract_game_theory_var_15,results/evaluations/results_llama3.2_1b.csv,1848,action_b,hunt_hare,87ce9636fadc134b828be337319124d428aafa130ad5b43b1dca11e50adf47ea
llama3.2:1b,stag_hunt,abstract_game_theory,15,generic,action_b,hunt_hare,action_a,,0,True,stag_hunt_abstract_game_theory_var_15,results/evaluations/results_llama3.2_1b.csv,1846,action_b,hunt_hare,f6c157c31633b9602856ce96125bb8368fd9fb8b1264100d20953c5809e552bc
llama3.2:1b,stag_hunt,abstract_game_theory,15,rational,action_b,hunt_hare,action_a,,0,True,stag_hunt_abstract_game_theory_var_15,results/evaluations/results_llama3.2_1b.csv,1847,action_b,hunt_hare,b8747cbaec42c14c23eddbd6b59b314d57586c0004fef7ebd48d4572b90fdc5e
llama3.2:1b,stag_hunt,abstract_game_theory,16,emotional,action_a,hunt_stag,action_a,,1,False,stag_hunt_abstract_game_theory_var_16,results/evaluations/results_llama3.2_1b.csv,1851,action_a,hunt_stag,141618167ac70036f62843197bbfcd6f01eac5d5b2e2c7faa1a1039b2994ec3a
llama3.2:1b,stag_hunt,abstract_game_theory,16,generic,action_a,hunt_stag,action_a,,1,False,stag_hunt_abstract_game_theory_var_16,results/evaluations/results_llama3.2_1b.csv,1849,action_a,hunt_stag,b8d651245e66618303eb388e2b8b3bdeeae7b7bc9b8c66257c3218cfeb4f605d
llama3.2:1b,stag_hunt,abstract_game_theory,16,rational,action_a,hunt_stag,action_a,,1,False,stag_hunt_abstract_game_theory_var_16,results/evaluations/results_llama3.2_1b.csv,1850,action_a,hunt_stag,fbe9557b0db85e9c9155b7bdb51bbed558b67f038df35cdf5580fee2f01a90e5
llama3.2:1b,stag_hunt,abstract_game_theory,17,emotional,action_b,hunt_hare,action_a,,0,True,stag_hunt_abstract_game_theory_var_17,results/evaluations/results_llama3.2_1b.csv,1854,action_b,hunt_hare,2744559d3fd8a933256933a2aeaaaf35078dfd5ae2080979300776f25d52eb98
llama3.2:1b,stag_hunt,abstract_game_theory,17,generic,action_b,hunt_hare,action_a,,0,True,stag_hunt_abstract_game_theory_var_17,results/evaluations/results_llama3.2_1b.csv,1852,action_b,hunt_hare,a581168adfcd7670956ddd90ed76c1a78eb15f4529f99c297b35acdf209da227
llama3.2:1b,stag_hunt,abstract_game_theory,17,rational,action_b,hunt_hare,action_a,,0,True,stag_hunt_abstract_game_theory_var_17,results/evaluations/results_llama3.2_1b.csv,1853,action_b,hunt_hare,c5d7d347d422c362c727b3c4bb6eb37c17b8a5915f4fe174edd0549eba27a1a7
llama3.2:1b,stag_hunt,abstract_game_theory,18,emotional,action_a,hunt_stag,action_a,,1,False,stag_hunt_abstract_game_theory_var_18,results/evaluations/results_llama3.2_1b.csv,1857,action_a,hunt_stag,426c3e0a3bf4a3e5729c3c9ccd1837eca3b8df3571176b432d3cd4b66f3ef448
llama3.2:1b,stag_hunt,abstract_game_theory,18,generic,action_a,hunt_stag,action_a,,1,False,stag_hunt_abstract_game_theory_var_18,results/evaluations/results_llama3.2_1b.csv,1855,action_a,hunt_stag,e38448f0509d98018b8f6db534fbd6203b77f61b25ac9d818641f1f1b650877d
llama3.2:1b,stag_hunt,abstract_game_theory,18,rational,action_a,hunt_stag,action_a,,1,False,stag_hunt_abstract_game_theory_var_18,results/evaluations/results_llama3.2_1b.csv,1856,action_a,hunt_stag,a8784e9037f9dd7370b3ab9cedb216e27b455415c155c533be7fc577c4b2d472
llama3.2:1b,stag_hunt,abstract_game_theory,19,emotional,action_b,hunt_hare,action_a,,0,True,stag_hunt_abstract_game_theory_var_19,results/evaluations/results_llama3.2_1b.csv,1860,action_b,hunt_hare,46f0b3dbe6d2026d45e9bfa56252b044ed178bdd4b1911c03b410e87b500e589
llama3.2:1b,stag_hunt,abstract_game_theory,19,generic,action_b,hunt_hare,action_a,,0,True,stag_hunt_abstract_game_theory_var_19,results/evaluations/results_llama3.2_1b.csv,1858,action_b,hunt_hare,2d3fea7b8aeab4d3b4c10ab196017969b63b44aa0f95e1e492875cedb9f22dcd
llama3.2:1b,stag_hunt,abstract_game_theory,19,rational,action_b,hunt_hare,action_a,,0,True,stag_hunt_abstract_game_theory_var_19,results/evaluations/results_llama3.2_1b.csv,1859,action_b,hunt_hare,9be47d3028c1c9f8a9f830662d05a587d8a3820297e6111f0b38b8c6d6206c1a
llama3.2:1b,stag_hunt,abstract_game_theory,2,emotional,action_a,hunt_stag,action_a,,1,False,stag_hunt_abstract_game_theory_var_2,results/evaluations/results_llama3.2_1b.csv,1809,action_a,hunt_stag,debd88fedbe086e29d88e861eea0feca16830e3e43e04963fb44c3ad47e716b7
llama3.2:1b,stag_hunt,abstract_game_theory,2,generic,action_a,hunt_stag,action_a,,1,False,stag_hunt_abstract_game_theory_var_2,results/evaluations/results_llama3.2_1b.csv,1807,action_a,hunt_stag,b1027afd923843fe7b436f9e16945c8daac3c04eda37dcb284fbeaf7c0717e44
llama3.2:1b,stag_hunt,abstract_game_theory,2,rational,action_a,hunt_stag,action_a,,1,False,stag_hunt_abstract_game_theory_var_2,results/evaluations/results_llama3.2_1b.csv,1808,action_a,hunt_stag,6e7b69ecf408986d283ef931985ead28dc5bee89e1f6f5481657737b1fc18d32
llama3.2:1b,stag_hunt,abstract_game_theory,20,emotional,action_a,hunt_stag,action_a,,1,False,stag_hunt_abstract_game_theory_var_20,results/evaluations/results_llama3.2_1b.csv,1863,action_a,hunt_stag,9489214336c78296a80210698b9dbbab45f30f06686d67dde5902c31fccd22b1
llama3.2:1b,stag_hunt,abstract_game_theory,20,generic,action_a,hunt_stag,action_a,,1,False,stag_hunt_abstract_game_theory_var_20,results/evaluations/results_llama3.2_1b.csv,1861,action_a,hunt_stag,ae97faca8a555077a48af5d825f838e062277b85a9e257f1b4b97ba6dd3251a4
llama3.2:1b,stag_hunt,abstract_game_theory,20,rational,action_a,hunt_stag,action_a,,1,False,stag_hunt_abstract_game_theory_var_20,results/evaluations/results_llama3.2_1b.csv,1862,action_a,hunt_stag,486b416ef7df5887359012c41931144e6ba8df61eecd4e0bae4d28b1d26c71ee
llama3.2:1b,stag_hunt,abstract_game_theory,21,emotional,action_b,hunt_hare,action_a,,0,True,stag_hunt_abstract_game_theory_var_21,results/evaluations/results_llama3.2_1b.csv,1866,action_b,hunt_hare,6ed9e34cb27ca57525509ce20a77c8e7015c69115c3365e0abe9c74c8be0745e
llama3.2:1b,stag_hunt,abstract_game_theory,21,generic,action_b,hunt_hare,action_a,,0,True,stag_hunt_abstract_game_theory_var_21,results/evaluations/results_llama3.2_1b.csv,1864,action_b,hunt_hare,189ec0d9e667fcf772ab8d2723761f9f429ae283cd5c191e8e294f19f35b277c
llama3.2:1b,stag_hunt,abstract_game_theory,21,rational,action_b,hunt_hare,action_a,,0,True,stag_hunt_abstract_game_theory_var_21,results/evaluations/results_llama3.2_1b.csv,1865,action_b,hunt_hare,de1a61494281be0cfaf0b6d9129468331be37b7e98551460011fbeb200b68faa
llama3.2:1b,stag_hunt,abstract_game_theory,22,emotional,action_a,hunt_stag,action_a,,1,False,stag_hunt_abstract_game_theory_var_22,results/evaluations/results_llama3.2_1b.csv,1869,action_a,hunt_stag,36a0ed6f96562f8fc581be438e3bdb3d10178b6a7b78b3736d10394c9010aef1
llama3.2:1b,stag_hunt,abstract_game_theory,22,generic,action_a,hunt_stag,action_a,,1,False,stag_hunt_abstract_game_theory_var_22,results/evaluations/results_llama3.2_1b.csv,1867,action_a,hunt_stag,5a9da3589c8074d9a80c4ef377ec039d12ced89d7470e7f02422bcb511a40a05
llama3.2:1b,stag_hunt,abstract_game_theory,22,rational,action_a,hunt_stag,action_a,,1,False,stag_hunt_abstract_game_theory_var_22,results/evaluations/results_llama3.2_1b.csv,1868,action_a,hunt_stag,f5ce7d68ab548f8a3899805e558a9649b61a374023431667c97798235cf27dce
llama3.2:1b,stag_hunt,abstract_game_theory,23,emotional,action_b,hunt_hare,action_a,,0,True,stag_hunt_abstract_game_theory_var_23,results/evaluations/results_llama3.2_1b.csv,1872,action_b,hunt_hare,edf9c69243c40f855d1b634e93fdc7845d4d05c48311e69e82412fbc641a2973
llama3.2:1b,stag_hunt,abstract_game_theory,23,generic,action_b,hunt_hare,action_a,,0,True,stag_hunt_abstract_game_theory_var_23,results/evaluations/results_llama3.2_1b.csv,1870,action_b,hunt_hare,b3e9178d6955fa34338fc494dc00f974f96608a1ea2d5f4395ac05c1822e3d9a
llama3.2:1b,stag_hunt,abstract_game_theory,23,rational,action_b,hunt_hare,action_a,,0,True,stag_hunt_abstract_game_theory_var_23,results/evaluations/results_llama3.2_1b.csv,1871,action_b,hunt_hare,89e45b4a9d40c4e19a729031f8227d68265c7f673daec1c9bc1b88fb9f1981ff
llama3.2:1b,stag_hunt,abstract_game_theory,24,emotional,action_a,hunt_stag,action_a,,1,False,stag_hunt_abstract_game_theory_var_24,results/evaluations/results_llama3.2_1b.csv,1875,action_a,hunt_stag,e31c9bf00b92968ec00a4ab4a75badb21e8a0e3f12a04e2e1219f946216271c3
llama3.2:1b,stag_hunt,abstract_game_theory,24,generic,action_a,hunt_stag,action_a,,1,False,stag_hunt_abstract_game_theory_var_24,results/evaluations/results_llama3.2_1b.csv,1873,action_a,hunt_stag,afb60d3b2d80ccc0dbe75af4ba9ccc86fbea7baddfcadfcdaa63eee8fbe280ef
llama3.2:1b,stag_hunt,abstract_game_theory,24,rational,action_a,hunt_stag,action_a,,1,False,stag_hunt_abstract_game_theory_var_24,results/evaluations/results_llama3.2_1b.csv,1874,action_a,hunt_stag,cd1c3d7741ff615107d3bc824c53d604f1d414def0a3ea7c058cc5473351749d
llama3.2:1b,stag_hunt,abstract_game_theory,25,emotional,action_b,hunt_hare,action_a,,0,True,stag_hunt_abstract_game_theory_var_25,results/evaluations/results_llama3.2_1b.csv,1878,action_b,hunt_hare,86d1e6737778e3395268fb9a424d03c359a13078f01d004ae524f51c115273c2
llama3.2:1b,stag_hunt,abstract_game_theory,25,generic,action_b,hunt_hare,action_a,,0,True,stag_hunt_abstract_game_theory_var_25,results/evaluations/results_llama3.2_1b.csv,1876,action_b,hunt_hare,a0cab2e19999d30f13490a1bed150731e8cdc58241281e798082b68dde4f357d
llama3.2:1b,stag_hunt,abstract_game_theory,25,rational,action_b,hunt_hare,action_a,,0,True,stag_hunt_abstract_game_theory_var_25,results/evaluations/results_llama3.2_1b.csv,1877,action_b,hunt_hare,9c205654c9966f89aade123705df7af5a2b2ceaff6a2b10324c701e3d337ef47
llama3.2:1b,stag_hunt,abstract_game_theory,26,emotional,action_a,hunt_stag,action_a,,1,False,stag_hunt_abstract_game_theory_var_26,results/evaluations/results_llama3.2_1b.csv,1881,action_a,hunt_stag,8dededb88b2a1400336c7aa8469b4efac4d0d77d8ab868d61146677a796b91b7
llama3.2:1b,stag_hunt,abstract_game_theory,26,generic,action_a,hunt_stag,action_a,,1,False,stag_hunt_abstract_game_theory_var_26,results/evaluations/results_llama3.2_1b.csv,1879,action_a,hunt_stag,d113c25ce8e38ddeef80be3efd024df2c2f9642819299a49170c46c248b2bdc1
llama3.2:1b,stag_hunt,abstract_game_theory,26,rational,action_a,hunt_stag,action_a,,1,False,stag_hunt_abstract_game_theory_var_26,results/evaluations/results_llama3.2_1b.csv,1880,action_a,hunt_stag,06459318262761388ee9a156aa4bfa5adecd3e06240af8205fe4d75dabad2107
llama3.2:1b,stag_hunt,abstract_game_theory,27,emotional,action_b,hunt_hare,action_a,,0,True,stag_hunt_abstract_game_theory_var_27,results/evaluations/results_llama3.2_1b.csv,1884,action_b,hunt_hare,6aaccf9b86e87c47167762c19954bd336cf102f450bc0ac6dfd89cdab08ca90a
llama3.2:1b,stag_hunt,abstract_game_theory,27,generic,action_b,hunt_hare,action_a,,0,True,stag_hunt_abstract_game_theory_var_27,results/evaluations/results_llama3.2_1b.csv,1882,action_b,hunt_hare,f083e78407edb228b8ada1c52d2add45aa208604f2100a3c7b74a285625bd35d
llama3.2:1b,stag_hunt,abstract_game_theory,27,rational,action_b,hunt_hare,action_a,,0,True,stag_hunt_abstract_game_theory_var_27,results/evaluations/results_llama3.2_1b.csv,1883,action_b,hunt_hare,847ca0a642c6d17121bcda7bf6a8627aeddb5e8893400802f52c496973e9b494
llama3.2:1b,stag_hunt,abstract_game_theory,28,emotional,action_a,hunt_stag,action_a,,1,False,stag_hunt_abstract_game_theory_var_28,results/evaluations/results_llama3.2_1b.csv,1887,action_a,hunt_stag,dae2d8c22b1707b4c37bfaa5ecaf1e348ce018b845d19ba90847deec852841fc
llama3.2:1b,stag_hunt,abstract_game_theory,28,generic,action_a,hunt_stag,action_a,,1,False,stag_hunt_abstract_game_theory_var_28,results/evaluations/results_llama3.2_1b.csv,1885,action_a,hunt_stag,0253f3e560bc111052ec0ba2b181e0c19095a00aab5fcb4d0126139902026b87
llama3.2:1b,stag_hunt,abstract_game_theory,28,rational,action_a,hunt_stag,action_a,,1,False,stag_hunt_abstract_game_theory_var_28,results/evaluations/results_llama3.2_1b.csv,1886,action_a,hunt_stag,858ddece4b0d0d1e046c5329636088e49361a322e791942d7d09a4f80e032396
llama3.2:1b,stag_hunt,abstract_game_theory,29,emotional,action_b,hunt_hare,action_a,,0,True,stag_hunt_abstract_game_theory_var_29,results/evaluations/results_llama3.2_1b.csv,1890,action_b,hunt_hare,3dce6f93a67db246dfc0fd0ee81c96ae4a1a185a44882146577565efabc276fb
llama3.2:1b,stag_hunt,abstract_game_theory,29,generic,action_b,hunt_hare,action_a,,0,True,stag_hunt_abstract_game_theory_var_29,results/evaluations/results_llama3.2_1b.csv,1888,action_b,hunt_hare,4c2f9f91f5ca401fd081a65b7f13ee92a8e99a69a56c6cbff7fbbae944438862
llama3.2:1b,stag_hunt,abstract_game_theory,29,rational,action_b,hunt_hare,action_a,,0,True,stag_hunt_abstract_game_theory_var_29,results/evaluations/results_llama3.2_1b.csv,1889,action_b,hunt_hare,b056305f226a1d52cc92662e42544b579e1010adc4f451ed2f2f2804f1a6b86a
llama3.2:1b,stag_hunt,abstract_game_theory,3,emotional,action_b,hunt_hare,action_a,,0,True,stag_hunt_abstract_game_theory_var_3,results/evaluations/results_llama3.2_1b.csv,1812,action_b,hunt_hare,0acbd27b416f5073b9ccf392dc0ab2d7582a8ab41fbee2188c2e200c76157080
llama3.2:1b,stag_hunt,abstract_game_theory,3,generic,action_b,hunt_hare,action_a,,0,True,stag_hunt_abstract_game_theory_var_3,results/evaluations/results_llama3.2_1b.csv,1810,action_b,hunt_hare,208825df12bf381a3b3dc4ee02164784d73aa87ee4e0399a7b5522b060f1654c
llama3.2:1b,stag_hunt,abstract_game_theory,3,rational,action_b,hunt_hare,action_a,,0,True,stag_hunt_abstract_game_theory_var_3,results/evaluations/results_llama3.2_1b.csv,1811,action_b,hunt_hare,d71f49ef0d8274db55e9bd0fef2a4c80b821b4082849ed5689c76ce0edf4250d
llama3.2:1b,stag_hunt,abstract_game_theory,4,emotional,action_a,hunt_stag,action_a,,1,False,stag_hunt_abstract_game_theory_var_4,results/evaluations/results_llama3.2_1b.csv,1815,action_a,hunt_stag,e7f01d108c2001833ee7f3ecfc08e6f9758372ff68a78e0a222efb9511106848
llama3.2:1b,stag_hunt,abstract_game_theory,4,generic,action_a,hunt_stag,action_a,,1,False,stag_hunt_abstract_game_theory_var_4,results/evaluations/results_llama3.2_1b.csv,1813,action_a,hunt_stag,bf7258b1e8d5639751c67824a904b47702a3061fa432973693e59cf7cc7b7ab6
llama3.2:1b,stag_hunt,abstract_game_theory,4,rational,action_a,hunt_stag,action_a,,1,False,stag_hunt_abstract_game_theory_var_4,results/evaluations/results_llama3.2_1b.csv,1814,action_a,hunt_stag,934f0d0c1cfc5f6b1284231f37d969ec0dda2ca6ba95fba46807e32d84dfdda3
llama3.2:1b,stag_hunt,abstract_game_theory,5,emotional,action_b,hunt_hare,action_a,,0,True,stag_hunt_abstract_game_theory_var_5,results/evaluations/results_llama3.2_1b.csv,1818,action_b,hunt_hare,0a82e68cd2960adffda4fa95dadd11de87f7a2d89f8c65cee617b67f116e3028
llama3.2:1b,stag_hunt,abstract_game_theory,5,generic,action_b,hunt_hare,action_a,,0,True,stag_hunt_abstract_game_theory_var_5,results/evaluations/results_llama3.2_1b.csv,1816,action_b,hunt_hare,c969f5c010ed9bce9beac57cc44bb4734fe524fdd764cdb64762e8066c8ea57d
llama3.2:1b,stag_hunt,abstract_game_theory,5,rational,action_b,hunt_hare,action_a,,0,True,stag_hunt_abstract_game_theory_var_5,results/evaluations/results_llama3.2_1b.csv,1817,action_b,hunt_hare,ace15a2ddbdff99a7103c5950c18790df32110847254328ec4f9da8a037e4e7a
llama3.2:1b,stag_hunt,abstract_game_theory,6,emotional,action_a,hunt_stag,action_a,,1,False,stag_hunt_abstract_game_theory_var_6,results/evaluations/results_llama3.2_1b.csv,1821,action_a,hunt_stag,1a8a42a5b8ea4a014188c029da1e466a983866abf66dcd925e5ed4b68663661e
llama3.2:1b,stag_hunt,abstract_game_theory,6,generic,action_a,hunt_stag,action_a,,1,False,stag_hunt_abstract_game_theory_var_6,results/evaluations/results_llama3.2_1b.csv,1819,action_a,hunt_stag,f2f9590fac1d16042b90f2a227187fc7a5dcb0a3147974438e6e853943841322
llama3.2:1b,stag_hunt,abstract_game_theory,6,rational,action_a,hunt_stag,action_a,,1,False,stag_hunt_abstract_game_theory_var_6,results/evaluations/results_llama3.2_1b.csv,1820,action_a,hunt_stag,8b367986950d7aea19da565046c1588f96b7f5c931b70a76996e3fc4ac1ed3d8
llama3.2:1b,stag_hunt,abstract_game_theory,7,emotional,action_b,hunt_hare,action_a,,0,True,stag_hunt_abstract_game_theory_var_7,results/evaluations/results_llama3.2_1b.csv,1824,action_b,hunt_hare,7869223145a61f28fc5ccb4892a79e745f872cf15ff4f0c51d513cb70082f993
llama3.2:1b,stag_hunt,abstract_game_theory,7,generic,action_b,hunt_hare,action_a,,0,True,stag_hunt_abstract_game_theory_var_7,results/evaluations/results_llama3.2_1b.csv,1822,action_b,hunt_hare,b65b038cbfa6ca468c4f52b047d0e6f9d44d269360719cadcf1dcff1d7a956fc
llama3.2:1b,stag_hunt,abstract_game_theory,7,rational,action_b,hunt_hare,action_a,,0,True,stag_hunt_abstract_game_theory_var_7,results/evaluations/results_llama3.2_1b.csv,1823,action_b,hunt_hare,86fe242a10a830a633f8e8b9a89dbcbb65bb016dd2d2fdd762f3e105c06dad24
llama3.2:1b,stag_hunt,abstract_game_theory,8,emotional,action_a,hunt_stag,action_a,,1,False,stag_hunt_abstract_game_theory_var_8,results/evaluations/results_llama3.2_1b.csv,1827,action_a,hunt_stag,92bf3286acff5ac46defc955fef4ebd86266f1bc237b4d8a02ada9274aa53a84
llama3.2:1b,stag_hunt,abstract_game_theory,8,generic,action_a,hunt_stag,action_a,,1,False,stag_hunt_abstract_game_theory_var_8,results/evaluations/results_llama3.2_1b.csv,1825,action_a,hunt_stag,6d3f11aaf771e9f65915e1f4ee258f75bd622fd5098df5be49c65f6d06f1777c
llama3.2:1b,stag_hunt,abstract_game_theory,8,rational,action_a,hunt_stag,action_a,,1,False,stag_hunt_abstract_game_theory_var_8,results/evaluations/results_llama3.2_1b.csv,1826,action_a,hunt_stag,fa0c540bd647db40528f051a767c8558d0377e7afc469c7a175776b12b1b8c8f
llama3.2:1b,stag_hunt,abstract_game_theory,9,emotional,action_b,hunt_hare,action_a,,0,True,stag_hunt_abstract_game_theory_var_9,results/evaluations/results_llama3.2_1b.csv,1830,action_b,hunt_hare,ff54cc09618a739f2287db95f104f9c97d4b06bf595dbef395eff773b165a0a1
llama3.2:1b,stag_hunt,abstract_game_theory,9,generic,action_b,hunt_hare,action_a,,0,True,stag_hunt_abstract_game_theory_var_9,results/evaluations/results_llama3.2_1b.csv,1828,action_b,hunt_hare,df7dcd0a10ca50e9a3aeb25ba0ee310263468eb8fc9a6b5839e1b6332a60b5a1
llama3.2:1b,stag_hunt,abstract_game_theory,9,rational,action_b,hunt_hare,action_a,,0,True,stag_hunt_abstract_game_theory_var_9,results/evaluations/results_llama3.2_1b.csv,1829,action_b,hunt_hare,0bce646b6937c66215361f659eaf2100ab271b91b49ab46afba9dcb1e1f3232f
llama3.2:1b,stag_hunt,business,0,emotional,action_a,hunt_stag,action_a,,1,False,stag_hunt_business_var_0,results/evaluations/results_llama3.2_1b.csv,1893,action_a,hunt_stag,9d73e3783e5ec53010e25353df44cd00536125c6fce9a5a740e7129c570b4c33
llama3.2:1b,stag_hunt,business,0,generic,action_a,hunt_stag,action_a,,1,False,stag_hunt_business_var_0,results/evaluations/results_llama3.2_1b.csv,1891,action_a,hunt_stag,736f50e4ffaecaee45bd3c150fc85c2384f99cab9c81108c665d8b48abdb18f8
llama3.2:1b,stag_hunt,business,0,rational,action_a,hunt_stag,action_a,,1,False,stag_hunt_business_var_0,results/evaluations/results_llama3.2_1b.csv,1892,action_a,hunt_stag,75d0a328ea7a4e5718b1328be1cfb04f754b6ecf6b46ff1ef489d3a0e618337f
llama3.2:1b,stag_hunt,business,1,emotional,action_b,hunt_hare,action_a,,0,True,stag_hunt_business_var_1,results/evaluations/results_llama3.2_1b.csv,1896,action_b,hunt_hare,485cfd31bedde384e61a4db8021121295569de8a6fea6791b18576e96643445e
llama3.2:1b,stag_hunt,business,1,generic,action_b,hunt_hare,action_a,,0,True,stag_hunt_business_var_1,results/evaluations/results_llama3.2_1b.csv,1894,action_b,hunt_hare,c396f027f8843cedefe745807c2337bbeb34c10e88c6b104686e472b1797f1a9
llama3.2:1b,stag_hunt,business,1,rational,action_b,hunt_hare,action_a,,0,True,stag_hunt_business_var_1,results/evaluations/results_llama3.2_1b.csv,1895,action_b,hunt_hare,f603f95e661d52b930e851e8f0405e66f7c813d08c78c1cdc2dc38da3252042b
llama3.2:1b,stag_hunt,business,10,emotional,action_a,hunt_stag,action_a,,1,False,stag_hunt_business_var_10,results/evaluations/results_llama3.2_1b.csv,1923,action_a,hunt_stag,9a5c84ae8b0bf24262a925278431a539fbef94ca8538e31f27346954348494b2
llama3.2:1b,stag_hunt,business,10,generic,action_a,hunt_stag,action_a,,1,False,stag_hunt_business_var_10,results/evaluations/results_llama3.2_1b.csv,1921,action_a,hunt_stag,5fbe628ce23205269707b39d4461969597093de371cc39d84823e930b3511595
llama3.2:1b,stag_hunt,business,10,rational,action_a,hunt_stag,action_a,,1,False,stag_hunt_business_var_10,results/evaluations/results_llama3.2_1b.csv,1922,action_a,hunt_stag,9d63fdac5085fec73f053e11bfa8cc8a449f968c0a483927bd487a0c15cebb7e
llama3.2:1b,stag_hunt,business,11,emotional,action_b,hunt_hare,action_a,,0,True,stag_hunt_business_var_11,results/evaluations/results_llama3.2_1b.csv,1926,action_b,hunt_hare,73f50664cfee2fc8553f37ba8c400d51732cbddf83b9623303b4827239346a3c
llama3.2:1b,stag_hunt,business,11,generic,action_b,hunt_hare,action_a,,0,True,stag_hunt_business_var_11,results/evaluations/results_llama3.2_1b.csv,1924,action_b,hunt_hare,a66131cb97454b89d84180fa2728a8c803bfa8690606adde5d66b162fb7ef38e
llama3.2:1b,stag_hunt,business,11,rational,action_b,hunt_hare,action_a,,0,True,stag_hunt_business_var_11,results/evaluations/results_llama3.2_1b.csv,1925,action_b,hunt_hare,bfc74625a64124418b120065c8048477e498e8f5df7bbf54d0cd95d80eb8d37b
llama3.2:1b,stag_hunt,business,12,emotional,action_a,hunt_stag,action_a,,1,False,stag_hunt_business_var_12,results/evaluations/results_llama3.2_1b.csv,1929,action_a,hunt_stag,166a5afc3af0fa4fdeecc5bf9bc12a5b7936569480cf53b191d212ef0ccb0dca
llama3.2:1b,stag_hunt,business,12,generic,action_a,hunt_stag,action_a,,1,False,stag_hunt_business_var_12,results/evaluations/results_llama3.2_1b.csv,1927,action_a,hunt_stag,895176577557ae4cddfaccc7d155d778150231c85b5620a973509c1e8956cbfa
llama3.2:1b,stag_hunt,business,12,rational,action_a,hunt_stag,action_a,,1,False,stag_hunt_business_var_12,results/evaluations/results_llama3.2_1b.csv,1928,action_a,hunt_stag,dfaafcbc4d00aeb9966daed1f58a0205dcccae507f85a4dce1fcdfab50394b33
llama3.2:1b,stag_hunt,business,13,emotional,action_b,hunt_hare,action_a,,0,True,stag_hunt_business_var_13,results/evaluations/results_llama3.2_1b.csv,1932,action_b,hunt_hare,57c7f6c94d2a03381cab03c1cb5f314d9eacba65e9b466a31f3469a9ea2f10f8
llama3.2:1b,stag_hunt,business,13,generic,action_b,hunt_hare,action_a,,0,True,stag_hunt_business_var_13,results/evaluations/results_llama3.2_1b.csv,1930,action_b,hunt_hare,7ad575daf4b3f28afe8908e9aa1fdf7fcf31087738e33ec6542398be70e3f835
llama3.2:1b,stag_hunt,business,13,rational,action_b,hunt_hare,action_a,,0,True,stag_hunt_business_var_13,results/evaluations/results_llama3.2_1b.csv,1931,action_b,hunt_hare,1ae311fd072a0a9eb8ce2aa83da728d48c19747a97cb0eb0665ef86a8dac948f
llama3.2:1b,stag_hunt,business,14,emotional,action_a,hunt_stag,action_a,,1,False,stag_hunt_business_var_14,results/evaluations/results_llama3.2_1b.csv,1935,action_a,hunt_stag,eeeb1c0c35ee4b96e341e83a393f6b9197929a987e15a5821762def52a4b6712
llama3.2:1b,stag_hunt,business,14,generic,action_a,hunt_stag,action_a,,1,False,stag_hunt_business_var_14,results/evaluations/results_llama3.2_1b.csv,1933,action_a,hunt_stag,fc8c848ff6dc2bf06e28e800e3861b4c9674502ff2edeff0e372272236a6c65f
llama3.2:1b,stag_hunt,business,14,rational,action_a,hunt_stag,action_a,,1,False,stag_hunt_business_var_14,results/evaluations/results_llama3.2_1b.csv,1934,action_a,hunt_stag,08a1fd9f374e0c2e960c2208d6e7a7edb2305667d0d1517bdfdf539a954a846f
llama3.2:1b,stag_hunt,business,15,emotional,action_b,hunt_hare,action_a,,0,True,stag_hunt_business_var_15,results/evaluations/results_llama3.2_1b.csv,1938,action_b,hunt_hare,941c438958cd4a3b3bf82cb78a758597e10af313ff34788b43b9459806c4a6f0
llama3.2:1b,stag_hunt,business,15,generic,action_b,hunt_hare,action_a,,0,True,stag_hunt_business_var_15,results/evaluations/results_llama3.2_1b.csv,1936,action_b,hunt_hare,52736b7a4392df3a66aadbb1964d8a2d10049ba8a664a05023a09f3d5c24fad5
llama3.2:1b,stag_hunt,business,15,rational,action_b,hunt_hare,action_a,,0,True,stag_hunt_business_var_15,results/evaluations/results_llama3.2_1b.csv,1937,action_b,hunt_hare,1bd1b9b6fc65de406cfcb68019cc88e3fde48f6705608d2dd5940f67784349f2
llama3.2:1b,stag_hunt,business,16,emotional,action_a,hunt_stag,action_a,,1,False,stag_hunt_business_var_16,results/evaluations/results_llama3.2_1b.csv,1941,action_a,hunt_stag,edabd5b72f2454a6f855594cd7025ed96faa7b79e0fb80438449948c8bbb1ff3
llama3.2:1b,stag_hunt,business,16,generic,action_a,hunt_stag,action_a,,1,False,stag_hunt_business_var_16,results/evaluations/results_llama3.2_1b.csv,1939,action_a,hunt_stag,132c861e13a1fae4e817c05043e9e73651aee722690c1c3a1163a7e9f385af69
llama3.2:1b,stag_hunt,business,16,rational,action_a,hunt_stag,action_a,,1,False,stag_hunt_business_var_16,results/evaluations/results_llama3.2_1b.csv,1940,action_a,hunt_stag,7dc451d97dc862a3aed6a007ba2f3edc82e64e2c397671babdeba47a9e5e4de6
llama3.2:1b,stag_hunt,business,17,emotional,action_b,hunt_hare,action_a,,0,True,stag_hunt_business_var_17,results/evaluations/results_llama3.2_1b.csv,1944,action_b,hunt_hare,3aee99cf195722541ba5dad733d75ff54726b4c423803d5453b9a5499b456a52
llama3.2:1b,stag_hunt,business,17,generic,action_b,hunt_hare,action_a,,0,True,stag_hunt_business_var_17,results/evaluations/results_llama3.2_1b.csv,1942,action_b,hunt_hare,effaf01a2ec23338d5c501cdb07656d72b347053cf451dc7fe29e205f9800b0b
llama3.2:1b,stag_hunt,business,17,rational,action_b,hunt_hare,action_a,,0,True,stag_hunt_business_var_17,results/evaluations/results_llama3.2_1b.csv,1943,action_b,hunt_hare,8930e8099db967fbbef6744ab3dfa27bcdb94e074c9477d7b2bb95ccf165ceae
llama3.2:1b,stag_hunt,business,18,emotional,action_a,hunt_stag,action_a,,1,False,stag_hunt_business_var_18,results/evaluations/results_llama3.2_1b.csv,1947,action_a,hunt_stag,141cfb3898f2d77cb20f38532059822ed1b70cf1d3370085ae5734aca9c83d6c
llama3.2:1b,stag_hunt,business,18,generic,action_a,hunt_stag,action_a,,1,False,stag_hunt_business_var_18,results/evaluations/results_llama3.2_1b.csv,1945,action_a,hunt_stag,7695936952fe14e1e3616ae55e3b339ac6a7f062bf15fd44e49a0a7cbd12eaea
llama3.2:1b,stag_hunt,business,18,rational,action_a,hunt_stag,action_a,,1,False,stag_hunt_business_var_18,results/evaluations/results_llama3.2_1b.csv,1946,action_a,hunt_stag,e3fab33e1c76708769ca8aeef6eeef0c280ee910f52988bb80642c0935d0c089
llama3.2:1b,stag_hunt,business,19,emotional,action_b,hunt_hare,action_a,,0,True,stag_hunt_business_var_19,results/evaluations/results_llama3.2_1b.csv,1950,action_b,hunt_hare,135681a8bf9c3f89ff3756f3081f3fb26e1b47c885a1afab01bfb42a4f092021
llama3.2:1b,stag_hunt,business,19,generic,action_b,hunt_hare,action_a,,0,True,stag_hunt_business_var_19,results/evaluations/results_llama3.2_1b.csv,1948,action_b,hunt_hare,76029d5ac94d5d015e620f1f3afdb7c27a7ade31ca194b8bf96a91b10171668a
llama3.2:1b,stag_hunt,business,19,rational,action_b,hunt_hare,action_a,,0,True,stag_hunt_business_var_19,results/evaluations/results_llama3.2_1b.csv,1949,action_b,hunt_hare,1e673f0e538a40b7a6e7fa81077997c571cf12cbe09f76a8a995d9e8422c3afa
llama3.2:1b,stag_hunt,business,2,emotional,action_a,hunt_stag,action_a,,1,False,stag_hunt_business_var_2,results/evaluations/results_llama3.2_1b.csv,1899,action_a,hunt_stag,b20769f65d1a7a198380c515fc1ca6f27813ffe909099db56078f2bdbf1e375e
llama3.2:1b,stag_hunt,business,2,generic,action_a,hunt_stag,action_a,,1,False,stag_hunt_business_var_2,results/evaluations/results_llama3.2_1b.csv,1897,action_a,hunt_stag,e147725f40c77456b4ca9b1731df180fc21ddfd9f9563d80dee2d3e14116aac2
llama3.2:1b,stag_hunt,business,2,rational,action_a,hunt_stag,action_a,,1,False,stag_hunt_business_var_2,results/evaluations/results_llama3.2_1b.csv,1898,action_a,hunt_stag,37b4be7b5ff23a13ac306a4a460047666ddf0fca05832cb43b26f3daeffe2239
llama3.2:1b,stag_hunt,business,20,emotional,action_a,hunt_stag,action_a,,1,False,stag_hunt_business_var_20,results/evaluations/results_llama3.2_1b.csv,1953,action_a,hunt_stag,eabebf0de7e494cfd2bfc0a4b52b555b4a7c681c06f2031f75e421302264200a
llama3.2:1b,stag_hunt,business,20,generic,action_a,hunt_stag,action_a,,1,False,stag_hunt_business_var_20,results/evaluations/results_llama3.2_1b.csv,1951,action_a,hunt_stag,25dbdb7cc3c332496433f4c0fa9743524b17719f90ea163a133b524ca448152c
llama3.2:1b,stag_hunt,business,20,rational,action_a,hunt_stag,action_a,,1,False,stag_hunt_business_var_20,results/evaluations/results_llama3.2_1b.csv,1952,action_a,hunt_stag,b840b7bf7dc41d98246cae38faaed11d54a859610c3d14bb4ce3515d9a08d2d4
llama3.2:1b,stag_hunt,business,21,emotional,action_b,hunt_hare,action_a,,0,True,stag_hunt_business_var_21,results/evaluations/results_llama3.2_1b.csv,1956,action_b,hunt_hare,a6e37389572cb7f21d0899992515d9bbac7699f23396e909079a19654d0eb7b7
llama3.2:1b,stag_hunt,business,21,generic,action_b,hunt_hare,action_a,,0,True,stag_hunt_business_var_21,results/evaluations/results_llama3.2_1b.csv,1954,action_b,hunt_hare,a7c2272fbfc85ad31fbbf18435df494ddb79af8d4cfd64e78659178ca9250276
llama3.2:1b,stag_hunt,business,21,rational,action_b,hunt_hare,action_a,,0,True,stag_hunt_business_var_21,results/evaluations/results_llama3.2_1b.csv,1955,action_b,hunt_hare,bffddcf508de76cf319ce72e55224acee8b48cfb7f24cde00b52eccb2f21e5ab
llama3.2:1b,stag_hunt,business,22,emotional,action_a,hunt_stag,action_a,,1,False,stag_hunt_business_var_22,results/evaluations/results_llama3.2_1b.csv,1959,action_a,hunt_stag,6239b880db4159edc155da0265c4f261b05c65dda03475ebc4ff5ad758c44a72
llama3.2:1b,stag_hunt,business,22,generic,action_a,hunt_stag,action_a,,1,False,stag_hunt_business_var_22,results/evaluations/results_llama3.2_1b.csv,1957,action_a,hunt_stag,db2a71210f4f7799d05b3fbd1e7b532a70615dd09df24f43099706f44c88e7e0
llama3.2:1b,stag_hunt,business,22,rational,action_a,hunt_stag,action_a,,1,False,stag_hunt_business_var_22,results/evaluations/results_llama3.2_1b.csv,1958,action_a,hunt_stag,4fd0ce0c94b3cc88ff68e34253c6eafc9c5927395406a968ddc842d5c7d1b982
llama3.2:1b,stag_hunt,business,23,emotional,action_b,hunt_hare,action_a,,0,True,stag_hunt_business_var_23,results/evaluations/results_llama3.2_1b.csv,1962,action_b,hunt_hare,bd05c0ef434b10da8ba09cdd8cbb1c6875ccf717ace2b6e8bdd04beb1d5e977d
llama3.2:1b,stag_hunt,business,23,generic,action_b,hunt_hare,action_a,,0,True,stag_hunt_business_var_23,results/evaluations/results_llama3.2_1b.csv,1960,action_b,hunt_hare,98c8191230113297ee134b04b98604bf5a27cd13d4038125fe279ecc2ef4cb92
llama3.2:1b,stag_hunt,business,23,rational,action_b,hunt_hare,action_a,,0,True,stag_hunt_business_var_23,results/evaluations/results_llama3.2_1b.csv,1961,action_b,hunt_hare,b20a3f87a890d7c049139bdcbb3d56e6fb2576b384a445f540024fa7a25254e5
llama3.2:1b,stag_hunt,business,24,emotional,action_a,hunt_stag,action_a,,1,False,stag_hunt_business_var_24,results/evaluations/results_llama3.2_1b.csv,1965,action_a,hunt_stag,f7986a021c15d707b8a56f4cee7ed4e0d8382267e198bc5ef6d96a89b2cd852b
llama3.2:1b,stag_hunt,business,24,generic,action_a,hunt_stag,action_a,,1,False,stag_hunt_business_var_24,results/evaluations/results_llama3.2_1b.csv,1963,action_a,hunt_stag,66d96c8dd0c1d6bf4bcdfdfbb5b9172ee65701c9ca42bb1413710822a576b8c7
llama3.2:1b,stag_hunt,business,24,rational,action_a,hunt_stag,action_a,,1,False,stag_hunt_business_var_24,results/evaluations/results_llama3.2_1b.csv,1964,action_a,hunt_stag,7dd435868764b800305c579c258394739f6a26a9ab46ba8e0aca43d5c0493734
llama3.2:1b,stag_hunt,business,25,emotional,action_b,hunt_hare,action_a,,0,True,stag_hunt_business_var_25,results/evaluations/results_llama3.2_1b.csv,1968,action_b,hunt_hare,35fa00b679439cf45424df06974b88f5859a4cef146872c2eae09a83388dd27e
llama3.2:1b,stag_hunt,business,25,generic,action_b,hunt_hare,action_a,,0,True,stag_hunt_business_var_25,results/evaluations/results_llama3.2_1b.csv,1966,action_b,hunt_hare,e64b6cacaddae7c519cafc3b10d37cc7694410cd224c6c7cf428cc183f89ece6
llama3.2:1b,stag_hunt,business,25,rational,action_b,hunt_hare,action_a,,0,True,stag_hunt_business_var_25,results/evaluations/results_llama3.2_1b.csv,1967,action_b,hunt_hare,4b2093d30bb4da2166bad21110250aff489cc6b62907318cdcd54063e56795a3
llama3.2:1b,stag_hunt,business,26,emotional,action_a,hunt_stag,action_a,,1,False,stag_hunt_business_var_26,results/evaluations/results_llama3.2_1b.csv,1971,action_a,hunt_stag,01e0b1c5b7f53255119d9801fb7b54fce99097aa3f1962dc8104953eb4856e09
llama3.2:1b,stag_hunt,business,26,generic,action_a,hunt_stag,action_a,,1,False,stag_hunt_business_var_26,results/evaluations/results_llama3.2_1b.csv,1969,action_a,hunt_stag,06f2344e555eb86d5de228418a413c1834792567a8b46d8f6c83405b84449436
llama3.2:1b,stag_hunt,business,26,rational,action_a,hunt_stag,action_a,,1,False,stag_hunt_business_var_26,results/evaluations/results_llama3.2_1b.csv,1970,action_a,hunt_stag,8d78fc147665495c6ac66cda583c50960c6d0b8a06e2ab06859adf0adcbe82d8
llama3.2:1b,stag_hunt,business,27,emotional,action_b,hunt_hare,action_a,,0,True,stag_hunt_business_var_27,results/evaluations/results_llama3.2_1b.csv,1974,action_b,hunt_hare,db0972beef7563c1a572c93f381eb7b6eca4901d2600f4df80b4810368cf7288
llama3.2:1b,stag_hunt,business,27,generic,action_b,hunt_hare,action_a,,0,True,stag_hunt_business_var_27,results/evaluations/results_llama3.2_1b.csv,1972,action_b,hunt_hare,1be9c18bb6072db51df6ed3944da8bb1beb1c15d6487699310e152a3705ba6bb
llama3.2:1b,stag_hunt,business,27,rational,action_b,hunt_hare,action_a,,0,True,stag_hunt_business_var_27,results/evaluations/results_llama3.2_1b.csv,1973,action_b,hunt_hare,d93474bf69a81593d163f9106d6a28ea4a6c4b819b60fe500ab36705663e579e
llama3.2:1b,stag_hunt,business,28,emotional,action_a,hunt_stag,action_a,,1,False,stag_hunt_business_var_28,results/evaluations/results_llama3.2_1b.csv,1977,action_a,hunt_stag,e3e9d2a1da4893efdd789c608f299a51bd0e5b74e5d163d035cc5f50e50beeb2
llama3.2:1b,stag_hunt,business,28,generic,action_a,hunt_stag,action_a,,1,False,stag_hunt_business_var_28,results/evaluations/results_llama3.2_1b.csv,1975,action_a,hunt_stag,6f56f963661035fdcab546cec16d5f982eb3e422eab0285dfda40405f66baeab
llama3.2:1b,stag_hunt,business,28,rational,action_a,hunt_stag,action_a,,1,False,stag_hunt_business_var_28,results/evaluations/results_llama3.2_1b.csv,1976,action_a,hunt_stag,596f701a5c84efd69f99c63a47943ecc9c0bdb2093da707b1633a2f8bc6b4343
llama3.2:1b,stag_hunt,business,29,emotional,action_b,hunt_hare,action_a,,0,True,stag_hunt_business_var_29,results/evaluations/results_llama3.2_1b.csv,1980,action_b,hunt_hare,0920d83fdba6583e632c53dc4a4e8a15266b3f7e85e29e8950c4d1e881b4560b
llama3.2:1b,stag_hunt,business,29,generic,action_b,hunt_hare,action_a,,0,True,stag_hunt_business_var_29,results/evaluations/results_llama3.2_1b.csv,1978,action_b,hunt_hare,126f3663d5635041a853f06a1343ab806fa27e9e67fd2469f4e0b67d20b2c2ed
llama3.2:1b,stag_hunt,business,29,rational,action_b,hunt_hare,action_a,,0,True,stag_hunt_business_var_29,results/evaluations/results_llama3.2_1b.csv,1979,action_b,hunt_hare,07c779b0939e6a307b455093ac6888e10a25c36639007ed94f13bad43a79b882
llama3.2:1b,stag_hunt,business,3,emotional,action_b,hunt_hare,action_a,,0,True,stag_hunt_business_var_3,results/evaluations/results_llama3.2_1b.csv,1902,action_b,hunt_hare,bf2a6f12f797506ff647286584ab5e396aa6483ad18b8f5609370ac06fb03997
llama3.2:1b,stag_hunt,business,3,generic,action_b,hunt_hare,action_a,,0,True,stag_hunt_business_var_3,results/evaluations/results_llama3.2_1b.csv,1900,action_b,hunt_hare,72036642539664ef135545e8eb00b8384732d2c44e51d12e9926b42aa8eb4f5d
llama3.2:1b,stag_hunt,business,3,rational,action_b,hunt_hare,action_a,,0,True,stag_hunt_business_var_3,results/evaluations/results_llama3.2_1b.csv,1901,action_b,hunt_hare,18908acc196405c2c676c2e2db9b44ba69af12b797f09358688406eb3c2de50b
llama3.2:1b,stag_hunt,business,4,emotional,action_a,hunt_stag,action_a,,1,False,stag_hunt_business_var_4,results/evaluations/results_llama3.2_1b.csv,1905,action_a,hunt_stag,33c2bfe96ce1aabcb7ff430b275f27b5c79a1974cd2968cd2ba69fe69f296953
llama3.2:1b,stag_hunt,business,4,generic,action_a,hunt_stag,action_a,,1,False,stag_hunt_business_var_4,results/evaluations/results_llama3.2_1b.csv,1903,action_a,hunt_stag,d27eb5c857b8af262ac9c577f8cb5d49212325b1ee4643d5923afb376f5f088b
llama3.2:1b,stag_hunt,business,4,rational,action_a,hunt_stag,action_a,,1,False,stag_hunt_business_var_4,results/evaluations/results_llama3.2_1b.csv,1904,action_a,hunt_stag,a8f7e15515addf1f33db387f32394102e07979f5e86811d65bdfe02277113796
llama3.2:1b,stag_hunt,business,5,emotional,action_b,hunt_hare,action_a,,0,True,stag_hunt_business_var_5,results/evaluations/results_llama3.2_1b.csv,1908,action_b,hunt_hare,bd9c24b3e1c94b6f12e1db89479599abb039ff3b287f5b359573bad851c68b40
llama3.2:1b,stag_hunt,business,5,generic,action_b,hunt_hare,action_a,,0,True,stag_hunt_business_var_5,results/evaluations/results_llama3.2_1b.csv,1906,action_b,hunt_hare,bb581020cd2676163981abd5f6704a8ce03584fbd9175791de3eb5862170f301
llama3.2:1b,stag_hunt,business,5,rational,action_b,hunt_hare,action_a,,0,True,stag_hunt_business_var_5,results/evaluations/results_llama3.2_1b.csv,1907,action_b,hunt_hare,82bea4a30a161495ada287afed7aee13b7520bcf5d62f9eeb24e8fcca7dd954c
llama3.2:1b,stag_hunt,business,6,emotional,action_a,hunt_stag,action_a,,1,False,stag_hunt_business_var_6,results/evaluations/results_llama3.2_1b.csv,1911,action_a,hunt_stag,11173806a027a00413f22064e9c6d04f4476fd30dc14a9a76f6a0db31796df14
llama3.2:1b,stag_hunt,business,6,generic,action_a,hunt_stag,action_a,,1,False,stag_hunt_business_var_6,results/evaluations/results_llama3.2_1b.csv,1909,action_a,hunt_stag,321f99b5ac3da1569969e795bb2aec19089ef8e2813110e81fd5869b66ea5339
llama3.2:1b,stag_hunt,business,6,rational,action_a,hunt_stag,action_a,,1,False,stag_hunt_business_var_6,results/evaluations/results_llama3.2_1b.csv,1910,action_a,hunt_stag,d4031205ceee195391175bb56644848d27e8b49b9e1b5913c025b4d62b5c3eb8
llama3.2:1b,stag_hunt,business,7,emotional,action_b,hunt_hare,action_a,,0,True,stag_hunt_business_var_7,results/evaluations/results_llama3.2_1b.csv,1914,action_b,hunt_hare,db2c390c50162313cf1f581736e59726ab2bfa1a3b36558e54e131dee1c00dc4
llama3.2:1b,stag_hunt,business,7,generic,action_b,hunt_hare,action_a,,0,True,stag_hunt_business_var_7,results/evaluations/results_llama3.2_1b.csv,1912,action_b,hunt_hare,604f1fdf1af2992e22d2628749b141489f20d200b3415e0ff0d3524a6ef3af8f
llama3.2:1b,stag_hunt,business,7,rational,action_b,hunt_hare,action_a,,0,True,stag_hunt_business_var_7,results/evaluations/results_llama3.2_1b.csv,1913,action_b,hunt_hare,76d3d597bfbe2e13d7ff27fb8941e3545b523a90d0f60f667a2e642fac4bbdb1
llama3.2:1b,stag_hunt,business,8,emotional,action_a,hunt_stag,action_a,,1,False,stag_hunt_business_var_8,results/evaluations/results_llama3.2_1b.csv,1917,action_a,hunt_stag,a173136200ab64936be7cfe7a4a042133bd8bf93221b14019199b43bd9c6be23
llama3.2:1b,stag_hunt,business,8,generic,action_a,hunt_stag,action_a,,1,False,stag_hunt_business_var_8,results/evaluations/results_llama3.2_1b.csv,1915,action_a,hunt_stag,111169d61631a8d0830a716c5db29f322abc2c7cdc3ba409cb3c0e7d8b52fbb2
llama3.2:1b,stag_hunt,business,8,rational,action_a,hunt_stag,action_a,,1,False,stag_hunt_business_var_8,results/evaluations/results_llama3.2_1b.csv,1916,action_a,hunt_stag,79ed0ad7008816c2cc48cd2eef7cf0180134b6cb5304dce5bb18455ed39a40cf
llama3.2:1b,stag_hunt,business,9,emotional,action_b,hunt_hare,action_a,,0,True,stag_hunt_business_var_9,results/evaluations/results_llama3.2_1b.csv,1920,action_b,hunt_hare,ecb34fca3dd37313652faa0b8df3cf050546a39c503e8ae3e6f0ac639f8a59ca
llama3.2:1b,stag_hunt,business,9,generic,action_b,hunt_hare,action_a,,0,True,stag_hunt_business_var_9,results/evaluations/results_llama3.2_1b.csv,1918,action_b,hunt_hare,b9aedf029596568ee4a943819d6b80bbbf2009c7f1e69c78921b753e10717abf
llama3.2:1b,stag_hunt,business,9,rational,action_b,hunt_hare,action_a,,0,True,stag_hunt_business_var_9,results/evaluations/results_llama3.2_1b.csv,1919,action_b,hunt_hare,a43a7fd24a0f1fa0f595461e2916de3a78a04a1055deb21a8ff29caf71860760
llama3.2:1b,stag_hunt,family fight,0,emotional,action_a,hunt_stag,action_a,,1,False,stag_hunt_family fight_var_0,results/evaluations/results_llama3.2_1b.csv,1983,action_a,hunt_stag,904d806af2e31bcccd570d4e628eaaf28a66eb35da60da4b3ec42d8a1c86929b
llama3.2:1b,stag_hunt,family fight,0,generic,action_a,hunt_stag,action_a,,1,False,stag_hunt_family fight_var_0,results/evaluations/results_llama3.2_1b.csv,1981,action_a,hunt_stag,451890c01da18aa346e1bc99d0de0366442afa9efb24ac74008c59ef71c8b5a5
llama3.2:1b,stag_hunt,family fight,0,rational,action_a,hunt_stag,action_a,,1,False,stag_hunt_family fight_var_0,results/evaluations/results_llama3.2_1b.csv,1982,action_a,hunt_stag,efb4eb010ae7e7c3a4158eb5fdc82d47163c8b27ee4f77bf800a15b20d3bd334
llama3.2:1b,stag_hunt,family fight,1,emotional,action_b,hunt_hare,action_a,,0,True,stag_hunt_family fight_var_1,results/evaluations/results_llama3.2_1b.csv,1986,action_b,hunt_hare,f2c71124029749c7d43640426992ce0885acb6e67b2cd7e58584fc34d3b09f70
llama3.2:1b,stag_hunt,family fight,1,generic,action_b,hunt_hare,action_a,,0,True,stag_hunt_family fight_var_1,results/evaluations/results_llama3.2_1b.csv,1984,action_b,hunt_hare,280138525ff38f24678bb5bf591d2723b7912184f2debe4507b18c9afe7a8acb
llama3.2:1b,stag_hunt,family fight,1,rational,action_b,hunt_hare,action_a,,0,True,stag_hunt_family fight_var_1,results/evaluations/results_llama3.2_1b.csv,1985,action_b,hunt_hare,fe34971f8b40805910b2b453601252fb0a31bf5dc7ae287504220d9bde9ecd19
llama3.2:1b,stag_hunt,family fight,10,emotional,action_a,hunt_stag,action_a,,1,False,stag_hunt_family fight_var_10,results/evaluations/results_llama3.2_1b.csv,2013,action_a,hunt_stag,3d76b1e51d0c6d721e46fad9026e39c823d0ab5e545d47fb914736143d5e8a28
llama3.2:1b,stag_hunt,family fight,10,generic,action_a,hunt_stag,action_a,,1,False,stag_hunt_family fight_var_10,results/evaluations/results_llama3.2_1b.csv,2011,action_a,hunt_stag,f9dd90039a3db59b8ee14224631b456d5a777245b26973515ca14976f55bbb4e
llama3.2:1b,stag_hunt,family fight,10,rational,action_a,hunt_stag,action_a,,1,False,stag_hunt_family fight_var_10,results/evaluations/results_llama3.2_1b.csv,2012,action_a,hunt_stag,161920ef662ecce6200a2de4e482fb189de2b306c97ef4748e905439e43bcd6f
llama3.2:1b,stag_hunt,family fight,11,emotional,action_b,hunt_hare,action_a,,0,True,stag_hunt_family fight_var_11,results/evaluations/results_llama3.2_1b.csv,2016,action_b,hunt_hare,8b6cee070229ed5adeff5b58ce04c5f3c6bd4f65e12395547646e0ab1c94b2fb
llama3.2:1b,stag_hunt,family fight,11,generic,action_b,hunt_hare,action_a,,0,True,stag_hunt_family fight_var_11,results/evaluations/results_llama3.2_1b.csv,2014,action_b,hunt_hare,49c91fe57b38507891397086640b0ed2f964ac63f1ed219eaa81099fd92b6cc8
llama3.2:1b,stag_hunt,family fight,11,rational,action_b,hunt_hare,action_a,,0,True,stag_hunt_family fight_var_11,results/evaluations/results_llama3.2_1b.csv,2015,action_b,hunt_hare,2e04466928a1f6fbbd1c79703ecb06ad42eaff70acba67351070b7fd6874054d
llama3.2:1b,stag_hunt,family fight,12,emotional,action_a,hunt_stag,action_a,,1,False,stag_hunt_family fight_var_12,results/evaluations/results_llama3.2_1b.csv,2019,action_a,hunt_stag,7a43f80826cd576da4a587ea78d8279a4a82e117bd568a82b9de76ed65f8d529
llama3.2:1b,stag_hunt,family fight,12,generic,action_a,hunt_stag,action_a,,1,False,stag_hunt_family fight_var_12,results/evaluations/results_llama3.2_1b.csv,2017,action_a,hunt_stag,3de08417a07bac4943ac176c23ae6a3f7da1c333d714d0c3a3ee29c3aeb4da82
llama3.2:1b,stag_hunt,family fight,12,rational,action_a,hunt_stag,action_a,,1,False,stag_hunt_family fight_var_12,results/evaluations/results_llama3.2_1b.csv,2018,action_a,hunt_stag,f9bb9aedf1571d4cd035ebc9237d37692e9d5fdaf6faa503cf1e84722869423d
llama3.2:1b,stag_hunt,family fight,13,emotional,action_b,hunt_hare,action_a,,0,True,stag_hunt_family fight_var_13,results/evaluations/results_llama3.2_1b.csv,2022,action_b,hunt_hare,703c8a4b214a00b85568a6f5b319053fa0165e5e66d03fbb61fbed7f39bc40e5
llama3.2:1b,stag_hunt,family fight,13,generic,action_b,hunt_hare,action_a,,0,True,stag_hunt_family fight_var_13,results/evaluations/results_llama3.2_1b.csv,2020,action_b,hunt_hare,c34a622c22024a20108a8da808577e609ebb2200f2a0c7e5b5f373d001e86513
llama3.2:1b,stag_hunt,family fight,13,rational,action_b,hunt_hare,action_a,,0,True,stag_hunt_family fight_var_13,results/evaluations/results_llama3.2_1b.csv,2021,action_b,hunt_hare,b75a644f3483d394cbb413c3404c2abfd1d95ef2ac96be286eec8023914ff079
llama3.2:1b,stag_hunt,family fight,14,emotional,action_a,hunt_stag,action_a,,1,False,stag_hunt_family fight_var_14,results/evaluations/results_llama3.2_1b.csv,2025,action_a,hunt_stag,42b68b6ebaf8892d7c2a01293cc9968c1b0a835c27ce9b3cd1fcd654ed8b7466
llama3.2:1b,stag_hunt,family fight,14,generic,action_a,hunt_stag,action_a,,1,False,stag_hunt_family fight_var_14,results/evaluations/results_llama3.2_1b.csv,2023,action_a,hunt_stag,82dba1b6dee6a7495101637c7464163ac8a732798142ca415e61b8281a98e332
llama3.2:1b,stag_hunt,family fight,14,rational,action_a,hunt_stag,action_a,,1,False,stag_hunt_family fight_var_14,results/evaluations/results_llama3.2_1b.csv,2024,action_a,hunt_stag,7a29ccc3c75971e1f941ed2136a8bc38dbe101f98f4f8242f5a109fdff613203
llama3.2:1b,stag_hunt,family fight,15,emotional,action_b,hunt_hare,action_a,,0,True,stag_hunt_family fight_var_15,results/evaluations/results_llama3.2_1b.csv,2028,action_b,hunt_hare,fd80b2d0c72d301e43dab6240fb4c72aeabc5173615e49e9880a8a1d61aaaceb
llama3.2:1b,stag_hunt,family fight,15,generic,action_b,hunt_hare,action_a,,0,True,stag_hunt_family fight_var_15,results/evaluations/results_llama3.2_1b.csv,2026,action_b,hunt_hare,ec760297e443d93136ad3a9312c8dec23cecccb8dc3e4216f637d55f0638ec73
llama3.2:1b,stag_hunt,family fight,15,rational,action_b,hunt_hare,action_a,,0,True,stag_hunt_family fight_var_15,results/evaluations/results_llama3.2_1b.csv,2027,action_b,hunt_hare,3e734ba158d01adac63af26675683186be599777a3a27562761c7b449e3928dc
llama3.2:1b,stag_hunt,family fight,16,emotional,action_a,hunt_stag,action_a,,1,False,stag_hunt_family fight_var_16,results/evaluations/results_llama3.2_1b.csv,2031,action_a,hunt_stag,6bb4f5f0d52db46b5747b17e3d25b5215bd585929eda576ba35250c76cff2528
llama3.2:1b,stag_hunt,family fight,16,generic,action_a,hunt_stag,action_a,,1,False,stag_hunt_family fight_var_16,results/evaluations/results_llama3.2_1b.csv,2029,action_a,hunt_stag,4be27c80ffdb470c50a6fc05b71e1b5d867c78c6375b193c3c849349d1abf5b4
llama3.2:1b,stag_hunt,family fight,16,rational,action_a,hunt_stag,action_a,,1,False,stag_hunt_family fight_var_16,results/evaluations/results_llama3.2_1b.csv,2030,action_a,hunt_stag,985824be5708f53e0ba738237cf5717ba2709ead50e575074d9fcf379d72783f
llama3.2:1b,stag_hunt,family fight,17,emotional,action_b,hunt_hare,action_a,,0,True,stag_hunt_family fight_var_17,results/evaluations/results_llama3.2_1b.csv,2034,action_b,hunt_hare,762c8e55de310ae7e7441a9e24f9916292f31ac9616b566998607996a69724c7
llama3.2:1b,stag_hunt,family fight,17,generic,action_b,hunt_hare,action_a,,0,True,stag_hunt_family fight_var_17,results/evaluations/results_llama3.2_1b.csv,2032,action_b,hunt_hare,093caa5cc380a38c7ff59849dce96f0355744f46e40eb64d9da2bf0c35d45cbe
llama3.2:1b,stag_hunt,family fight,17,rational,action_b,hunt_hare,action_a,,0,True,stag_hunt_family fight_var_17,results/evaluations/results_llama3.2_1b.csv,2033,action_b,hunt_hare,029867ce3a56ffddaaf53eca942415c9dfd02dcee64d34c6ce06e54cc056842a
llama3.2:1b,stag_hunt,family fight,18,emotional,action_a,hunt_stag,action_a,,1,False,stag_hunt_family fight_var_18,results/evaluations/results_llama3.2_1b.csv,2037,action_a,hunt_stag,000f200bb298e8f0252fcbfb5a21782a8f8a127ed50ae89fcafd406326f102a3
llama3.2:1b,stag_hunt,family fight,18,generic,action_a,hunt_stag,action_a,,1,False,stag_hunt_family fight_var_18,results/evaluations/results_llama3.2_1b.csv,2035,action_a,hunt_stag,8913f7cfa7fdb5e800c6bcb26ea9879a6110b21d34740e4362b5189e285f4e56
llama3.2:1b,stag_hunt,family fight,18,rational,action_a,hunt_stag,action_a,,1,False,stag_hunt_family fight_var_18,results/evaluations/results_llama3.2_1b.csv,2036,action_a,hunt_stag,8e02c8abe034780fae68ef60746348e75d5d88d4cfd04fb7e29d1e3f2ad97d63
llama3.2:1b,stag_hunt,family fight,19,emotional,action_b,hunt_hare,action_a,,0,True,stag_hunt_family fight_var_19,results/evaluations/results_llama3.2_1b.csv,2040,action_b,hunt_hare,94c338eef87cb88913d9c4fb28af5fa2a2448fc782a8ac5dd208f4690e399143
llama3.2:1b,stag_hunt,family fight,19,generic,action_b,hunt_hare,action_a,,0,True,stag_hunt_family fight_var_19,results/evaluations/results_llama3.2_1b.csv,2038,action_b,hunt_hare,3273b18b5ae07c3952385c5dd8f9e9213daba93996560f939e4d891b307fd11d
llama3.2:1b,stag_hunt,family fight,19,rational,action_b,hunt_hare,action_a,,0,True,stag_hunt_family fight_var_19,results/evaluations/results_llama3.2_1b.csv,2039,action_b,hunt_hare,905bdf6d4f1daaa3f065c6bc5d21518b7a9e7efb4552681d4b032e3a9e7b3823
llama3.2:1b,stag_hunt,family fight,2,generic,action_a,hunt_stag,action_a,,1,False,stag_hunt_family fight_var_2,results/evaluations/results_llama3.2_1b.csv,1987,action_a,hunt_stag,1b4080944e5bb438023dfac8ef7d6a04de1a87bd936c327d874b3b40d99c1a88
llama3.2:1b,stag_hunt,family fight,2,rational,action_a,hunt_stag,action_a,,1,False,stag_hunt_family fight_var_2,results/evaluations/results_llama3.2_1b.csv,1988,action_a,hunt_stag,7bdff4a556a5db0499061d233d2814275061e77b3fec38f6935c97f732bab72a
llama3.2:1b,stag_hunt,family fight,20,emotional,action_a,hunt_stag,action_a,,1,False,stag_hunt_family fight_var_20,results/evaluations/results_llama3.2_1b.csv,2043,action_a,hunt_stag,dad118da33dae9e0ee640a7aeee1d64417e44138867dad464e66934e55b9af6c
llama3.2:1b,stag_hunt,family fight,20,generic,action_a,hunt_stag,action_a,,1,False,stag_hunt_family fight_var_20,results/evaluations/results_llama3.2_1b.csv,2041,action_a,hunt_stag,95de6510db54cf20cf315f36ffa2138f78caeeed8f5b0c6f31a4339c08d19bed
llama3.2:1b,stag_hunt,family fight,20,rational,action_a,hunt_stag,action_a,,1,False,stag_hunt_family fight_var_20,results/evaluations/results_llama3.2_1b.csv,2042,action_a,hunt_stag,698755638f9723480c3ee9238f8e73266ecf292791c6adc84e94f63e1d1fb813
llama3.2:1b,stag_hunt,family fight,21,emotional,action_b,hunt_hare,action_a,,0,True,stag_hunt_family fight_var_21,results/evaluations/results_llama3.2_1b.csv,2046,action_b,hunt_hare,4c796e0ca6e5a65098ba311ae88655e2e6ee5bb233945e76cff420b1f6a7c46c
llama3.2:1b,stag_hunt,family fight,21,generic,action_b,hunt_hare,action_a,,0,True,stag_hunt_family fight_var_21,results/evaluations/results_llama3.2_1b.csv,2044,action_b,hunt_hare,2d352e164cf2591ca892bd87f1420cf1c5e12964aa073abaf135f51cfce284e7
llama3.2:1b,stag_hunt,family fight,21,rational,action_b,hunt_hare,action_a,,0,True,stag_hunt_family fight_var_21,results/evaluations/results_llama3.2_1b.csv,2045,action_b,hunt_hare,246043440da39546b1d62467edd8d9e2875a0d825262ecbb20140015900aa9ea
llama3.2:1b,stag_hunt,family fight,22,emotional,action_a,hunt_stag,action_a,,1,False,stag_hunt_family fight_var_22,results/evaluations/results_llama3.2_1b.csv,2049,action_a,hunt_stag,9580c8e58487681f47f129bf85876387d9d818f605f752fdde87bf2a730ac73a
llama3.2:1b,stag_hunt,family fight,22,generic,action_a,hunt_stag,action_a,,1,False,stag_hunt_family fight_var_22,results/evaluations/results_llama3.2_1b.csv,2047,action_a,hunt_stag,0a10364105baefd9cc195e6b3511429c52a2783611f55af629fd2f253dcbfc19
llama3.2:1b,stag_hunt,family fight,22,rational,action_a,hunt_stag,action_a,,1,False,stag_hunt_family fight_var_22,results/evaluations/results_llama3.2_1b.csv,2048,action_a,hunt_stag,a73d37bc2615a378360bc3e1159df436f8135e522bf4515687db527686ced35d
llama3.2:1b,stag_hunt,family fight,23,emotional,action_b,hunt_hare,action_a,,0,True,stag_hunt_family fight_var_23,results/evaluations/results_llama3.2_1b.csv,2052,action_b,hunt_hare,71b2e7e259a351561053cce4bf8fd4072e0e77fe6e26ff49558d3346087db6b5
llama3.2:1b,stag_hunt,family fight,23,generic,action_b,hunt_hare,action_a,,0,True,stag_hunt_family fight_var_23,results/evaluations/results_llama3.2_1b.csv,2050,action_b,hunt_hare,0e2c73c8c083e23adf7536edab803acb00bb36f0cd43ae1a25f04040df6d1636
llama3.2:1b,stag_hunt,family fight,23,rational,action_b,hunt_hare,action_a,,0,True,stag_hunt_family fight_var_23,results/evaluations/results_llama3.2_1b.csv,2051,action_b,hunt_hare,16f9b616c34a4fa718e494d9c3c2125d8b5e79a729a5f3e24aa8ca0b22f353fd
llama3.2:1b,stag_hunt,family fight,24,emotional,action_a,hunt_stag,action_a,,1,False,stag_hunt_family fight_var_24,results/evaluations/results_llama3.2_1b.csv,2055,action_a,hunt_stag,bfac7a867ebbd8663a24667e29a60a802cfea4e255870f7670e131de78493d95
llama3.2:1b,stag_hunt,family fight,24,generic,action_a,hunt_stag,action_a,,1,False,stag_hunt_family fight_var_24,results/evaluations/results_llama3.2_1b.csv,2053,action_a,hunt_stag,cc5a8936b20dfc981c68a57b0e1c62ebf982df40978544d2a28c6ea2aa123697
llama3.2:1b,stag_hunt,family fight,24,rational,action_a,hunt_stag,action_a,,1,False,stag_hunt_family fight_var_24,results/evaluations/results_llama3.2_1b.csv,2054,action_a,hunt_stag,5b47f57c18d6b42a1a150d7d3fe967554af4e5c8921116e173b905545f27e984
llama3.2:1b,stag_hunt,family fight,25,emotional,action_b,hunt_hare,action_a,,0,True,stag_hunt_family fight_var_25,results/evaluations/results_llama3.2_1b.csv,2058,action_b,hunt_hare,62e76d772c1994dcb06121e6be3caa470186a93c048c07aa03977a25f0bb1d77
llama3.2:1b,stag_hunt,family fight,25,generic,action_b,hunt_hare,action_a,,0,True,stag_hunt_family fight_var_25,results/evaluations/results_llama3.2_1b.csv,2056,action_b,hunt_hare,d3ecf28608a096a5117fed946322e18ba37db91430bc9a26b6e83ddc9b2bddef
llama3.2:1b,stag_hunt,family fight,25,rational,action_b,hunt_hare,action_a,,0,True,stag_hunt_family fight_var_25,results/evaluations/results_llama3.2_1b.csv,2057,action_b,hunt_hare,046b68137ffb239c8d4724e2cf6b40ea16e4827172aabae46a43c5ef96b4019a
llama3.2:1b,stag_hunt,family fight,26,emotional,action_a,hunt_stag,action_a,,1,False,stag_hunt_family fight_var_26,results/evaluations/results_llama3.2_1b.csv,2061,action_a,hunt_stag,b090bac646cadff1614d5309e4eae9411bfe9478e48ab0f34980733332e5edb9
llama3.2:1b,stag_hunt,family fight,26,generic,action_a,hunt_stag,action_a,,1,False,stag_hunt_family fight_var_26,results/evaluations/results_llama3.2_1b.csv,2059,action_a,hunt_stag,682b4976968461fd1c566198ed4567ae5b4090af87b69a9e1cee4f5c3c685ea3
llama3.2:1b,stag_hunt,family fight,26,rational,action_a,hunt_stag,action_a,,1,False,stag_hunt_family fight_var_26,results/evaluations/results_llama3.2_1b.csv,2060,action_a,hunt_stag,6ccec19c413989b118ad4f8060eb703ca085839a10eb58f291c894a7c8f59e26
llama3.2:1b,stag_hunt,family fight,27,emotional,action_b,hunt_hare,action_a,,0,True,stag_hunt_family fight_var_27,results/evaluations/results_llama3.2_1b.csv,2064,action_b,hunt_hare,cf212f77224686f06eba6733a4d62d5930780cfd41df259839ef3585dfefe4cd
llama3.2:1b,stag_hunt,family fight,27,generic,action_b,hunt_hare,action_a,,0,True,stag_hunt_family fight_var_27,results/evaluations/results_llama3.2_1b.csv,2062,action_b,hunt_hare,ca80e983e0c0fa70ca71b5b9c9268ee3b83bbb23e016138be00a36feea3d97ef
llama3.2:1b,stag_hunt,family fight,27,rational,action_b,hunt_hare,action_a,,0,True,stag_hunt_family fight_var_27,results/evaluations/results_llama3.2_1b.csv,2063,action_b,hunt_hare,58a56adfaca84d04b9471dd9a0a9285fdec557d61441c79f4eb0115d2c789332
llama3.2:1b,stag_hunt,family fight,28,emotional,action_a,hunt_stag,action_a,,1,False,stag_hunt_family fight_var_28,results/evaluations/results_llama3.2_1b.csv,2067,action_a,hunt_stag,80a74f326428d1e6d22f47f07e2d3b2bc7596b85524800b2b0e092e5428cec98
llama3.2:1b,stag_hunt,family fight,28,generic,action_a,hunt_stag,action_a,,1,False,stag_hunt_family fight_var_28,results/evaluations/results_llama3.2_1b.csv,2065,action_a,hunt_stag,ef973915fc0ececef847241e142fc66345213c3fe4a7cd14c7a2f8250ae15048
llama3.2:1b,stag_hunt,family fight,28,rational,action_a,hunt_stag,action_a,,1,False,stag_hunt_family fight_var_28,results/evaluations/results_llama3.2_1b.csv,2066,action_a,hunt_stag,207feb7413edf2a47ba6b236a2922bf810b9fa0dafdec79bbab21f1aaa2e6623
llama3.2:1b,stag_hunt,family fight,29,emotional,action_b,hunt_hare,action_a,,0,True,stag_hunt_family fight_var_29,results/evaluations/results_llama3.2_1b.csv,2070,action_b,hunt_hare,798f9cebf5d4287a373cf38560063bd4a250114a0d98120a5fb8737ef8b5c051
llama3.2:1b,stag_hunt,family fight,29,generic,action_b,hunt_hare,action_a,,0,True,stag_hunt_family fight_var_29,results/evaluations/results_llama3.2_1b.csv,2068,action_b,hunt_hare,f31fa07c6d59943cf4134b6d73a02c28705ccf58a24133655badea4b228924b2
llama3.2:1b,stag_hunt,family fight,29,rational,action_b,hunt_hare,action_a,,0,True,stag_hunt_family fight_var_29,results/evaluations/results_llama3.2_1b.csv,2069,action_b,hunt_hare,eba313ea88c677df1f681e83d3c950ea33cbb2cab88bb38084812a1af138e762
llama3.2:1b,stag_hunt,family fight,3,emotional,action_b,hunt_hare,action_a,,0,True,stag_hunt_family fight_var_3,results/evaluations/results_llama3.2_1b.csv,1992,action_b,hunt_hare,d666b010a7f812c834542aefaf0cb2ad794043fffd30d20d508d8447cbdf1f78
llama3.2:1b,stag_hunt,family fight,3,generic,action_b,hunt_hare,action_a,,0,True,stag_hunt_family fight_var_3,results/evaluations/results_llama3.2_1b.csv,1990,action_b,hunt_hare,87331928d01938e5c0ef72824d487d0151d7c537a0192beab12a9ff940acc5c8
llama3.2:1b,stag_hunt,family fight,3,rational,action_b,hunt_hare,action_a,,0,True,stag_hunt_family fight_var_3,results/evaluations/results_llama3.2_1b.csv,1991,action_b,hunt_hare,17065b7640837c0b5869e5f55aae0a8c2cce24e640b62819a6aff154f3c86327
llama3.2:1b,stag_hunt,family fight,4,emotional,action_a,hunt_stag,action_a,,1,False,stag_hunt_family fight_var_4,results/evaluations/results_llama3.2_1b.csv,1995,action_a,hunt_stag,c31a4ff9f0449fb6cb0043d3d899278d4ced51e8fefb0a7fa661016af0b1b21f
llama3.2:1b,stag_hunt,family fight,4,generic,action_a,hunt_stag,action_a,,1,False,stag_hunt_family fight_var_4,results/evaluations/results_llama3.2_1b.csv,1993,action_a,hunt_stag,e4375cef38c203ccab81598dac94dd171ad9f22b00aa148fbaae4fcf267afe39
llama3.2:1b,stag_hunt,family fight,4,rational,action_a,hunt_stag,action_a,,1,False,stag_hunt_family fight_var_4,results/evaluations/results_llama3.2_1b.csv,1994,action_a,hunt_stag,d1e778cc6cccf2728a07bde0647d05ffd9467103c1a6188e9cf39234f930df9b
llama3.2:1b,stag_hunt,family fight,5,emotional,action_b,hunt_hare,action_a,,0,True,stag_hunt_family fight_var_5,results/evaluations/results_llama3.2_1b.csv,1998,action_b,hunt_hare,2888247a86135ad698b5f724aae641b6243036d85d469391f2fa301f29f30342
llama3.2:1b,stag_hunt,family fight,5,generic,action_b,hunt_hare,action_a,,0,True,stag_hunt_family fight_var_5,results/evaluations/results_llama3.2_1b.csv,1996,action_b,hunt_hare,968a3215454341ff84127312cbded129f98209041c107041c0b50df7823a6cff
llama3.2:1b,stag_hunt,family fight,5,rational,action_b,hunt_hare,action_a,,0,True,stag_hunt_family fight_var_5,results/evaluations/results_llama3.2_1b.csv,1997,action_b,hunt_hare,f39c65dc5efaf12e32f42566c74cc6770c6a621cec0101b4d6021d5abeee221f
llama3.2:1b,stag_hunt,family fight,6,emotional,action_a,hunt_stag,action_a,,1,False,stag_hunt_family fight_var_6,results/evaluations/results_llama3.2_1b.csv,2001,action_a,hunt_stag,d7811a4c7ddc6bf90583bc4fd8c5eceeca274460ea390d6e930791e3ee585130
llama3.2:1b,stag_hunt,family fight,6,generic,action_a,hunt_stag,action_a,,1,False,stag_hunt_family fight_var_6,results/evaluations/results_llama3.2_1b.csv,1999,action_a,hunt_stag,f220c532980d916d33051a9a1d2a4a32372f7bdcd66dab2db8ca841a478ae8bc
llama3.2:1b,stag_hunt,family fight,6,rational,action_a,hunt_stag,action_a,,1,False,stag_hunt_family fight_var_6,results/evaluations/results_llama3.2_1b.csv,2000,action_a,hunt_stag,306baf3f2fb4b9921b4d8fea2bd38a4e21dff36228f479cac13f9ebf162815b7
llama3.2:1b,stag_hunt,family fight,7,emotional,action_b,hunt_hare,action_a,,0,True,stag_hunt_family fight_var_7,results/evaluations/results_llama3.2_1b.csv,2004,action_b,hunt_hare,5d6498b50a4a201cc1531150e86a6f5fcf185e7f43d9c6e2993b37f515319fd7
llama3.2:1b,stag_hunt,family fight,7,generic,action_b,hunt_hare,action_a,,0,True,stag_hunt_family fight_var_7,results/evaluations/results_llama3.2_1b.csv,2002,action_b,hunt_hare,776b68f658caaa74365a121c0d2559dc4b6693be8ca6de2d20824e0bed73e05d
llama3.2:1b,stag_hunt,family fight,7,rational,action_b,hunt_hare,action_a,,0,True,stag_hunt_family fight_var_7,results/evaluations/results_llama3.2_1b.csv,2003,action_b,hunt_hare,1ee243b8506dee945fcaa4851dd8ce51cc259eadf033b6e06545992e57470525
llama3.2:1b,stag_hunt,family fight,8,emotional,action_a,hunt_stag,action_a,,1,False,stag_hunt_family fight_var_8,results/evaluations/results_llama3.2_1b.csv,2007,action_a,hunt_stag,ae681d6d8aa9c4e1bd267dae9a3e0078f785c71a08c2372fa317f09ce36cf409
llama3.2:1b,stag_hunt,family fight,8,generic,action_a,hunt_stag,action_a,,1,False,stag_hunt_family fight_var_8,results/evaluations/results_llama3.2_1b.csv,2005,action_a,hunt_stag,72ce0091178fad88b7174c5ccbd81777e0c33657d3eee939aea3b967e7a774b2
llama3.2:1b,stag_hunt,family fight,8,rational,action_a,hunt_stag,action_a,,1,False,stag_hunt_family fight_var_8,results/evaluations/results_llama3.2_1b.csv,2006,action_a,hunt_stag,e5561b8e7e8f53c52f398ca8898be1fde0d57fc00b2ac849f1060eac5287f203
llama3.2:1b,stag_hunt,family fight,9,emotional,action_b,hunt_hare,action_a,,0,True,stag_hunt_family fight_var_9,results/evaluations/results_llama3.2_1b.csv,2010,action_b,hunt_hare,27b15abfcf52f236542b71bea353f9f548e19313253c6c6b24c461c15f396548
llama3.2:1b,stag_hunt,family fight,9,generic,action_b,hunt_hare,action_a,,0,True,stag_hunt_family fight_var_9,results/evaluations/results_llama3.2_1b.csv,2008,action_b,hunt_hare,afbaf44a8e40512bd192fff45ae4534c8b2764c409fc1a94f8409fad7795aba2
llama3.2:1b,stag_hunt,family fight,9,rational,action_b,hunt_hare,action_a,,0,True,stag_hunt_family fight_var_9,results/evaluations/results_llama3.2_1b.csv,2009,action_b,hunt_hare,751f6afb3dc171752ecf3b9f1ecec65a5bb6c54e0a5f9bfafea9b8dc885db56c
llama3.2:1b,stag_hunt,game_show,0,emotional,action_a,hunt_stag,action_a,,1,False,stag_hunt_game_show_var_0,results/evaluations/results_llama3.2_1b.csv,2073,action_a,hunt_stag,ebefa07f2da61052fe6acfeaeaaa85807360749ed6aa5688ef3359419fe172cf
llama3.2:1b,stag_hunt,game_show,0,generic,action_a,hunt_stag,action_a,,1,False,stag_hunt_game_show_var_0,results/evaluations/results_llama3.2_1b.csv,2071,action_a,hunt_stag,e58f30b67710f88ffd78848fbf12406f06c116680b32deb5e2f3228e2b7631b4
llama3.2:1b,stag_hunt,game_show,0,rational,action_a,hunt_stag,action_a,,1,False,stag_hunt_game_show_var_0,results/evaluations/results_llama3.2_1b.csv,2072,action_a,hunt_stag,6155b520264875bc064983bfab649b3cd76efc28c80ca481adcb0ed12a464551
llama3.2:1b,stag_hunt,game_show,1,emotional,action_b,hunt_hare,action_a,,0,True,stag_hunt_game_show_var_1,results/evaluations/results_llama3.2_1b.csv,2076,action_b,hunt_hare,6f8ebc984349c6b651b6a682813d9a86a64c51727b39690ceb50bb6567a80320
llama3.2:1b,stag_hunt,game_show,1,generic,action_b,hunt_hare,action_a,,0,True,stag_hunt_game_show_var_1,results/evaluations/results_llama3.2_1b.csv,2074,action_b,hunt_hare,dad838cb436100ec98405c0ffbc03efb6c8e5d50a4c68aa6311001cb6f35c5ee
llama3.2:1b,stag_hunt,game_show,1,rational,action_b,hunt_hare,action_a,,0,True,stag_hunt_game_show_var_1,results/evaluations/results_llama3.2_1b.csv,2075,action_b,hunt_hare,3d018dcd5d99e35b2490a24bb0f760f4ea03863ae1aab68a162c7dc6ed38521b
llama3.2:1b,stag_hunt,game_show,10,emotional,action_a,hunt_stag,action_a,,1,False,stag_hunt_game_show_var_10,results/evaluations/results_llama3.2_1b.csv,2103,action_a,hunt_stag,394cab682cf84c719ab5e98883364a0a6028cfe0cd43d691e76437826ca85b73
llama3.2:1b,stag_hunt,game_show,10,generic,action_a,hunt_stag,action_a,,1,False,stag_hunt_game_show_var_10,results/evaluations/results_llama3.2_1b.csv,2101,action_a,hunt_stag,f2e18298a40a2ed3aa257d25f8906ce093c15887180304219fe643ad208c6726
llama3.2:1b,stag_hunt,game_show,10,rational,action_a,hunt_stag,action_a,,1,False,stag_hunt_game_show_var_10,results/evaluations/results_llama3.2_1b.csv,2102,action_a,hunt_stag,ce20c7c66a04285abb35ff06ede39588775d480c84d63b7fb99d803291ccae3a
llama3.2:1b,stag_hunt,game_show,11,emotional,action_b,hunt_hare,action_a,,0,True,stag_hunt_game_show_var_11,results/evaluations/results_llama3.2_1b.csv,2106,action_b,hunt_hare,3b68b693f1b4b4f567f93ba95658f3c56047faeeba2c0e290986d383abae3797
llama3.2:1b,stag_hunt,game_show,11,generic,action_b,hunt_hare,action_a,,0,True,stag_hunt_game_show_var_11,results/evaluations/results_llama3.2_1b.csv,2104,action_b,hunt_hare,7a073ac7ea50cadb192bc268a44a39e769ffdd682a168de0b98eca9ce3992a36
llama3.2:1b,stag_hunt,game_show,11,rational,action_b,hunt_hare,action_a,,0,True,stag_hunt_game_show_var_11,results/evaluations/results_llama3.2_1b.csv,2105,action_b,hunt_hare,1733db841bc2c1cd1234cd295b542e71339a315cfdefd8247b4c06b0b03da8d7
llama3.2:1b,stag_hunt,game_show,12,emotional,action_a,hunt_stag,action_a,,1,False,stag_hunt_game_show_var_12,results/evaluations/results_llama3.2_1b.csv,2109,action_a,hunt_stag,7a40c015bf0ed1b5dfa43576b608a46b9d96b232aa1c60460118114e54c6f988
llama3.2:1b,stag_hunt,game_show,12,generic,action_a,hunt_stag,action_a,,1,False,stag_hunt_game_show_var_12,results/evaluations/results_llama3.2_1b.csv,2107,action_a,hunt_stag,f5cd52ca0fc843e9951440316b4819b7f8759fe3be063c87cff4b3b85f70bab3
llama3.2:1b,stag_hunt,game_show,12,rational,action_a,hunt_stag,action_a,,1,False,stag_hunt_game_show_var_12,results/evaluations/results_llama3.2_1b.csv,2108,action_a,hunt_stag,1dd3e4db00c9fed048491cdb300124cc5f7def4737b0fc2c055e119b6a768c14
llama3.2:1b,stag_hunt,game_show,13,emotional,action_b,hunt_hare,action_a,,0,True,stag_hunt_game_show_var_13,results/evaluations/results_llama3.2_1b.csv,2112,action_b,hunt_hare,1c5f1634e6292ddd0c6726af357b1bb8b80dab4664104edbc9d7455d1efbcc48
llama3.2:1b,stag_hunt,game_show,13,generic,action_b,hunt_hare,action_a,,0,True,stag_hunt_game_show_var_13,results/evaluations/results_llama3.2_1b.csv,2110,action_b,hunt_hare,cb2dce7400c4f4086a058b4533557053ce12f742296f35bcf80e0faa22176275
llama3.2:1b,stag_hunt,game_show,13,rational,action_b,hunt_hare,action_a,,0,True,stag_hunt_game_show_var_13,results/evaluations/results_llama3.2_1b.csv,2111,action_b,hunt_hare,68563659ca589f89e92f535ec2764a6207d2704218e99d0eeb99d62cdc4a0899
llama3.2:1b,stag_hunt,game_show,14,emotional,action_a,hunt_stag,action_a,,1,False,stag_hunt_game_show_var_14,results/evaluations/results_llama3.2_1b.csv,2115,action_a,hunt_stag,6ce06ce92abd8b5355da1ba62b734e0b7d83e5749b978ba89de4643693183b61
llama3.2:1b,stag_hunt,game_show,14,generic,action_a,hunt_stag,action_a,,1,False,stag_hunt_game_show_var_14,results/evaluations/results_llama3.2_1b.csv,2113,action_a,hunt_stag,f9d1edd74c72d41ebf83c9fa11b9b907a8570d907870f8879c0200cdaf51f641
llama3.2:1b,stag_hunt,game_show,14,rational,action_a,hunt_stag,action_a,,1,False,stag_hunt_game_show_var_14,results/evaluations/results_llama3.2_1b.csv,2114,action_a,hunt_stag,abb19de7b54bbc88b89deec700ba1072e562e999fb48df746f3862f0e0837c27
llama3.2:1b,stag_hunt,game_show,15,emotional,action_b,hunt_hare,action_a,,0,True,stag_hunt_game_show_var_15,results/evaluations/results_llama3.2_1b.csv,2118,action_b,hunt_hare,0e2f57c8ad90655862f539468fd9cb622d558c0a639434b94b6436c54ec4a094
llama3.2:1b,stag_hunt,game_show,15,generic,action_b,hunt_hare,action_a,,0,True,stag_hunt_game_show_var_15,results/evaluations/results_llama3.2_1b.csv,2116,action_b,hunt_hare,ab8fd2602fbd1464bffc5dc57f42e5bc55e8c4b98284cb81fe6527e25b71598e
llama3.2:1b,stag_hunt,game_show,15,rational,action_b,hunt_hare,action_a,,0,True,stag_hunt_game_show_var_15,results/evaluations/results_llama3.2_1b.csv,2117,action_b,hunt_hare,4231cdd59e0545bf6eec03c1663afb15759aea8c2c5f0f90542efb6cddd1011a
llama3.2:1b,stag_hunt,game_show,16,emotional,action_a,hunt_stag,action_a,,1,False,stag_hunt_game_show_var_16,results/evaluations/results_llama3.2_1b.csv,2121,action_a,hunt_stag,29e52aee6a99411e1c2e4cddaccafe2e7c144ae144fbdc8d219cad64fb166857
llama3.2:1b,stag_hunt,game_show,16,generic,action_a,hunt_stag,action_a,,1,False,stag_hunt_game_show_var_16,results/evaluations/results_llama3.2_1b.csv,2119,action_a,hunt_stag,b15de5197a63a5f81ff28c36b700da2071a6e5d04afe43c372d48b9b87143de9
llama3.2:1b,stag_hunt,game_show,16,rational,action_a,hunt_stag,action_a,,1,False,stag_hunt_game_show_var_16,results/evaluations/results_llama3.2_1b.csv,2120,action_a,hunt_stag,ea219b86befb80334ab8f3736632ae52f5f076667d6d4d3fd88dc6596cc92208
llama3.2:1b,stag_hunt,game_show,17,emotional,action_b,hunt_hare,action_a,,0,True,stag_hunt_game_show_var_17,results/evaluations/results_llama3.2_1b.csv,2124,action_b,hunt_hare,7176430ac9c7e5a8963e64d34ce5d67025a7b62bce6155cafb8618c50500d227
llama3.2:1b,stag_hunt,game_show,17,generic,action_b,hunt_hare,action_a,,0,True,stag_hunt_game_show_var_17,results/evaluations/results_llama3.2_1b.csv,2122,action_b,hunt_hare,6fdefaaa0e68a1dd5155b8805c73b2e540b38d5737167a992a7f91739010c892
llama3.2:1b,stag_hunt,game_show,17,rational,action_b,hunt_hare,action_a,,0,True,stag_hunt_game_show_var_17,results/evaluations/results_llama3.2_1b.csv,2123,action_b,hunt_hare,da34c791281dfad80ba698ba24af11384c4669fcee523cabb7c75d890115c466
llama3.2:1b,stag_hunt,game_show,18,emotional,action_a,hunt_stag,action_a,,1,False,stag_hunt_game_show_var_18,results/evaluations/results_llama3.2_1b.csv,2127,action_a,hunt_stag,744eda399c0f1e2352dc19e2f916cd4ebea1c196653c0be831867e712a6e22b5
llama3.2:1b,stag_hunt,game_show,18,generic,action_a,hunt_stag,action_a,,1,False,stag_hunt_game_show_var_18,results/evaluations/results_llama3.2_1b.csv,2125,action_a,hunt_stag,df3a43bc7249a9e21d9076f533eecba96fea16d6fb5f65c1326fde04c00e07e4
llama3.2:1b,stag_hunt,game_show,18,rational,action_a,hunt_stag,action_a,,1,False,stag_hunt_game_show_var_18,results/evaluations/results_llama3.2_1b.csv,2126,action_a,hunt_stag,bd292c486c2042df097b78b30559674512eda446c3353dd2567eca60e0459e2b
llama3.2:1b,stag_hunt,game_show,19,emotional,action_b,hunt_hare,action_a,,0,True,stag_hunt_game_show_var_19,results/evaluations/results_llama3.2_1b.csv,2130,action_b,hunt_hare,2103bb56c78c1a394f32401b440237d6278f7a5ae440c7431d3c8dbfc1f844cd
llama3.2:1b,stag_hunt,game_show,19,generic,action_b,hunt_hare,action_a,,0,True,stag_hunt_game_show_var_19,results/evaluations/results_llama3.2_1b.csv,2128,action_b,hunt_hare,15b85a4c32d2f86181185134732d2aa1e8463d866a3d0cecb47f457c8e662499
llama3.2:1b,stag_hunt,game_show,19,rational,action_b,hunt_hare,action_a,,0,True,stag_hunt_game_show_var_19,results/evaluations/results_llama3.2_1b.csv,2129,action_b,hunt_hare,9ae3668d28a33ac9e90fce1dbfdd5e100b7860402893f9beae577bf9982c31ac
llama3.2:1b,stag_hunt,game_show,2,emotional,action_a,hunt_stag,action_a,,1,False,stag_hunt_game_show_var_2,results/evaluations/results_llama3.2_1b.csv,2079,action_a,hunt_stag,5c4fc549d77ac8187cc8285c00bc50dbc2399293f6a221893c82c6b6c1f1c509
llama3.2:1b,stag_hunt,game_show,2,generic,action_a,hunt_stag,action_a,,1,False,stag_hunt_game_show_var_2,results/evaluations/results_llama3.2_1b.csv,2077,action_a,hunt_stag,175041b03de0c472de1d1027dcb92c081ccc89d768fbf32df90f7f99bc73f07d
llama3.2:1b,stag_hunt,game_show,2,rational,action_a,hunt_stag,action_a,,1,False,stag_hunt_game_show_var_2,results/evaluations/results_llama3.2_1b.csv,2078,action_a,hunt_stag,0fad402fad3d922f2add0798963ef927f11e617537add3077fc0d29237ee638a
llama3.2:1b,stag_hunt,game_show,20,emotional,action_a,hunt_stag,action_a,,1,False,stag_hunt_game_show_var_20,results/evaluations/results_llama3.2_1b.csv,2133,action_a,hunt_stag,e29b21df0ef8c187a53f1b2c62fb2ccde4091c740eb0f8381d753894912831bd
llama3.2:1b,stag_hunt,game_show,20,generic,action_a,hunt_stag,action_a,,1,False,stag_hunt_game_show_var_20,results/evaluations/results_llama3.2_1b.csv,2131,action_a,hunt_stag,eb08fb092f4fcf2a31cc8779e35434607c0c1752b3325c53b395668b2c4fe5d5
llama3.2:1b,stag_hunt,game_show,20,rational,action_a,hunt_stag,action_a,,1,False,stag_hunt_game_show_var_20,results/evaluations/results_llama3.2_1b.csv,2132,action_a,hunt_stag,7cfe9221a1839da316696fc836139b320b9be09ab8eda10a2b2e1f2383fba74e
llama3.2:1b,stag_hunt,game_show,21,emotional,action_b,hunt_hare,action_a,,0,True,stag_hunt_game_show_var_21,results/evaluations/results_llama3.2_1b.csv,2136,action_b,hunt_hare,460a8a15368d6db7513e8910359d5ddcb16fb764d6cb19075e165b00a62ccce9
llama3.2:1b,stag_hunt,game_show,21,generic,action_b,hunt_hare,action_a,,0,True,stag_hunt_game_show_var_21,results/evaluations/results_llama3.2_1b.csv,2134,action_b,hunt_hare,651d9615efb61e1f2a51d03529ccb17bfeb709cdcb5f5d78b929b732d88826e5
llama3.2:1b,stag_hunt,game_show,21,rational,action_b,hunt_hare,action_a,,0,True,stag_hunt_game_show_var_21,results/evaluations/results_llama3.2_1b.csv,2135,action_b,hunt_hare,2f023d4d30daa9e9ed88164a8f0f52c36541147d0757f137f4120ee8aa75c946
llama3.2:1b,stag_hunt,game_show,22,emotional,action_a,hunt_stag,action_a,,1,False,stag_hunt_game_show_var_22,results/evaluations/results_llama3.2_1b.csv,2139,action_a,hunt_stag,8a2d6a2d686f4b32695605fd9abc6fa411dfab5808df865cbf692b6adc03feb4
llama3.2:1b,stag_hunt,game_show,22,generic,action_a,hunt_stag,action_a,,1,False,stag_hunt_game_show_var_22,results/evaluations/results_llama3.2_1b.csv,2137,action_a,hunt_stag,d445c97e1e7adffe34e5125868ec7c52c59cfe367fac89861109059b640dc4fc
llama3.2:1b,stag_hunt,game_show,22,rational,action_a,hunt_stag,action_a,,1,False,stag_hunt_game_show_var_22,results/evaluations/results_llama3.2_1b.csv,2138,action_a,hunt_stag,738a60cf066fa47bdc07c8eb26609f49babf5511fd15b2c3c043fdd8bf460e37
llama3.2:1b,stag_hunt,game_show,23,emotional,action_b,hunt_hare,action_a,,0,True,stag_hunt_game_show_var_23,results/evaluations/results_llama3.2_1b.csv,2142,action_b,hunt_hare,b082e0361625d306363f21ec3ae76badc2d2ce4052fec4d3d288e0d436c818c1
llama3.2:1b,stag_hunt,game_show,23,generic,action_b,hunt_hare,action_a,,0,True,stag_hunt_game_show_var_23,results/evaluations/results_llama3.2_1b.csv,2140,action_b,hunt_hare,73ed967a049ee1484fac5c46da3ea52da299dbecbc980f4088f0434b410e6daa
llama3.2:1b,stag_hunt,game_show,23,rational,action_b,hunt_hare,action_a,,0,True,stag_hunt_game_show_var_23,results/evaluations/results_llama3.2_1b.csv,2141,action_b,hunt_hare,9646a3ced40dbca44c34530758819722cc4d4d2cbd4bf5712ec904d05b47b5cd
llama3.2:1b,stag_hunt,game_show,24,emotional,action_a,hunt_stag,action_a,,1,False,stag_hunt_game_show_var_24,results/evaluations/results_llama3.2_1b.csv,2145,action_a,hunt_stag,e539ca44869fd19c1067f8144a542e4f10aca0a11957b6943bb53cf14ddc101d
llama3.2:1b,stag_hunt,game_show,24,generic,action_a,hunt_stag,action_a,,1,False,stag_hunt_game_show_var_24,results/evaluations/results_llama3.2_1b.csv,2143,action_a,hunt_stag,bff8cf5374d1e66b6af73e9f5d37501e0a59bff8a763ed4dab55540d373c7f4d
llama3.2:1b,stag_hunt,game_show,24,rational,action_a,hunt_stag,action_a,,1,False,stag_hunt_game_show_var_24,results/evaluations/results_llama3.2_1b.csv,2144,action_a,hunt_stag,d36f0b6528f783be4399fca896519b979dca498b3bcea7eafb774bb5d67e4abc
llama3.2:1b,stag_hunt,game_show,25,emotional,action_b,hunt_hare,action_a,,0,True,stag_hunt_game_show_var_25,results/evaluations/results_llama3.2_1b.csv,2148,action_b,hunt_hare,ce7d9e111aa1c32ded5a27d13cc4ef8a5ca3db729a2df2361b2680466b4feb39
llama3.2:1b,stag_hunt,game_show,25,generic,action_b,hunt_hare,action_a,,0,True,stag_hunt_game_show_var_25,results/evaluations/results_llama3.2_1b.csv,2146,action_b,hunt_hare,1947d4c62532d822e9d0b0c0de9d44db882ba2aaff1e88c3db0dc824667aa1b9
llama3.2:1b,stag_hunt,game_show,25,rational,action_b,hunt_hare,action_a,,0,True,stag_hunt_game_show_var_25,results/evaluations/results_llama3.2_1b.csv,2147,action_b,hunt_hare,fd86e44e464a63fe09fa15cf3406096337567e4aa7978777bb16c48b4bcb49eb
llama3.2:1b,stag_hunt,game_show,26,emotional,action_a,hunt_stag,action_a,,1,False,stag_hunt_game_show_var_26,results/evaluations/results_llama3.2_1b.csv,2151,action_a,hunt_stag,d518d43675b3a7600d024a6f90a6029a4ee1cdf9fea717da17a2d91ff064e3ae
llama3.2:1b,stag_hunt,game_show,26,generic,action_a,hunt_stag,action_a,,1,False,stag_hunt_game_show_var_26,results/evaluations/results_llama3.2_1b.csv,2149,action_a,hunt_stag,80bd038a0041a3b9751dda6e3e7f108056fd6902bb31b92be45004cf6d51eda8
llama3.2:1b,stag_hunt,game_show,26,rational,action_a,hunt_stag,action_a,,1,False,stag_hunt_game_show_var_26,results/evaluations/results_llama3.2_1b.csv,2150,action_a,hunt_stag,046760f493e4116fdac7b01036e3d007a1086ecfdb85e95430ee50f4f5f79273
llama3.2:1b,stag_hunt,game_show,27,emotional,action_b,hunt_hare,action_a,,0,True,stag_hunt_game_show_var_27,results/evaluations/results_llama3.2_1b.csv,2154,action_b,hunt_hare,12ac5cf33dafb2d04c334fd45e25caa6e0322f5a47bbb8bab6e120305f9ed900
llama3.2:1b,stag_hunt,game_show,27,generic,action_b,hunt_hare,action_a,,0,True,stag_hunt_game_show_var_27,results/evaluations/results_llama3.2_1b.csv,2152,action_b,hunt_hare,5e2d47971a43bcbfb07ee7a3a4438681c508d9a5acf48c24f34c4f68c5019297
llama3.2:1b,stag_hunt,game_show,27,rational,action_b,hunt_hare,action_a,,0,True,stag_hunt_game_show_var_27,results/evaluations/results_llama3.2_1b.csv,2153,action_b,hunt_hare,7768b3044900119c0dd278246664eef9c94693e3ebd6b5552eea4238b0b01c9c
llama3.2:1b,stag_hunt,game_show,28,emotional,action_a,hunt_stag,action_a,,1,False,stag_hunt_game_show_var_28,results/evaluations/results_llama3.2_1b.csv,2157,action_a,hunt_stag,4418f6eba1686256968d700971124690f5e902ac90cebe56d083c2ef1b4fce23
llama3.2:1b,stag_hunt,game_show,28,generic,action_a,hunt_stag,action_a,,1,False,stag_hunt_game_show_var_28,results/evaluations/results_llama3.2_1b.csv,2155,action_a,hunt_stag,759fc649bda9dbced5976c81d57b8227c7d0073e89285359866b4758514dc0b9
llama3.2:1b,stag_hunt,game_show,28,rational,action_a,hunt_stag,action_a,,1,False,stag_hunt_game_show_var_28,results/evaluations/results_llama3.2_1b.csv,2156,action_a,hunt_stag,3a09e8788b8cfddb28eaae444442151ce8e946506f161866e748ec161686f83d
llama3.2:1b,stag_hunt,game_show,29,emotional,action_b,hunt_hare,action_a,,0,True,stag_hunt_game_show_var_29,results/evaluations/results_llama3.2_1b.csv,2160,action_b,hunt_hare,affffe4de3e852649bd18e7462b881585a6cd1d0d3ac89fc25b8c5598e9990ea
llama3.2:1b,stag_hunt,game_show,29,generic,action_b,hunt_hare,action_a,,0,True,stag_hunt_game_show_var_29,results/evaluations/results_llama3.2_1b.csv,2158,action_b,hunt_hare,da830605e449b221580a0d49d6873b90fc7efc202012727c46a0f5f1edfe232b
llama3.2:1b,stag_hunt,game_show,29,rational,action_b,hunt_hare,action_a,,0,True,stag_hunt_game_show_var_29,results/evaluations/results_llama3.2_1b.csv,2159,action_b,hunt_hare,82c048d8335ca84d0630869122baef1015713711406fc5e6e72252d16d4b7b59
llama3.2:1b,stag_hunt,game_show,3,emotional,action_b,hunt_hare,action_a,,0,True,stag_hunt_game_show_var_3,results/evaluations/results_llama3.2_1b.csv,2082,action_b,hunt_hare,2a082cc0bc4865a97d7b41837de91d593cc23e9dff0fbbcc58680ac3020739ea
llama3.2:1b,stag_hunt,game_show,3,generic,action_b,hunt_hare,action_a,,0,True,stag_hunt_game_show_var_3,results/evaluations/results_llama3.2_1b.csv,2080,action_b,hunt_hare,68021896141a334237f0c36378b8afdc1b11796bd95b479c6bae15bb070148c0
llama3.2:1b,stag_hunt,game_show,3,rational,action_b,hunt_hare,action_a,,0,True,stag_hunt_game_show_var_3,results/evaluations/results_llama3.2_1b.csv,2081,action_b,hunt_hare,667679ae709aa007d72ee4630f7521779ce963ebe58b877252a0b892c26c9a20
llama3.2:1b,stag_hunt,game_show,4,emotional,action_a,hunt_stag,action_a,,1,False,stag_hunt_game_show_var_4,results/evaluations/results_llama3.2_1b.csv,2085,action_a,hunt_stag,794078bf8f7e510a85355a513e5fb44ab2b78bf00921a8733559e8510db52d71
llama3.2:1b,stag_hunt,game_show,4,generic,action_a,hunt_stag,action_a,,1,False,stag_hunt_game_show_var_4,results/evaluations/results_llama3.2_1b.csv,2083,action_a,hunt_stag,de7bc9a1b406c3a5eee862599eda6ad85a1d78145fd21de5b28cd90335447b61
llama3.2:1b,stag_hunt,game_show,4,rational,action_a,hunt_stag,action_a,,1,False,stag_hunt_game_show_var_4,results/evaluations/results_llama3.2_1b.csv,2084,action_a,hunt_stag,a5a424e09d07f90597c2f3907ffdd0b124be420508edb76e6f0cc616137d7d31
llama3.2:1b,stag_hunt,game_show,5,emotional,action_b,hunt_hare,action_a,,0,True,stag_hunt_game_show_var_5,results/evaluations/results_llama3.2_1b.csv,2088,action_b,hunt_hare,c00d73f5e9076baf37c92928ee403cd0ec90d06e8d33352ce28d861f461986cf
llama3.2:1b,stag_hunt,game_show,5,generic,action_b,hunt_hare,action_a,,0,True,stag_hunt_game_show_var_5,results/evaluations/results_llama3.2_1b.csv,2086,action_b,hunt_hare,817f0a6a761d3299db0bda1cd7a2195f4ee6e6523f43814c2883a0e0a538d70f
llama3.2:1b,stag_hunt,game_show,5,rational,action_b,hunt_hare,action_a,,0,True,stag_hunt_game_show_var_5,results/evaluations/results_llama3.2_1b.csv,2087,action_b,hunt_hare,1e79ca93ead4909b87115d2d315fbe3d6459d71b556808849fa7d9116bf5f9a5
llama3.2:1b,stag_hunt,game_show,6,emotional,action_a,hunt_stag,action_a,,1,False,stag_hunt_game_show_var_6,results/evaluations/results_llama3.2_1b.csv,2091,action_a,hunt_stag,81ef1359e4d4002d9b2591a53e322f792b68ed388ddb14c7a72b8289e81d4585
llama3.2:1b,stag_hunt,game_show,6,generic,action_a,hunt_stag,action_a,,1,False,stag_hunt_game_show_var_6,results/evaluations/results_llama3.2_1b.csv,2089,action_a,hunt_stag,02bbc1bb1c853b6a096a72c1bdee44c55d3d69b22f4496b27eeb6dca549dea27
llama3.2:1b,stag_hunt,game_show,6,rational,action_a,hunt_stag,action_a,,1,False,stag_hunt_game_show_var_6,results/evaluations/results_llama3.2_1b.csv,2090,action_a,hunt_stag,88fc9b5f9085b784430112415d29a38ebf9a5c39ff43a82aa23b0ceae6029a4e
llama3.2:1b,stag_hunt,game_show,7,emotional,action_b,hunt_hare,action_a,,0,True,stag_hunt_game_show_var_7,results/evaluations/results_llama3.2_1b.csv,2094,action_b,hunt_hare,18a8b704ea621771580a746ffb5ca05ebe7c63c3adfd47d7a1820005637552e6
llama3.2:1b,stag_hunt,game_show,7,generic,action_b,hunt_hare,action_a,,0,True,stag_hunt_game_show_var_7,results/evaluations/results_llama3.2_1b.csv,2092,action_b,hunt_hare,6743dbeb1f817a7338cd241ea3396930ef010e656010491a28737f1ccf554331
llama3.2:1b,stag_hunt,game_show,7,rational,action_b,hunt_hare,action_a,,0,True,stag_hunt_game_show_var_7,results/evaluations/results_llama3.2_1b.csv,2093,action_b,hunt_hare,b30c3b19cc827f7bfebcc81afff750106ee69d34a740cd60ed803f91c2cbc0ba
llama3.2:1b,stag_hunt,game_show,8,emotional,action_a,hunt_stag,action_a,,1,False,stag_hunt_game_show_var_8,results/evaluations/results_llama3.2_1b.csv,2097,action_a,hunt_stag,d82a0aa25a56ebacdd08c216d436eda01199fdb51021ba48bb82b4c4f34658e3
llama3.2:1b,stag_hunt,game_show,8,generic,action_a,hunt_stag,action_a,,1,False,stag_hunt_game_show_var_8,results/evaluations/results_llama3.2_1b.csv,2095,action_a,hunt_stag,532afe1b25fd1bd591406a7a43d59e39c28dc6c0aee7db9ca57e026d77011180
llama3.2:1b,stag_hunt,game_show,8,rational,action_a,hunt_stag,action_a,,1,False,stag_hunt_game_show_var_8,results/evaluations/results_llama3.2_1b.csv,2096,action_a,hunt_stag,49905d5b860dd7ba3bd96a94fbd11272c44bd2783c46b6734157bdef5a3c9893
llama3.2:1b,stag_hunt,game_show,9,emotional,action_b,hunt_hare,action_a,,0,True,stag_hunt_game_show_var_9,results/evaluations/results_llama3.2_1b.csv,2100,action_b,hunt_hare,81a48be81db484f0ffe67ff9d0ff3ecf79b0bd5b1361f6add047939ce15d2358
llama3.2:1b,stag_hunt,game_show,9,generic,action_b,hunt_hare,action_a,,0,True,stag_hunt_game_show_var_9,results/evaluations/results_llama3.2_1b.csv,2098,action_b,hunt_hare,57279b5b493ec0c70cd50559b8fa6867f02e3b3a4db4bedfb269b3ece922a85c
llama3.2:1b,stag_hunt,game_show,9,rational,action_b,hunt_hare,action_a,,0,True,stag_hunt_game_show_var_9,results/evaluations/results_llama3.2_1b.csv,2099,action_b,hunt_hare,162469d524cb40707f82d2bf2dd537ac42fbcb0d71d57ff57f441c3d4f2943ef
llama3.2:1b,stag_hunt,war,0,emotional,action_a,hunt_stag,action_a,,1,False,stag_hunt_war_var_0,results/evaluations/results_llama3.2_1b.csv,2163,action_a,hunt_stag,ddde1a12e29fe71b843b5fd8b87c902e8cae2e8a1dca7e0f872dc8e96d8cfaa8
llama3.2:1b,stag_hunt,war,0,generic,action_a,hunt_stag,action_a,,1,False,stag_hunt_war_var_0,results/evaluations/results_llama3.2_1b.csv,2161,action_a,hunt_stag,8fd8f632c4b5c61410bfd88dbd9a2af47a9217c66b5078299b239cc44c2a9652
llama3.2:1b,stag_hunt,war,0,rational,action_a,hunt_stag,action_a,,1,False,stag_hunt_war_var_0,results/evaluations/results_llama3.2_1b.csv,2162,action_a,hunt_stag,bd0643d0c921f08f90ea68c5af3713cd76981568116a89d40a7f135dca0e332f
llama3.2:1b,stag_hunt,war,1,emotional,action_b,hunt_hare,action_a,,0,True,stag_hunt_war_var_1,results/evaluations/results_llama3.2_1b.csv,2166,action_b,hunt_hare,4735c0b5e000ecb7299855f5634f370b1858753417cd358decdceede8020a271
llama3.2:1b,stag_hunt,war,1,generic,action_b,hunt_hare,action_a,,0,True,stag_hunt_war_var_1,results/evaluations/results_llama3.2_1b.csv,2164,action_b,hunt_hare,fd954321ac2691b87f073616f2f87d0628e6750bfa8d79b2f8dcf9369bc49f8c
llama3.2:1b,stag_hunt,war,1,rational,action_b,hunt_hare,action_a,,0,True,stag_hunt_war_var_1,results/evaluations/results_llama3.2_1b.csv,2165,action_b,hunt_hare,5e87d9e3acaae3e7838f012180728b5a91157a2caa31211603a730341ae0f0d4
llama3.2:1b,stag_hunt,war,10,emotional,action_a,hunt_stag,action_a,,1,False,stag_hunt_war_var_10,results/evaluations/results_llama3.2_1b.csv,2193,action_a,hunt_stag,0c63f6d37b0875e12d631880600c07bd32d779066c29e2fdba7325f5c540a3cf
llama3.2:1b,stag_hunt,war,10,generic,action_a,hunt_stag,action_a,,1,False,stag_hunt_war_var_10,results/evaluations/results_llama3.2_1b.csv,2191,action_a,hunt_stag,6668f7af478c189b3dfeb12c4edc9ca89dc108097e18b7ceca5ee0ea96b696e4
llama3.2:1b,stag_hunt,war,10,rational,action_a,hunt_stag,action_a,,1,False,stag_hunt_war_var_10,results/evaluations/results_llama3.2_1b.csv,2192,action_a,hunt_stag,e1ab96f314395d86eebfdf13cf469530ddd42328225ee419de825888b8241d0d
llama3.2:1b,stag_hunt,war,11,emotional,action_b,hunt_hare,action_a,,0,True,stag_hunt_war_var_11,results/evaluations/results_llama3.2_1b.csv,2196,action_b,hunt_hare,ee39452368aae5c769e5be6551b0a47edd451e1491a416f9ddf902668f5b9751
llama3.2:1b,stag_hunt,war,11,generic,action_b,hunt_hare,action_a,,0,True,stag_hunt_war_var_11,results/evaluations/results_llama3.2_1b.csv,2194,action_b,hunt_hare,404c00d3220883792f8c164a2fd6a7fd36c47aceae87c588c7ed519561f587de
llama3.2:1b,stag_hunt,war,11,rational,action_b,hunt_hare,action_a,,0,True,stag_hunt_war_var_11,results/evaluations/results_llama3.2_1b.csv,2195,action_b,hunt_hare,92a7b4cce9524b477dc96f523c263ad2f27fb923b19a03e3aa12dbd56f0341c2
llama3.2:1b,stag_hunt,war,12,emotional,action_a,hunt_stag,action_a,,1,False,stag_hunt_war_var_12,results/evaluations/results_llama3.2_1b.csv,2199,action_a,hunt_stag,75102a8ddaf06fa155c40fc7ef7365a5936ca19cfd1da5b844b2a34da3b8f2b2
llama3.2:1b,stag_hunt,war,12,generic,action_a,hunt_stag,action_a,,1,False,stag_hunt_war_var_12,results/evaluations/results_llama3.2_1b.csv,2197,action_a,hunt_stag,58e3028d341376e4161a5b1553388640090b8ef423b1ba61c2d8aa43e36dc0ee
llama3.2:1b,stag_hunt,war,12,rational,action_a,hunt_stag,action_a,,1,False,stag_hunt_war_var_12,results/evaluations/results_llama3.2_1b.csv,2198,action_a,hunt_stag,019caca6388e1520cbc2f030f0e555597b5d78e0db1fc44748433d4c2f7149ee
llama3.2:1b,stag_hunt,war,13,emotional,action_b,hunt_hare,action_a,,0,True,stag_hunt_war_var_13,results/evaluations/results_llama3.2_1b.csv,2202,action_b,hunt_hare,2d9a2addba25d671571335bb9383741cb5c82c678622703fd7ef91618ed5691b
llama3.2:1b,stag_hunt,war,13,generic,action_b,hunt_hare,action_a,,0,True,stag_hunt_war_var_13,results/evaluations/results_llama3.2_1b.csv,2200,action_b,hunt_hare,a98312b1f7ab2b45a5253f4b525062e282900e637a6990e6a8b171e11571f606
llama3.2:1b,stag_hunt,war,13,rational,action_b,hunt_hare,action_a,,0,True,stag_hunt_war_var_13,results/evaluations/results_llama3.2_1b.csv,2201,action_b,hunt_hare,c48ce13c8d090aa847a7f9b8f5bb23f0e54c782276e4f38b31d03dca2042bfe6
llama3.2:1b,stag_hunt,war,14,emotional,action_a,hunt_stag,action_a,,1,False,stag_hunt_war_var_14,results/evaluations/results_llama3.2_1b.csv,2205,action_a,hunt_stag,502012e7df31053d02160cb4b5c57d2ba92d62da7b223e3ab847891d48d5b41d
llama3.2:1b,stag_hunt,war,14,generic,action_a,hunt_stag,action_a,,1,False,stag_hunt_war_var_14,results/evaluations/results_llama3.2_1b.csv,2203,action_a,hunt_stag,64f6490646b73dbda48d9f147bbb7818e68b8cf6d0c21d61340cdd1bb1a24d5f
llama3.2:1b,stag_hunt,war,14,rational,action_a,hunt_stag,action_a,,1,False,stag_hunt_war_var_14,results/evaluations/results_llama3.2_1b.csv,2204,action_a,hunt_stag,fa049a71750d41ebb98fe155d8406f68a60b1c3ac9f8d7e51ff9dc13ab42a726
llama3.2:1b,stag_hunt,war,15,emotional,action_b,hunt_hare,action_a,,0,True,stag_hunt_war_var_15,results/evaluations/results_llama3.2_1b.csv,2208,action_b,hunt_hare,aee79280928813b1d8ef0254e76503af867b53edbee6c2f3cdf4380b70530534
llama3.2:1b,stag_hunt,war,15,generic,action_b,hunt_hare,action_a,,0,True,stag_hunt_war_var_15,results/evaluations/results_llama3.2_1b.csv,2206,action_b,hunt_hare,f4708d68ef6cae54bc2a5769ce04f28992b2160c0ca203f42e623b5d599e0b94
llama3.2:1b,stag_hunt,war,15,rational,action_b,hunt_hare,action_a,,0,True,stag_hunt_war_var_15,results/evaluations/results_llama3.2_1b.csv,2207,action_b,hunt_hare,23c7efaacaa13989527f3be03a826d7fa04ff9cb398ed0ff1feb75b572698092
llama3.2:1b,stag_hunt,war,16,emotional,action_a,hunt_stag,action_a,,1,False,stag_hunt_war_var_16,results/evaluations/results_llama3.2_1b.csv,2211,action_a,hunt_stag,edbcd92db5e239fc0c4a8f39c03a3c9ae5d415c53381bb753eb473194315ce49
llama3.2:1b,stag_hunt,war,16,generic,action_a,hunt_stag,action_a,,1,False,stag_hunt_war_var_16,results/evaluations/results_llama3.2_1b.csv,2209,action_a,hunt_stag,565456e7ccc485891cc04bbdd2f760fac85ff423e727585222268c954971a32e
llama3.2:1b,stag_hunt,war,16,rational,action_a,hunt_stag,action_a,,1,False,stag_hunt_war_var_16,results/evaluations/results_llama3.2_1b.csv,2210,action_a,hunt_stag,5ce775767de6907ab339adec971545f52bc95cfe3b7369b9bf44c840ce91d4ac
llama3.2:1b,stag_hunt,war,17,emotional,action_b,hunt_hare,action_a,,0,True,stag_hunt_war_var_17,results/evaluations/results_llama3.2_1b.csv,2214,action_b,hunt_hare,1a3c1fc0413c3d078fe79568513d177f47b333239e5970b0f934da7e269d7cc7
llama3.2:1b,stag_hunt,war,17,generic,action_b,hunt_hare,action_a,,0,True,stag_hunt_war_var_17,results/evaluations/results_llama3.2_1b.csv,2212,action_b,hunt_hare,cad561dc1c3fda35fe4d3a3571b1f42e67adc4580f0f2c2c05e954a404b11df4
llama3.2:1b,stag_hunt,war,17,rational,action_b,hunt_hare,action_a,,0,True,stag_hunt_war_var_17,results/evaluations/results_llama3.2_1b.csv,2213,action_b,hunt_hare,f552f8467e5fee991a3c920f76bf7004c1e728aa4379ebd7a1a2ccba7e2a5d54
llama3.2:1b,stag_hunt,war,18,emotional,action_a,hunt_stag,action_a,,1,False,stag_hunt_war_var_18,results/evaluations/results_llama3.2_1b.csv,2217,action_a,hunt_stag,90021c4fa0e343779d4f701749a880258e2f00e8b14da35db96b5fa1917860ae
llama3.2:1b,stag_hunt,war,18,generic,action_a,hunt_stag,action_a,,1,False,stag_hunt_war_var_18,results/evaluations/results_llama3.2_1b.csv,2215,action_a,hunt_stag,d57938650388a706ad0de877e5c6b258eb502de8b124bab811746fe11f5f05ed
llama3.2:1b,stag_hunt,war,18,rational,action_a,hunt_stag,action_a,,1,False,stag_hunt_war_var_18,results/evaluations/results_llama3.2_1b.csv,2216,action_a,hunt_stag,e51619c0d1d753e1b393bb8982170a37f825eb14525d5305fa07556030707e1b
llama3.2:1b,stag_hunt,war,19,emotional,action_b,hunt_hare,action_a,,0,True,stag_hunt_war_var_19,results/evaluations/results_llama3.2_1b.csv,2220,action_b,hunt_hare,0c161f04f86970dafe4ba4fca7c03a52fbefbbe47d18cd40d87397dff87f0a2b
llama3.2:1b,stag_hunt,war,19,generic,action_b,hunt_hare,action_a,,0,True,stag_hunt_war_var_19,results/evaluations/results_llama3.2_1b.csv,2218,action_b,hunt_hare,aa290e67e48cdb46f730f6d1b9b78a404d95af8679058086a5a9370084684acd
llama3.2:1b,stag_hunt,war,19,rational,action_b,hunt_hare,action_a,,0,True,stag_hunt_war_var_19,results/evaluations/results_llama3.2_1b.csv,2219,action_b,hunt_hare,eb686a641ec1b2b8457de6571927499bba7dbb61a7f44a9c7f3d85df3ecbb2d3
llama3.2:1b,stag_hunt,war,2,emotional,action_a,hunt_stag,action_a,,1,False,stag_hunt_war_var_2,results/evaluations/results_llama3.2_1b.csv,2169,action_a,hunt_stag,d72fcffba36fba0410b00b993a38afc6e7ecbf72ac72793c0f937d7510dd6a11
llama3.2:1b,stag_hunt,war,2,generic,action_a,hunt_stag,action_a,,1,False,stag_hunt_war_var_2,results/evaluations/results_llama3.2_1b.csv,2167,action_a,hunt_stag,54d3890af9fb17c6855a9b6b663e9684da90e2f31a8628d3a6424f2520e79663
llama3.2:1b,stag_hunt,war,2,rational,action_a,hunt_stag,action_a,,1,False,stag_hunt_war_var_2,results/evaluations/results_llama3.2_1b.csv,2168,action_a,hunt_stag,12860e1c2abe96cf49388b92325fbc0857942b018d677b9e0e9c6f195a549f92
llama3.2:1b,stag_hunt,war,20,emotional,action_a,hunt_stag,action_a,,1,False,stag_hunt_war_var_20,results/evaluations/results_llama3.2_1b.csv,2223,action_a,hunt_stag,5aa15a6ceb0d2cf45f9fc854ea5235e1901aae81cf30a58ae6ead94471039964
llama3.2:1b,stag_hunt,war,20,generic,action_a,hunt_stag,action_a,,1,False,stag_hunt_war_var_20,results/evaluations/results_llama3.2_1b.csv,2221,action_a,hunt_stag,94eff74c1ef4ed44552273099b5c85ce8c4fdde5fc558f6df52e8f2f7e3b241e
llama3.2:1b,stag_hunt,war,20,rational,action_a,hunt_stag,action_a,,1,False,stag_hunt_war_var_20,results/evaluations/results_llama3.2_1b.csv,2222,action_a,hunt_stag,8cf44b9b82ceeed69acf8c2ef6360ab2836ab5ef148de7594386018543127791
llama3.2:1b,stag_hunt,war,21,emotional,action_b,hunt_hare,action_a,,0,True,stag_hunt_war_var_21,results/evaluations/results_llama3.2_1b.csv,2226,action_b,hunt_hare,12a5e2948ba54763c45a53856d64e53d3ae4e2e0f8dbe16b494a98ddaa8d920e
llama3.2:1b,stag_hunt,war,21,generic,action_b,hunt_hare,action_a,,0,True,stag_hunt_war_var_21,results/evaluations/results_llama3.2_1b.csv,2224,action_b,hunt_hare,c979ae097b69b4e94490dda124a925309c9a5cc25dbebe2f18bc2afb3d95b24d
llama3.2:1b,stag_hunt,war,21,rational,action_b,hunt_hare,action_a,,0,True,stag_hunt_war_var_21,results/evaluations/results_llama3.2_1b.csv,2225,action_b,hunt_hare,b2031f3d6d0a7f5aec44e38fd7f855b210ea400b951bd793e40d84e32fd81495
llama3.2:1b,stag_hunt,war,22,emotional,action_a,hunt_stag,action_a,,1,False,stag_hunt_war_var_22,results/evaluations/results_llama3.2_1b.csv,2229,action_a,hunt_stag,01592014878cd43e1122dd64ee4c58e3133b60dbd3976282f39e63f9928a716a
llama3.2:1b,stag_hunt,war,22,generic,action_a,hunt_stag,action_a,,1,False,stag_hunt_war_var_22,results/evaluations/results_llama3.2_1b.csv,2227,action_a,hunt_stag,ddcc9332a9e34a7c214be5a2832f2bc4f58714725f5f1c068f1632945216c9e4
llama3.2:1b,stag_hunt,war,22,rational,action_a,hunt_stag,action_a,,1,False,stag_hunt_war_var_22,results/evaluations/results_llama3.2_1b.csv,2228,action_a,hunt_stag,e1ac4492ffb97b0af252195f6ec41580bd6c740a06674681dbebb65b6d591597
llama3.2:1b,stag_hunt,war,23,emotional,action_b,hunt_hare,action_a,,0,True,stag_hunt_war_var_23,results/evaluations/results_llama3.2_1b.csv,2232,action_b,hunt_hare,1855d9d5aeae93ca41430e9cfeb05aa1e93bae3e661fdd39b10512093f6a8cd1
llama3.2:1b,stag_hunt,war,23,generic,action_b,hunt_hare,action_a,,0,True,stag_hunt_war_var_23,results/evaluations/results_llama3.2_1b.csv,2230,action_b,hunt_hare,f83931282601d903d62e417b6762be085adae53b7f6b309c8ace213aabc1ad19
llama3.2:1b,stag_hunt,war,23,rational,action_b,hunt_hare,action_a,,0,True,stag_hunt_war_var_23,results/evaluations/results_llama3.2_1b.csv,2231,action_b,hunt_hare,a09655f78b530c16673ed3734de1d2b21b8560e5626b6a749640c27df2514049
llama3.2:1b,stag_hunt,war,24,emotional,action_a,hunt_stag,action_a,,1,False,stag_hunt_war_var_24,results/evaluations/results_llama3.2_1b.csv,2235,action_a,hunt_stag,3fbb8fda0da7182a170fc00bbeadd55eca2b0ae310b97c7a62c39a4e81809103
llama3.2:1b,stag_hunt,war,24,generic,action_a,hunt_stag,action_a,,1,False,stag_hunt_war_var_24,results/evaluations/results_llama3.2_1b.csv,2233,action_a,hunt_stag,3eb487c2481fa02cdfb750ed2dfee92a4f1bc1d8f8a766ad8d7716e5240ffcd0
llama3.2:1b,stag_hunt,war,24,rational,action_a,hunt_stag,action_a,,1,False,stag_hunt_war_var_24,results/evaluations/results_llama3.2_1b.csv,2234,action_a,hunt_stag,a33a58a81440a85cb49d295b8c8ecdcc2b801e8d1ecda93d2a9f9543c024b6b5
llama3.2:1b,stag_hunt,war,25,emotional,action_b,hunt_hare,action_a,,0,True,stag_hunt_war_var_25,results/evaluations/results_llama3.2_1b.csv,2238,action_b,hunt_hare,f55b29d9b09b0d4c9215790d29a38ae4738163f38fbb2f4df5a081c4461bb9ec
llama3.2:1b,stag_hunt,war,25,generic,action_b,hunt_hare,action_a,,0,True,stag_hunt_war_var_25,results/evaluations/results_llama3.2_1b.csv,2236,action_b,hunt_hare,69ec5179b86f19f2d01b7916744fb70c4852e3b84d988d9cb49c1faabb016510
llama3.2:1b,stag_hunt,war,25,rational,action_b,hunt_hare,action_a,,0,True,stag_hunt_war_var_25,results/evaluations/results_llama3.2_1b.csv,2237,action_b,hunt_hare,41caf5f2e0ea0a74d8ef82b6d24ac91a730722eadaa8f608242f62955e7d8c50
llama3.2:1b,stag_hunt,war,26,emotional,action_a,hunt_stag,action_a,,1,False,stag_hunt_war_var_26,results/evaluations/results_llama3.2_1b.csv,2241,action_a,hunt_stag,6c884015d3db2431ef9e432c1f30b77d1a27893ac86b99eb2448bc43778824e2
llama3.2:1b,stag_hunt,war,26,generic,action_a,hunt_stag,action_a,,1,False,stag_hunt_war_var_26,results/evaluations/results_llama3.2_1b.csv,2239,action_a,hunt_stag,bbabed595cdbdf225cac8d3d35e3436ea61709c5fc9ad7f91aaf55a7b483e29c
llama3.2:1b,stag_hunt,war,26,rational,action_a,hunt_stag,action_a,,1,False,stag_hunt_war_var_26,results/evaluations/results_llama3.2_1b.csv,2240,action_a,hunt_stag,c654898f4ba4ee2d9784e4df64fb08423b836ed8d02a6542951152ca2b75040c
llama3.2:1b,stag_hunt,war,27,emotional,action_b,hunt_hare,action_a,,0,True,stag_hunt_war_var_27,results/evaluations/results_llama3.2_1b.csv,2244,action_b,hunt_hare,0028ab3f65d32d08733713459e2171ea02f47d935d2eb17ec75864e9cb20f40c
llama3.2:1b,stag_hunt,war,27,generic,action_b,hunt_hare,action_a,,0,True,stag_hunt_war_var_27,results/evaluations/results_llama3.2_1b.csv,2242,action_b,hunt_hare,17b9e734d71f9ee3ba9e919ca7e89adde1191c9dfe4d50b242e1bc2ddb69fdfc
llama3.2:1b,stag_hunt,war,27,rational,action_b,hunt_hare,action_a,,0,True,stag_hunt_war_var_27,results/evaluations/results_llama3.2_1b.csv,2243,action_b,hunt_hare,74d0684d83a28c20933682b60fba8e3d9bc5c87ce167011ae6bb7a629b09c163
llama3.2:1b,stag_hunt,war,28,emotional,action_a,hunt_stag,action_a,,1,False,stag_hunt_war_var_28,results/evaluations/results_llama3.2_1b.csv,2247,action_a,hunt_stag,053bc09d32c8ad49be869420d91657fc1cac4c9a29b2e3d46271ff2f1df7715c
llama3.2:1b,stag_hunt,war,28,generic,action_a,hunt_stag,action_a,,1,False,stag_hunt_war_var_28,results/evaluations/results_llama3.2_1b.csv,2245,action_a,hunt_stag,afe418ed6a65191a10e337570a26c40aa8a2d25371cb657170c05b7ae0530389
llama3.2:1b,stag_hunt,war,28,rational,action_a,hunt_stag,action_a,,1,False,stag_hunt_war_var_28,results/evaluations/results_llama3.2_1b.csv,2246,action_a,hunt_stag,15969122a209c3eee888727ba20d4cc43af8d28e27d84c17dd89bbe1c678e62f
llama3.2:1b,stag_hunt,war,29,emotional,action_b,hunt_hare,action_a,,0,True,stag_hunt_war_var_29,results/evaluations/results_llama3.2_1b.csv,2250,action_b,hunt_hare,f422ee2ebeaf845fdb0ee636016efb0608230cb60acc7cf98af7df190080dd66
llama3.2:1b,stag_hunt,war,29,generic,action_b,hunt_hare,action_a,,0,True,stag_hunt_war_var_29,results/evaluations/results_llama3.2_1b.csv,2248,action_b,hunt_hare,ff935616140c80c83d6e70fbea03ecb1daa2bdc014f4569737808541f556ceba
llama3.2:1b,stag_hunt,war,29,rational,action_b,hunt_hare,action_a,,0,True,stag_hunt_war_var_29,results/evaluations/results_llama3.2_1b.csv,2249,action_b,hunt_hare,03e01803a79e9aa914146f58e9eb1d121a958972861119ee920043408504c1d1
llama3.2:1b,stag_hunt,war,3,emotional,action_b,hunt_hare,action_a,,0,True,stag_hunt_war_var_3,results/evaluations/results_llama3.2_1b.csv,2172,action_b,hunt_hare,19c3d4cc6def21bc0451deca4b0b8838ce7aaeed7882b70ebc151a98c321aa8a
llama3.2:1b,stag_hunt,war,3,generic,action_b,hunt_hare,action_a,,0,True,stag_hunt_war_var_3,results/evaluations/results_llama3.2_1b.csv,2170,action_b,hunt_hare,6306525a0eed4fc820dc3409c51dc3562c288595c0b493142df61393d07145a0
llama3.2:1b,stag_hunt,war,3,rational,action_b,hunt_hare,action_a,,0,True,stag_hunt_war_var_3,results/evaluations/results_llama3.2_1b.csv,2171,action_b,hunt_hare,3662d3d9505d97d00fc59a8689e2969d23cf5f3ee34f56572a6a49c2cf248eef
llama3.2:1b,stag_hunt,war,4,emotional,action_a,hunt_stag,action_a,,1,False,stag_hunt_war_var_4,results/evaluations/results_llama3.2_1b.csv,2175,action_a,hunt_stag,c668aed2a492b44cb99b9b43eff78e5195644fe731211b9e3eeeb0e49ae1438e
llama3.2:1b,stag_hunt,war,4,generic,action_a,hunt_stag,action_a,,1,False,stag_hunt_war_var_4,results/evaluations/results_llama3.2_1b.csv,2173,action_a,hunt_stag,89eb736dcc5ca53be96939f0ae87a8b3b9a53b36be868dda7cd99038b3a9399f
llama3.2:1b,stag_hunt,war,4,rational,action_a,hunt_stag,action_a,,1,False,stag_hunt_war_var_4,results/evaluations/results_llama3.2_1b.csv,2174,action_a,hunt_stag,a9731b988ac59fa88bbdb2484bc878b4afa9023077c647beb1fb777da202a9f6
llama3.2:1b,stag_hunt,war,5,emotional,action_b,hunt_hare,action_a,,0,True,stag_hunt_war_var_5,results/evaluations/results_llama3.2_1b.csv,2178,action_b,hunt_hare,62d4f12db22b300882ca293e1a8734662a8467f840e941945c4dee2e91e95305
llama3.2:1b,stag_hunt,war,5,generic,action_b,hunt_hare,action_a,,0,True,stag_hunt_war_var_5,results/evaluations/results_llama3.2_1b.csv,2176,action_b,hunt_hare,115ab28b81d10227e1b83ea65e8f775aad62695aedf752ff15e14d011c047d03
llama3.2:1b,stag_hunt,war,5,rational,action_b,hunt_hare,action_a,,0,True,stag_hunt_war_var_5,results/evaluations/results_llama3.2_1b.csv,2177,action_b,hunt_hare,d9077f04aaa5a0c4baaabba64054a20c13368eaacd94e38af0a637451ad4e0af
llama3.2:1b,stag_hunt,war,6,emotional,action_a,hunt_stag,action_a,,1,False,stag_hunt_war_var_6,results/evaluations/results_llama3.2_1b.csv,2181,action_a,hunt_stag,36c9599de936a071a2bc526de1f9323b62a92103832517bdcdc0a77f0fe7ec9a
llama3.2:1b,stag_hunt,war,6,generic,action_a,hunt_stag,action_a,,1,False,stag_hunt_war_var_6,results/evaluations/results_llama3.2_1b.csv,2179,action_a,hunt_stag,86f0d14118fbfacc4954f16774461defc36a85d4f7c47944b60b9a11d5894047
llama3.2:1b,stag_hunt,war,6,rational,action_a,hunt_stag,action_a,,1,False,stag_hunt_war_var_6,results/evaluations/results_llama3.2_1b.csv,2180,action_a,hunt_stag,b48af45381219805ab61bb6fb024ec126f3674e2962edb7469fcd2708d31d60b
llama3.2:1b,stag_hunt,war,7,emotional,action_b,hunt_hare,action_a,,0,True,stag_hunt_war_var_7,results/evaluations/results_llama3.2_1b.csv,2184,action_b,hunt_hare,060741f03b67b02b75acef68fdc6a192219c6d373b61a8e662d41ad58794de69
llama3.2:1b,stag_hunt,war,7,generic,action_b,hunt_hare,action_a,,0,True,stag_hunt_war_var_7,results/evaluations/results_llama3.2_1b.csv,2182,action_b,hunt_hare,01794b00adff7b42ea676989c1d5f5842bc838eccd2862816b96707f722de6d6
llama3.2:1b,stag_hunt,war,7,rational,action_b,hunt_hare,action_a,,0,True,stag_hunt_war_var_7,results/evaluations/results_llama3.2_1b.csv,2183,action_b,hunt_hare,9aece1c071a4b1fbcd38817cce48dbe0d7a96a5d86e5e4fdd4b0dc167534ee42
llama3.2:1b,stag_hunt,war,8,emotional,action_a,hunt_stag,action_a,,1,False,stag_hunt_war_var_8,results/evaluations/results_llama3.2_1b.csv,2187,action_a,hunt_stag,2f2d0583f5e4e96d75f76d6fe0621f8c739e819409d4e1726ce73eab2a2c2303
llama3.2:1b,stag_hunt,war,8,generic,action_a,hunt_stag,action_a,,1,False,stag_hunt_war_var_8,results/evaluations/results_llama3.2_1b.csv,2185,action_a,hunt_stag,f76d208afd1a8932271502fae17ea33e7c8bfaf991a4269ad3f044ad49d5d808
llama3.2:1b,stag_hunt,war,8,rational,action_a,hunt_stag,action_a,,1,False,stag_hunt_war_var_8,results/evaluations/results_llama3.2_1b.csv,2186,action_a,hunt_stag,f7e1497e358f991c4dae5b3119f3ee43183f3ee70f208d732231232249b58d2e
llama3.2:1b,stag_hunt,war,9,emotional,action_b,hunt_hare,action_a,,0,True,stag_hunt_war_var_9,results/evaluations/results_llama3.2_1b.csv,2190,action_b,hunt_hare,dc28166ad18e5884999b9aab2125465f496e45f3fb848e41803ffe63bb4aedae
llama3.2:1b,stag_hunt,war,9,generic,action_b,hunt_hare,action_a,,0,True,stag_hunt_war_var_9,results/evaluations/results_llama3.2_1b.csv,2188,action_b,hunt_hare,d98cc162080ae3a0cf30cfee6d26ea61fcc65043c07bdc52a262c3eb885dd7b8
llama3.2:1b,stag_hunt,war,9,rational,action_b,hunt_hare,action_a,,0,True,stag_hunt_war_var_9,results/evaluations/results_llama3.2_1b.csv,2189,action_b,hunt_hare,0ca98c0b0493d968988b30ced4dce777573fa4ab379ef2fb560c468ab7c7ea63
